dim,act_mean,act_var,act_std,act_skew,act_excess_kurtosis,act_q95_abs,act_q99_abs,act_max_abs,act_tail_ratio,recon_mean,recon_var,recon_std,recon_skew,recon_excess_kurtosis,recon_q95_abs,recon_q99_abs,recon_max_abs,recon_tail_ratio,var_delta,kurtosis_delta,tail_ratio_delta,abs_mean_delta
0,0.5116854,6.9733443,2.6407092,0.03536863,0.2250948,5.28125,7.25,12.8125,6.0307097,0.26582202,4.176477,2.043643,0.08253658,0.34153676,4.09375,5.625305,10.375,6.4186,-2.7968674,0.116441965,0.38789034,0.24586335
1,-0.39598048,6.350974,2.520114,-0.026462333,0.21381783,5.125,6.75,10.6875,5.3043222,-0.1327957,3.4890625,1.8679032,-0.041063905,0.2778604,3.71875,5.0625,8.5,5.761289,-2.8619115,0.06404257,0.45696688,0.2631848
2,-0.043766662,6.4224815,2.5342615,-0.013592496,0.21670699,5.0,6.8125,11.625,5.7999425,-0.03222057,3.7944942,1.9479462,-0.0059316233,0.25916338,3.8125,5.21875,9.5625,6.2171564,-2.6279874,0.04245639,0.41721392,0.011546094
3,-0.8096002,6.7541595,2.5988765,0.041958474,0.25817537,5.375,7.21875,12.375,5.733851,-0.44405034,3.834775,1.9582582,0.0775832,0.4318707,3.953888,5.46875,8.4375,5.3415475,-2.9193845,0.17369533,-0.39230347,0.36554983
4,-0.7724551,5.8362203,2.415827,0.04922214,0.19253802,5.0,6.656555,10.5,5.2128687,-0.66740644,3.323234,1.822974,0.04741777,0.2640252,3.828125,5.0625,8.5,5.5103416,-2.5129862,0.07148719,0.29747295,0.10504866
5,-0.38110524,6.5644803,2.5621243,-0.016382655,0.15526056,5.125,6.844055,12.1875,5.924884,-0.19696642,3.9329655,1.9831706,-0.01368969,0.26184964,3.96875,5.34375,9.0625,5.772792,-2.6315148,0.10658908,-0.15209198,0.18413882
6,0.20688808,7.9144483,2.813263,-0.03044095,0.23376179,5.5625,7.5,13.375,5.991992,-0.04367787,4.814551,2.1942084,0.04750167,0.53082156,4.3125,5.937805,10.9375,6.3607435,-3.0998974,0.29705977,0.36875153,0.25056595
7,-0.56486464,13.1673765,3.628688,-0.07803105,0.39957142,7.375,9.875,15.8125,5.5208035,-0.61410373,11.004541,3.3173094,-0.047809284,0.5484257,6.78125,9.125,16.125,6.185356,-2.1628351,0.14885426,0.6645527,0.0492391
8,-0.4048888,6.1650987,2.4829617,0.05712585,0.24087477,5.0,6.6875,10.1875,5.115104,-0.40448394,3.5850434,1.893421,0.04768107,0.29393673,3.859375,5.15625,8.25,5.398121,-2.5800552,0.053061962,0.28301668,0.00040486455
9,0.49476007,7.232518,2.6893342,0.047557145,0.11539149,5.375,7.15625,11.5625,5.3343406,0.39211622,4.522544,2.1266274,0.014438227,0.2684195,4.28125,5.781555,8.625,5.049607,-2.7099743,0.15302801,-0.28473377,0.10264385
10,-1.2529588,6.829328,2.6132984,-0.019907484,0.22547269,5.71875,7.5625,12.625,5.4819465,-0.43274269,3.733175,1.9321426,-0.021564545,0.30127954,3.9375,5.3125,9.5625,6.1262465,-3.096153,0.075806856,0.6443,0.82021606
11,-0.0820552,6.667767,2.582202,-0.016911766,0.2665336,5.09375,6.875,11.5625,5.6723166,0.11899714,3.9563448,1.9890562,0.06936469,0.5966022,3.9375,5.5,9.75,6.254499,-2.7114222,0.3300686,0.5821824,0.20105234
12,-0.30131602,7.555886,2.7487972,0.0025529468,0.20110679,5.46875,7.3125,12.0625,5.5231133,-0.272298,4.875247,2.2079961,-0.023014955,0.29352093,4.439026,6.0,10.1875,5.824946,-2.6806388,0.09241414,0.30183268,0.029018015
13,0.089470804,6.575861,2.5643442,-0.08880139,0.11722398,5.0625,6.71875,10.9375,5.3729596,-0.016200708,3.9704325,1.9925944,-0.04197281,0.15269804,3.9375,5.25,9.6875,6.1249366,-2.6054285,0.035474062,0.75197697,0.10567151
14,-0.4107926,6.4400516,2.5377257,-0.053448662,0.32300472,5.125,6.812805,12.875,6.3812413,-0.29542652,3.5722601,1.8900424,-0.064490974,0.3974595,3.78125,5.1875,10.5625,7.022303,-2.8677914,0.074454784,0.6410618,0.11536607
15,-0.0006189331,6.065071,2.4627366,0.04772577,0.19872451,4.84375,6.46875,11.1875,5.7426715,0.49147344,3.5345352,1.880036,0.015381484,0.16264033,3.828125,5.09375,8.875,5.7492266,-2.530536,-0.036084175,0.0065550804,0.49209237
16,-0.63490295,8.614394,2.9350288,0.060743086,0.1823988,5.96875,7.90625,12.8125,5.370358,0.008787549,5.68552,2.3844328,0.091719076,0.3674507,4.75,6.5,11.5,6.139501,-2.928874,0.18505192,0.7691431,0.6436905
17,0.6066417,5.959714,2.4412525,-0.09635015,0.12757945,4.9375,6.500305,9.875,4.924698,0.43713945,3.3999367,1.8438917,-0.13567694,0.3466673,3.75,4.96875,9.75,6.488541,-2.5597773,0.21908784,1.5638433,0.16950226
18,1.472905,26.139492,5.1126795,-0.069920175,0.038856506,10.375,13.625,21.625,5.0816474,1.1432655,23.826418,4.8812313,-0.22053896,0.35584188,9.875,13.25,20.5,5.151663,-2.313074,0.31698537,0.07001543,0.32963955
19,-0.7368891,6.5127645,2.5520117,-0.014660939,0.19952703,5.251526,7.03125,11.375,5.4053683,-0.3438209,4.015414,2.0038497,0.053483874,0.42987084,4.0,5.5,9.875,6.179553,-2.4973502,0.23034382,0.7741847,0.39306822
20,0.32944706,6.670257,2.582684,-0.023486573,0.29170012,5.15625,6.96875,12.125,5.9065886,0.28349084,3.6439407,1.9089109,-0.014330275,0.30109882,3.8125,5.15625,8.75,5.7400384,-3.0263164,0.009398699,-0.16655016,0.045956224
21,-0.62102866,5.6466002,2.3762577,-0.016316092,0.21039343,4.875,6.46875,12.125,6.2404613,-0.69598675,3.2274845,1.7965201,0.104376085,0.6438601,3.8125,5.1875,8.625,5.6863103,-2.4191158,0.43346667,-0.55415106,0.074958086
22,0.12505749,6.733367,2.5948732,-0.02065866,0.18206,5.125,6.8125,11.3125,5.501388,-0.203731,3.6665027,1.9148114,-0.039095007,0.3771708,3.8125,5.21875,9.0,5.952038,-3.0668643,0.1951108,0.45064974,0.3287885
23,-0.55403125,7.3609767,2.7131119,-0.004443898,0.3308921,5.439026,7.40625,14.0,6.4009027,-0.6567776,4.767327,2.183421,0.04539065,0.4104457,4.46875,6.09375,11.4375,6.34436,-2.5936499,0.079553604,-0.056542873,0.10274637
24,0.4776542,7.004888,2.6466749,0.07015458,0.24340796,5.3125,7.21875,12.875,6.0659723,0.050104298,4.393889,2.0961604,0.1517392,0.43744826,4.21875,5.6875,9.625,5.8531322,-2.610999,0.1940403,-0.21284008,0.4275499
25,0.28653985,6.8324966,2.6139045,0.01899035,0.21283579,5.1875,6.96875,12.375,5.955479,0.2782279,3.9876235,1.9969034,0.0127224,0.29355025,3.984375,5.375,8.9375,5.6139193,-2.8448732,0.080714464,-0.3415599,0.008311957
26,-0.51411456,11.401053,3.3765445,-0.0035427536,0.19277859,6.75,9.0625,15.625,5.7759743,-0.74533606,7.980269,2.8249369,0.012708411,0.22312164,5.8125,7.8125,12.6875,5.48975,-3.4207845,0.030343056,-0.28622437,0.2312215
27,1.4546797,9.184615,3.030613,0.13244799,0.34039545,6.59375,8.8125,17.0,6.408507,1.3221895,6.3280334,2.5155582,0.15671209,0.5447619,5.59375,7.625,16.0,7.1501455,-2.8565817,0.20436645,0.74163866,0.13249028
28,0.30093974,6.986414,2.6431825,0.016968643,0.22302103,5.25,7.0625,12.125,5.770678,0.33995077,4.226639,2.055879,-0.035945874,0.29194117,4.125,5.5625,10.0,6.071745,-2.7597752,0.068920135,0.30106688,0.03901103
29,0.21589136,6.7227125,2.5928195,0.0027601474,0.25954342,5.09375,7.0,13.0,6.3310633,0.12571996,4.2034225,2.050225,-0.0021061697,0.30755115,4.0625,5.5,9.125,5.627807,-2.51929,0.048007727,-0.70325613,0.0901714
30,0.36582994,7.691448,2.773346,-0.015708078,0.056828976,5.53125,7.21875,12.3125,5.52909,0.27098086,4.9784813,2.231251,-0.055574592,0.1670208,4.40625,5.937805,9.8125,5.4982696,-2.712967,0.11019182,-0.03082037,0.09484908
31,0.5068781,7.380208,2.7166538,0.024143944,0.29979992,5.46875,7.34375,12.6875,5.813085,0.3451616,5.0612345,2.2497187,0.054962218,0.5952928,4.53125,6.21875,11.625,6.523,-2.3189735,0.2954929,0.7099147,0.16171649
32,0.052656677,6.244793,2.4989583,-0.0633274,0.22972226,4.9375,6.6875,11.5,5.83237,0.40477124,3.7475452,1.9358578,-0.060050562,0.39564323,3.890625,5.344055,9.875,6.3484735,-2.4972477,0.16592097,0.51610374,0.35211456
33,0.17445917,11.821635,3.4382606,-0.017157316,0.5816095,6.96875,9.4375,17.125,6.397933,0.109173074,9.486349,3.0799918,0.037273135,0.8036225,6.25,8.6875,16.875,7.1110163,-2.3352861,0.222013,0.71308327,0.0652861
34,0.36360198,6.2691016,2.5038173,-0.051775176,0.23976684,4.96875,6.75,11.8125,5.8963256,-0.04807212,4.0524526,2.0130703,-0.25813365,0.8856292,3.9375,5.53125,10.6875,6.8183737,-2.216649,0.64586234,0.9220481,0.4116741
35,0.36156517,9.81713,3.13323,-0.00015201951,0.040096045,6.15625,8.1875,14.5625,5.779202,0.34546894,6.650748,2.5789044,0.010762013,0.056404114,5.09375,6.84375,11.25,5.4334455,-3.1663823,0.01630807,-0.34575653,0.016096234
36,-1.2810493,5.805652,2.409492,-0.043062724,0.18890071,5.375,7.125305,12.875,5.9309144,-0.31319585,3.1046777,1.7620095,-0.07330859,0.35023117,3.546875,4.84375,8.375,5.966651,-2.7009745,0.16133046,0.03573656,0.9678534
37,0.03894697,6.684725,2.5854836,-0.018700609,0.273556,5.125,6.9375,11.625,5.6997285,0.14148019,3.7491648,1.936276,-0.090595335,0.44168162,3.828125,5.28125,10.5625,6.928469,-2.93556,0.16812563,1.2287407,0.10253322
38,-0.93427265,6.5188375,2.5532014,-0.09002851,0.23829556,5.40625,7.25,12.375,5.768343,-0.13416807,3.958987,1.9897203,-0.04314259,0.24769807,3.969513,5.3125,8.125,5.1718335,-2.5598505,0.0094025135,-0.59650946,0.80010456
39,0.18424982,6.1607947,2.4820948,-0.0054349103,0.17044926,4.90625,6.531555,12.1875,6.191523,0.10640282,3.674607,1.9169265,-0.005380163,0.27514005,3.8125,5.21875,8.1875,5.4101114,-2.4861877,0.10469079,-0.78141165,0.077847
40,-0.18875112,7.2880826,2.6996448,0.018287553,0.22427225,5.34375,7.094055,12.375,5.783686,-0.1152865,4.0525427,2.0130928,0.035749264,0.24463034,4.0,5.34375,8.5,5.343919,-3.23554,0.020358086,-0.43976736,0.07346462
41,0.12011135,6.2462783,2.4992557,-0.013522432,0.16647339,4.96875,6.531555,10.625,5.3603587,0.06733298,3.7542715,1.9375943,-0.006057502,0.2595117,3.84375,5.21875,9.0,5.882943,-2.4920068,0.09303832,0.52258444,0.05277837
42,0.5159358,6.655282,2.5797834,0.085047156,0.26759434,5.1875,7.0625,13.25,6.3756766,-0.044462353,4.020214,2.005047,0.08450649,0.31424475,3.96875,5.34375,9.8125,6.2084627,-2.635068,0.04665041,-0.16721392,0.5603981
43,0.18650107,9.326416,3.0539181,0.014938577,0.18724442,6.0,8.125,14.9375,6.1798334,-0.08538769,6.6196156,2.5728614,0.036308985,0.24713016,5.09375,6.84375,11.6875,5.753686,-2.7068005,0.05988574,-0.42614746,0.27188876
44,0.007875891,10.105351,3.1788917,0.08370251,0.44630957,6.375,8.6875,14.1875,5.708549,-0.020447312,7.759778,2.7856379,0.09242677,0.62522197,5.532776,7.8125,13.875,6.3858876,-2.3455734,0.1789124,0.6773386,0.028323203
45,0.34620318,6.748091,2.597709,-0.043485012,0.18360257,5.15625,6.875305,11.4375,5.4988785,0.06894351,3.9532692,1.988283,-0.03428811,0.28076267,3.953125,5.34375,9.8125,6.246335,-2.794822,0.0971601,0.74745655,0.27725968
46,-0.65336555,6.558707,2.5609972,-0.055964965,0.15483284,5.189026,6.875305,13.875,6.623229,-0.27484146,3.860293,1.9647628,0.0144542,0.26806092,3.9375,5.28125,9.0,5.737484,-2.6984143,0.11322808,-0.88574505,0.3785241
47,0.16436243,6.7272377,2.5936918,0.051054124,0.2748649,5.126526,6.96875,10.875,5.3098044,0.13977994,4.102644,2.0254984,0.023429543,0.26072335,4.03125,5.46875,8.8125,5.5063796,-2.6245937,-0.01414156,0.19657516,0.02458249
48,1.0559262,11.287712,3.359719,0.079153396,0.2695086,7.0625,9.5,17.375,6.2745585,0.27293578,8.18225,2.8604631,0.14671044,0.3146007,5.71875,7.71875,14.875,6.58615,-3.105462,0.045092106,0.31159163,0.78299046
49,-0.19617635,7.522506,2.7427187,-0.001511957,0.10764861,5.40625,7.21875,11.6875,5.3551345,-0.22963357,4.924365,2.219091,-0.0368728,0.25389886,4.40625,6.0,9.75,5.5580573,-2.5981412,0.14625025,0.20292282,0.03345722
50,-0.22460298,6.647315,2.5782387,0.036016133,0.24394464,5.125,6.875,12.6875,6.2091727,-0.27796948,4.0189466,2.0047312,0.09545451,0.3857417,3.969513,5.46875,9.4375,5.9231563,-2.6283684,0.14179707,-0.28601646,0.053366497
51,0.06454533,16.113478,4.0141597,0.04808053,0.27626348,7.970276,10.75,18.75,5.925146,0.5330375,12.344293,3.5134447,0.08174471,0.41555214,7.03125,9.5625,18.5,6.6384244,-3.769185,0.13928866,0.7132783,0.46849215
52,-0.7168437,6.91355,2.629363,-0.0015480827,0.113003016,5.375,7.156555,12.75,5.899478,-0.31382656,3.9806702,1.9951617,0.016337294,0.2355051,4.0,5.375,9.1875,5.76049,-2.9328797,0.12250209,-0.13898802,0.40301716
53,-0.067693114,25.156693,5.0156446,0.15342887,0.5774281,10.125,13.9375,25.5,6.5531445,0.00791836,21.404863,4.626539,0.13503838,0.63624763,9.375,12.875,27.0,7.55341,-3.7518291,0.058819532,1.0002656,0.07561147
54,-0.14755616,6.605414,2.5701,-0.019534942,0.23001671,5.09375,6.875,12.625,6.208347,-0.3917286,3.7964406,1.9484457,-0.02545196,0.26903796,3.96875,5.34375,8.625,5.5247607,-2.8089733,0.039021254,-0.6835861,0.24417245
55,-0.2797489,8.36854,2.8928428,-0.027841076,0.2857287,5.8125,7.71875,13.5,5.914291,-0.25503552,5.301524,2.3025038,-0.029908678,0.46493506,4.65625,6.40625,9.875,5.4599705,-3.0670156,0.17920637,-0.45432043,0.024713367
56,-0.1470576,7.9676266,2.8226984,-0.07758007,0.18418288,5.5625,7.5625,12.3125,5.510971,0.06503516,4.91795,2.2176452,-0.06252136,0.27448177,4.40625,5.969055,9.25,5.292299,-3.0496764,0.09029889,-0.21867228,0.21209276
57,-0.19956535,6.2754436,2.5050836,0.040515877,0.16169405,4.96875,6.625,10.375,5.2170167,-0.1463323,3.772702,1.9423444,0.009003704,0.2327056,3.84375,5.1875,9.375,6.0871973,-2.5027416,0.07101154,0.8701806,0.053233057
58,0.2337648,6.6828904,2.5851288,0.060545005,0.25152445,5.125,6.875,13.25,6.4668527,0.41884726,4.427777,2.1042283,0.16505808,0.3631513,4.28125,5.8125,10.375,6.172235,-2.2551136,0.11162686,-0.29461765,0.18508247
59,-0.3908083,6.491724,2.5478861,-0.076102234,0.1896317,5.09375,6.844055,11.9375,5.8639045,-0.35220307,3.873345,1.9680815,-0.01958032,0.2326467,4.03125,5.3125,9.875,6.2693086,-2.618379,0.043015003,0.4054041,0.038605243
60,0.15323281,9.798511,3.1302574,0.023225239,0.31103396,6.1875,8.5625,14.0625,5.6769066,-0.26414293,7.024064,2.650295,0.018146776,0.2694049,5.28125,7.15625,12.0,5.715054,-2.7744465,-0.041629076,0.03814745,0.41737574
61,0.035125133,7.0323834,2.651864,0.0020275603,0.24428105,5.21875,7.156555,12.5625,6.0088677,0.015182813,4.1741858,2.0430825,-0.027096333,0.25742245,4.0625,5.40625,11.5,7.1400523,-2.8581977,0.013141394,1.1311846,0.01994232
62,-0.36548162,6.496264,2.5487769,0.01706575,0.22575355,5.125,6.8125,11.125,5.4577727,-0.114749596,3.7180114,1.9282146,0.031473234,0.24413204,3.828125,5.125,8.6875,5.7040696,-2.7782526,0.018378496,0.24629688,0.250732
63,0.724937,7.9308515,2.8161767,-0.035316754,0.25425482,5.75,7.750305,13.5,5.8612065,0.107610025,4.841191,2.2002707,-0.03739852,0.3468969,4.375,6.0,10.25,5.903909,-3.0896606,0.09264207,0.042702675,0.617327
64,-1.589437,17.358282,4.166327,-0.02287148,0.09068823,8.8125,11.625,18.25,5.1449084,-2.3803618,13.6367035,3.6927907,-0.21163933,0.8566718,8.5,11.4375,24.25,6.9607882,-3.7215786,0.7659836,1.8158798,0.7909248
65,0.2781064,6.120176,2.473899,0.04410932,0.1669898,4.875,6.625,10.25,5.1945276,0.27253824,3.688723,1.9206048,0.04505207,0.2392366,3.84375,5.15625,9.125,5.9555798,-2.4314528,0.07224679,0.76105213,0.0055681467
66,0.172697,10.270114,3.204702,-0.05588299,0.3768735,6.40625,8.75,14.125,5.606976,0.19118503,7.4233,2.7245734,-0.009465333,0.46586514,5.4375,7.5,12.125,5.6801896,-2.8468142,0.08899164,0.07321358,0.018488035
67,-0.22451158,5.9871373,2.4468627,0.050305538,0.3793702,4.875,6.625,10.75,5.564769,-0.18805742,3.4812536,1.8658118,0.10321991,0.4165399,3.75,5.03125,8.625,5.856168,-2.5058837,0.037169695,0.291399,0.036454156
68,0.4896733,8.210326,2.8653667,-0.07219597,0.20333028,5.625,7.59375,15.375,6.639485,0.02557622,5.369128,2.317138,-0.12476238,0.29066873,4.5625,6.15625,11.375,6.220006,-2.841198,0.08733845,-0.4194789,0.46409705
69,-0.5633043,6.254883,2.5009763,-0.047061436,0.20291638,5.0625,6.75,11.9375,5.8932185,-0.6653387,3.6993208,1.9233619,0.014419667,0.26795793,4.0,5.34375,8.9375,5.536461,-2.555562,0.06504154,-0.35675764,0.10203439
70,-0.76805145,7.1025662,2.665064,0.032182846,0.17680407,5.5,7.28125,11.75,5.3398933,-0.40926093,4.2372227,2.0584514,0.07675693,0.2914877,4.1875,5.5625,10.3125,6.2277355,-2.8653436,0.11468363,0.8878422,0.35879052
71,-0.8214587,6.998825,2.6455293,-0.08929783,0.3159039,5.375,7.469055,14.4375,6.602237,-0.45082814,4.127611,2.0316522,-0.14706624,0.6816337,4.09375,5.6875,10.375,6.3895965,-2.871214,0.3657298,-0.21264076,0.37063056
72,0.33344328,6.9535546,2.6369593,-0.021018619,0.22037554,5.28125,7.03125,11.5625,5.4957724,-0.05623602,4.316602,2.0776434,0.015234271,0.18770766,4.15625,5.46875,9.3125,5.672047,-2.6369524,-0.032667875,0.17627478,0.3896793
73,-0.97784746,6.2453494,2.4990697,-0.018897288,0.1855402,5.28125,7.0,11.75,5.513708,-0.88978654,3.7802837,1.9442952,-0.055255372,0.23309112,4.21875,5.65625,9.125,5.385592,-2.4650657,0.047550917,-0.12811613,0.088060915
74,-0.7446204,6.2356596,2.4971302,0.007976424,0.17381239,5.125,6.875,12.75,6.1632957,-0.42150825,3.7724378,1.9422765,0.039676677,0.4548416,3.9375,5.406555,8.6875,5.56431,-2.4632218,0.28102922,-0.5989857,0.32311213
75,-0.5887101,6.611646,2.5713122,0.031322803,0.27512717,5.15625,7.0,14.8125,7.093601,-0.30925825,4.095695,2.0237823,-0.036631435,0.47064757,4.03125,5.625,11.5625,7.2044177,-2.5159512,0.1955204,0.11081648,0.27945188
76,-0.31829256,10.070549,3.1734128,0.0025381297,0.15725613,6.25,8.4375,14.5625,5.740195,0.10984751,7.605761,2.7578545,-0.0054915557,0.13778782,5.40625,7.187805,12.625,5.737399,-2.464788,-0.019468307,-0.0027956963,0.42814007
77,1.0156661,7.4788384,2.7347465,0.0763244,0.08786821,5.75,7.5625,13.1875,5.697051,0.6550913,4.4172616,2.1017282,0.07052511,0.083717585,4.34375,5.781555,9.5,5.44217,-3.0615768,-0.004150629,-0.2548809,0.36057484
78,0.7403763,10.275983,3.2056174,0.13129887,0.06251168,6.5625,8.625,13.75,5.285855,0.3949167,7.5867734,2.7544098,0.16400124,0.22142005,5.59375,7.4375,12.9375,5.9294996,-2.6892095,0.15890837,0.6436448,0.34545958
79,-1.1381823,11.89822,3.4493797,-0.011055142,0.6272483,7.375,9.9375,17.0,6.010726,-0.50881326,9.21989,3.036427,-0.11863059,0.88596463,6.28125,8.9375,15.5,6.5769806,-2.6783304,0.25871634,0.5662546,0.629369
80,-0.10743725,6.1523175,2.4803865,-0.017073732,0.22526813,4.875,6.65625,11.4375,5.820328,-0.32706553,3.6534703,1.9114053,0.015932053,0.22708368,3.84375,5.1875,8.4375,5.504934,-2.4988472,0.0018155575,-0.3153944,0.21962827
81,0.22547002,15.778433,3.9722075,-0.032165464,0.027719736,7.71875,10.06311,18.0,5.647062,0.14083472,13.384191,3.658441,-0.005232902,0.072048664,7.0625,9.43811,17.0,5.8133974,-2.3942423,0.044328928,0.16633558,0.0846353
82,-0.59306896,6.3956757,2.5289674,-0.122697234,0.2564137,5.15625,6.9375,13.0625,6.382952,-0.28854936,3.943382,1.985795,-0.24159679,0.6725006,3.984375,5.46875,11.125,7.109755,-2.4522936,0.4160869,0.7268028,0.3045196
83,-0.87474376,9.014149,3.0023572,-0.07791925,0.2836194,6.1875,8.375,14.1875,5.752347,-0.9628086,6.249451,2.4998903,-0.05597649,0.30763578,5.251526,7.1875,11.375,5.379043,-2.7646976,0.02401638,-0.3733039,0.08806485
84,1.1806949,6.7882967,2.605436,0.022576012,0.16381025,5.65625,7.4375,11.75,5.1691656,0.5457355,3.941559,1.9853361,0.06352209,0.33541465,4.03125,5.5,10.4375,6.4424467,-2.8467376,0.1716044,1.2732811,0.63495946
85,0.3630993,8.839738,2.9731696,0.06529492,0.12401843,5.875,7.812805,14.125,5.9562445,0.5507174,5.868444,2.4224873,0.048267115,0.28098536,4.9375,6.65625,11.8125,6.0429378,-2.971294,0.15696692,0.08669329,0.1876181
86,0.7853395,6.700739,2.5885785,0.06894932,0.25707674,5.34375,7.125305,13.75,6.441873,0.79693836,3.8388958,1.95931,0.0051114494,0.24889421,4.15625,5.5625,9.3125,5.552942,-2.861843,-0.008182526,-0.8889313,0.011598885
87,0.16611356,8.086183,2.8436215,-0.075808026,0.44213033,5.625,7.75,14.625,6.5235643,0.035331786,5.660411,2.3791618,-0.03524441,0.6118591,4.6875,6.625,12.4375,6.686738,-2.4257717,0.16972876,0.16317368,0.13078177
88,-0.27967352,8.687496,2.947456,0.10733464,0.45268464,5.90625,8.125,12.375,5.3509407,0.13720039,6.3593154,2.5217683,0.11381264,0.66728234,5.09375,7.09375,12.375,6.3351803,-2.3281808,0.2145977,0.9842396,0.4168739
89,-0.80579036,6.6329064,2.575443,0.012571834,0.038910627,5.28125,6.90625,12.25,5.6852894,0.14120689,3.870113,1.9672602,0.04000926,0.22666693,3.890625,5.28125,10.0,6.4196506,-2.7627935,0.1877563,0.7343612,0.9469973
90,0.10438769,6.9502273,2.6363285,0.03324968,0.21444607,5.21875,7.000305,11.9375,5.7327805,0.15637287,4.3712626,2.0907564,0.06571146,0.276227,4.15625,5.625305,9.9375,5.995515,-2.5789647,0.06178093,0.2627344,0.051985182
91,-0.57919526,6.2305956,2.4961162,-0.050811972,0.15330076,5.03125,6.6875,10.375,5.101892,-0.65122336,4.015086,2.003768,-0.05261737,0.16963267,4.15625,5.625,9.125,5.483247,-2.2155094,0.016331911,0.3813548,0.0720281
92,0.3826592,7.0399985,2.6532996,-0.087039374,0.16002655,5.28125,6.96875,11.6875,5.498139,0.26334795,4.1668787,2.0412934,-0.05186624,0.34501767,4.125,5.5,10.75,6.639253,-2.8731198,0.18499112,1.1411142,0.11931124
93,0.11283177,9.116894,3.0194194,0.056164123,0.44868946,6.0,8.3125,13.625,5.7474437,0.32590133,7.1399436,2.6720674,0.081383444,0.45329618,5.375,7.4375,13.625,6.4487114,-1.9769502,0.004606724,0.7012677,0.21306956
94,0.44376978,5.976769,2.4447432,-0.018670047,0.19300866,4.875,6.594055,11.0,5.584673,0.60165745,3.3024688,1.8172696,-0.05204449,0.3149743,3.78125,5.0625,8.5625,5.644583,-2.6743002,0.12196565,0.059910297,0.15788767
95,0.78380865,14.548625,3.814266,0.015009209,0.48049855,8.0625,10.56311,17.25,5.719818,0.4875433,12.374086,3.517682,0.01655867,0.567014,7.3125,9.6875,17.75,6.519375,-2.1745386,0.08651543,0.79955673,0.29626533
96,0.25774172,7.2837358,2.6988397,0.08746441,0.18557239,5.375,7.21875,11.625,5.446364,0.13918765,4.5523515,2.133624,0.15680607,0.49443603,4.25,5.9375,9.75,5.8342934,-2.7313843,0.30886364,0.38792944,0.11855407
97,0.25769216,5.949192,2.4390965,-0.025966138,0.19539523,4.875,6.469055,12.125,6.2463765,0.032193065,3.4201555,1.8493663,0.020749731,0.46576,3.65625,5.0,9.375,6.4639997,-2.5290365,0.27036476,0.21762323,0.2254991
98,-0.97609437,8.594247,2.9315946,0.065489754,0.29833198,6.09375,8.125,13.875,5.6631885,-0.48211408,4.8934665,2.2121181,0.054327447,0.35089755,4.46875,6.0625,11.4375,6.3833294,-3.7007804,0.052565575,0.72014093,0.4939803
99,-0.5394631,6.2251964,2.4950345,0.06304239,0.19042897,5.03125,6.71875,11.375,5.6182575,-0.2286484,3.8538759,1.963129,0.046725057,0.2976184,3.921875,5.3125,9.125,5.8634024,-2.3713205,0.10718942,0.24514484,0.3108147
100,0.14310905,6.7675643,2.6014543,-0.036570206,0.10135317,5.125,6.6875,12.0625,5.823361,-0.13254528,4.190526,2.0470774,-0.023029935,0.57223034,4.064026,5.625,10.875,6.7822948,-2.5770383,0.47087717,0.95893383,0.27565432
101,-0.034985144,6.9459834,2.6355233,-0.033366036,0.14441013,5.1875,6.9375,11.75,5.629938,0.08131526,4.045986,2.0114636,-0.1076948,0.3600638,3.969513,5.406555,9.875,6.2305536,-2.8999972,0.21565366,0.6006155,0.116300404
102,0.3181912,6.618821,2.572707,-0.015894225,0.19198942,5.157776,6.875,11.0,5.373211,0.37371948,3.9049208,1.9760872,-0.054864008,0.4573486,3.984375,5.46875,9.75,6.1594205,-2.7139003,0.26535916,0.7862096,0.055528283
103,-0.16850595,7.3431125,2.709818,-0.08594591,0.20658803,5.375,7.219055,11.5,5.360288,-0.26767778,4.49608,2.1203961,-0.11306467,0.20603395,4.21875,5.6875,9.4375,5.5878596,-2.8470325,-0.0005540848,0.22757149,0.09917183
104,-0.17896594,6.7479405,2.5976799,-0.06193912,0.26425743,5.15625,6.9375,13.1875,6.4194713,-0.24381529,3.9312081,1.9827274,-0.074296616,0.3010099,3.96875,5.375,9.25,5.904352,-2.8167324,0.036752462,-0.5151191,0.06484935
105,0.4453587,5.8746467,2.423767,0.009830122,0.16845131,4.9375,6.53125,10.4375,5.365654,0.16008916,3.5466833,1.883264,-0.0012802127,0.27893972,3.765625,5.09375,8.1875,5.5133147,-2.3279634,0.110488415,0.14766073,0.28526953
106,-0.6659577,7.114004,2.6672091,0.04379272,0.14562035,5.4375,7.187805,11.625,5.3173504,-0.37471718,4.097637,2.0242622,0.0969065,0.32143116,4.0625,5.46875,10.8125,6.639939,-3.016367,0.17581081,1.3225884,0.2912405
107,0.9695675,7.7993393,2.7927296,0.04889602,0.17291379,5.78125,7.78125,13.75,5.8709087,0.20798193,5.145797,2.2684348,-0.012830178,0.3223517,4.5,6.09375,11.375,6.34384,-2.6535425,0.1494379,0.47293139,0.76158553
108,0.2975076,6.4221787,2.5342019,0.04664187,0.24443054,5.0625,6.75,13.75,6.8428626,-0.08473656,3.6898825,1.9209067,0.021195874,0.30426002,3.84375,5.1875,8.3125,5.4970727,-2.7322962,0.059829473,-1.3457899,0.38224417
109,-0.9665893,6.542881,2.5579057,0.028006563,0.16511011,5.4375,7.125,11.125,5.121993,-0.41945577,3.5935388,1.8956631,0.056676745,0.25356722,3.828125,5.0625,9.9375,6.4695034,-2.9493423,0.08845711,1.3475103,0.5471335
110,0.09149795,6.605137,2.5700462,-0.026455935,0.17412424,5.09375,6.75,12.625,6.1876106,-0.1022374,4.075947,2.0188975,0.045187913,0.27738547,4.0625,5.4375,9.5,5.958814,-2.52919,0.10326123,-0.22879648,0.19373536
111,0.43248075,7.0654263,2.658087,-0.049247917,0.25616813,5.3125,7.21875,12.9375,6.0778627,0.6196347,4.3291636,2.0806642,-0.111396044,0.3891747,4.28125,5.75,9.5,5.531159,-2.7362628,0.13300657,-0.5467038,0.18715394
112,-0.1340332,7.008131,2.6472874,0.11019434,0.33774853,5.28125,7.250305,11.9375,5.7278757,-0.38954887,4.0436172,2.0108747,0.11051603,0.386451,4.09375,5.46875,8.6875,5.3884068,-2.9645138,0.04870248,-0.33946896,0.25551566
113,-8.630164,269.87543,16.427885,-0.059314404,-0.032640457,36.0,47.75,78.5,5.2899227,-7.7518187,261.69818,16.177088,-0.05790259,0.0096337795,34.75,46.5,80.5,5.6156406,-8.177246,0.042274237,0.32571793,0.8783455
114,0.718373,6.54614,2.5585425,-0.031000262,0.088377476,5.25,6.84375,10.75,5.0778065,0.3538051,4.0159674,2.0039878,-0.049320545,0.38315654,3.984375,5.531555,9.375,5.838012,-2.5301728,0.29477906,0.76020575,0.3645679
115,-0.9273178,7.116575,2.667691,0.008964384,0.29193807,5.53125,7.625,12.5,5.592068,-0.15357478,4.7167206,2.1718013,-0.07552384,0.31339073,4.28125,5.96875,9.4375,5.4923377,-2.3998542,0.021452665,-0.09973049,0.77374303
116,0.073351905,6.473329,2.5442739,-0.1094885,0.3719318,5.0625,6.9375,11.625,5.808279,0.546395,3.97721,1.9942944,-0.117142655,0.6156695,4.125,5.75,9.25,5.6931477,-2.496119,0.2437377,-0.11513138,0.47304308
117,0.29325777,19.412647,4.4059787,0.061753534,0.38181996,8.9375,12.1875,18.875,5.4767895,0.3091557,16.232168,4.0289164,-0.0022646002,0.5231886,8.3125,11.1875,17.625,5.6349883,-3.180479,0.14136863,0.15819883,0.01589793
118,-0.06758421,5.758394,2.3996654,-0.039623413,0.1679039,4.75,6.34375,11.1875,5.8846717,-0.05595701,3.4298337,1.851981,-0.021568885,0.2896433,3.703125,4.937805,8.3125,5.7095504,-2.32856,0.12173939,-0.1751213,0.011627201
119,0.71163124,7.594646,2.7558386,0.07326969,0.18785596,5.625,7.625,13.1875,5.8631506,-0.1373227,4.68523,2.164539,0.042169508,0.39035034,4.34375,5.875,11.4375,6.7285533,-2.9094162,0.20249438,0.8654027,0.84895396
120,-0.3883229,6.759315,2.5998683,0.031645812,0.27014875,5.1875,6.9375,12.3125,5.9209337,-0.952341,4.0537972,2.0134044,0.035723895,0.3614912,4.34375,5.90625,9.75,5.4972167,-2.7055178,0.09134245,-0.42371702,0.56401813
121,-0.5135626,6.979774,2.6419263,-0.026892979,0.23358798,5.375,7.125,12.125,5.709399,0.04224297,4.1259904,2.0312533,-0.032306522,0.31250596,4.03125,5.53125,8.5,5.3332014,-2.8537836,0.07891798,-0.37619781,0.55580556
122,-1.3137931,7.526945,2.743528,-0.03876989,0.15848565,6.0,7.875,14.0625,5.8069124,-0.75948924,4.807164,2.1925247,-0.08084731,0.2623763,4.5625,6.25,11.3125,6.15964,-2.719781,0.10389066,0.3527274,0.5543038
123,-0.60605556,6.3449802,2.5189245,0.0010554984,0.23523998,5.125,6.75,13.0,6.3344345,-0.5659698,3.6845374,1.9195149,0.06184395,0.18979216,3.921875,5.21875,8.9375,5.61538,-2.6604428,-0.045447826,-0.7190547,0.040085733
124,-0.29829195,7.2859397,2.699248,0.0038369012,0.16883707,5.375,7.15625,12.5,5.808342,0.0019650878,4.5077477,2.1231456,-0.01216159,0.45590854,4.21875,5.78125,9.8125,5.8837914,-2.778192,0.28707147,0.07544947,0.30025703
125,-1.9800731,12.462336,3.5302033,0.06178021,0.12225795,7.875,10.25,16.625,5.10993,-0.7926501,9.0172825,3.0028791,0.057216585,0.24836802,6.09375,8.375,13.0,5.279001,-3.445053,0.12611008,0.1690712,1.187423
126,0.7614537,6.773911,2.6026738,-0.051501505,0.26168084,5.34375,7.125,11.1875,5.201379,0.49308956,3.9064512,1.9764744,-0.12247093,0.44197297,4.0,5.40625,11.375,7.0681257,-2.8674598,0.18029213,1.8667469,0.26836413
127,-0.8273182,6.842978,2.6159086,0.029067917,0.24197912,5.375,7.28125,13.125,6.0427523,-0.5141486,4.049811,2.0124142,-0.017583963,0.4988768,4.15625,5.71875,9.0625,5.5879235,-2.793167,0.2568977,-0.45482874,0.3131696
128,-0.17962877,7.762783,2.7861772,-0.051037613,0.042101145,5.5,7.25,13.0625,5.874481,-0.24857515,4.8869705,2.2106493,-0.0048190975,0.17479968,4.40625,5.90625,9.25,5.2564,-2.8758125,0.13269854,-0.6180811,0.06894638
129,-0.6169542,11.618872,3.4086466,-0.036362603,0.29738688,6.782776,9.375,15.5625,5.6942606,-0.73501575,8.716903,2.95244,-0.04289716,0.49770832,6.03125,8.4375,13.875,5.829059,-2.901969,0.20032144,0.13479853,0.11806154
130,0.4697311,8.48187,2.912365,0.04023891,0.18445039,5.90625,7.8125,12.1875,5.2323484,0.48984444,5.730223,2.3937883,0.07738408,0.32245994,4.8125,6.6875,10.9375,5.6924,-2.7516465,0.13800955,0.46005154,0.020113349
131,0.30266654,6.153191,2.4805627,-0.038319632,0.12775326,4.90625,6.53125,10.75,5.417173,0.07230322,3.4650867,1.8614743,-0.06070652,0.22678995,3.734375,4.90625,9.0,6.120554,-2.6881044,0.09903669,0.70338106,0.23036332
132,0.0091559505,5.497088,2.3445868,0.05957871,0.1494255,4.625,6.15625,10.625,5.71744,-0.005261572,3.125166,1.7678139,0.060665645,0.20737696,3.46875,4.71875,7.25,5.1919236,-2.371922,0.05795145,-0.5255165,0.014417523
133,0.09289978,5.960377,2.4413884,-0.046542365,0.11040115,4.8125,6.4375,11.125,5.723714,-0.17239149,3.5364392,1.8805423,-0.08130407,0.3481307,3.765625,5.09375,11.375,7.653729,-2.423938,0.23772955,1.9300151,0.26529127
134,-0.3320369,6.4050293,2.5308158,-0.024922037,0.15965366,5.0,6.6875,12.1875,6.0186324,-0.39904663,3.72254,1.9293885,-0.0057643275,0.27598262,3.90625,5.15625,10.125,6.504146,-2.6824894,0.116328955,0.4855137,0.06700972
135,-0.20774715,7.806471,2.7940063,0.058429625,0.24155927,5.5625,7.5625,12.375,5.584884,-0.05984961,4.839046,2.199783,0.11371276,0.35440397,4.375,5.937805,10.5,6.0631857,-2.9674249,0.112844706,0.47830153,0.14789754
136,-0.02689498,6.0923553,2.4682696,-0.029304834,0.080058336,4.875,6.4375,9.9375,5.074029,0.2554521,3.726087,1.9303075,-0.047340456,0.18427253,3.828125,5.156555,8.625,5.5823393,-2.3662682,0.10421419,0.5083103,0.28234708
137,0.0863412,16.07714,4.009631,-0.03348571,0.33021307,7.96875,10.68811,19.75,6.2708554,-0.27179906,12.552724,3.5429823,-0.07841134,0.39858913,7.15625,9.6875,18.0,6.4603577,-3.524417,0.068376064,0.18950224,0.35814026
138,0.4198671,6.50031,2.5495706,0.119909115,0.51175404,5.09375,6.96875,12.875,6.363109,0.13323914,3.9826882,1.9956673,0.33919612,1.0426307,3.90625,5.625,11.375,7.3441973,-2.5176218,0.53087664,0.98108816,0.28662795
139,1.2161059,7.54028,2.745957,0.057185687,0.23751688,5.96875,7.9375,13.4375,5.669353,0.7550864,4.479635,2.1165147,0.098325014,0.3935287,4.53125,6.125,10.5,5.965516,-3.060645,0.15601182,0.29616308,0.46101952
140,-1.0863987,9.450413,3.0741525,0.06280796,0.17502642,6.375,8.375,14.75,5.677739,-0.27449116,5.8197536,2.4124165,-0.019282946,0.2022059,4.78125,6.437805,10.8125,5.634149,-3.630659,0.02717948,-0.04359007,0.81190753
141,0.241521,5.584942,2.363248,-0.030201722,0.23650599,4.65625,6.25,13.8125,7.35417,0.30328974,3.0190542,1.7375425,-0.081901535,0.31714392,3.5,4.625,9.125,6.5445952,-2.5658877,0.08063793,-0.8095746,0.06176874
142,0.04892767,6.275119,2.5050187,-0.057773538,0.24128199,4.96875,6.75,10.8125,5.464526,0.21239874,3.7860575,1.9457794,-0.020257814,0.4284451,3.875,5.3125,8.75,5.696221,-2.4890614,0.18716311,0.2316947,0.16347107
143,-0.35076556,6.516695,2.5527818,0.032271158,0.15055346,5.0625,6.719055,12.0,5.87058,-0.28210807,3.7810733,1.9444982,0.05466245,0.19808292,3.859375,5.1875,8.3125,5.338791,-2.7356217,0.04752946,-0.5317893,0.06865749
144,0.27818117,6.2734957,2.5046947,0.021762034,0.16528654,5.0,6.6875,11.8125,5.920545,-0.21639043,3.658894,1.9128236,0.05553342,0.31077838,3.797638,5.15625,9.1875,6.0563636,-2.6146016,0.14549184,0.13581848,0.4945716
145,-0.009305969,6.0425425,2.4581583,0.11916802,0.2180283,4.84375,6.625,10.6875,5.5058556,0.2937404,3.6382167,1.907411,0.11656482,0.5308609,3.828125,5.34375,9.9375,6.565348,-2.4043257,0.3128326,1.0594926,0.30304635
146,0.4887303,7.1757975,2.678768,0.0040131826,0.18486977,5.34375,7.21875,12.0625,5.584969,0.15147752,4.7124286,2.1708128,0.060507458,0.2776785,4.3125,5.84375,11.3125,6.5879583,-2.463369,0.09280872,1.0029893,0.3372528
147,0.9609346,5.725073,2.3927124,0.06530447,0.22530127,5.0625,6.812805,11.75,5.7623887,0.4047636,3.096034,1.7595551,0.15886635,0.26945043,3.578125,4.9375,8.25,5.809313,-2.6290388,0.04414916,0.046924114,0.55617094
148,0.06824313,6.5140185,2.5522575,-0.17041658,0.3764577,5.0,6.8125,12.3125,6.114607,0.038016405,3.7170055,1.9279537,-0.14653626,0.44696474,3.828125,5.21875,11.0625,7.300845,-2.797013,0.07050705,1.1862383,0.030226726
149,-0.10715808,6.121793,2.4742258,-0.05367664,0.16267872,4.875,6.5,10.8125,5.5154033,0.20381582,3.662875,1.9138639,-0.010982164,0.41859984,3.828125,5.21875,9.375,6.2101026,-2.4589179,0.25592113,0.6946993,0.31097388
150,-0.35603365,6.0580115,2.4613028,0.020277228,0.31153297,4.9375,6.6875,12.125,6.183154,-0.29336905,3.589572,1.8946166,0.05843263,0.30194235,3.796875,5.15625,8.625,5.698197,-2.4684396,-0.009590626,-0.48495722,0.0626646
151,-0.29545113,6.417579,2.5332942,-0.033633616,0.1827507,5.0625,6.75,10.5625,5.2376137,-0.17854638,4.0158563,2.0039601,-0.12505294,0.5145223,3.9375,5.5,9.625,6.0962453,-2.401723,0.3317716,0.8586316,0.11690475
152,-1.0482672,5.950142,2.4392912,0.030544493,0.17387247,5.1875,6.906555,10.75,5.090113,-0.4530212,3.5378258,1.8809109,-0.0063263047,0.30784655,3.84375,5.21875,7.90625,5.187968,-2.412316,0.13397408,0.097854614,0.5952461
153,-0.48761046,11.215815,3.3490021,0.24870092,1.8638067,6.5625,9.0,21.125,8.057692,0.25868973,7.1668572,2.6770988,-0.0066116005,0.6931174,5.25,7.0625,15.1875,7.173948,-4.0489573,-1.1706893,-0.88374376,0.7463002
154,-0.37113693,6.389569,2.5277596,-0.02762093,0.15804029,5.03125,6.625,13.8125,6.8228536,-0.11089539,3.790841,1.9470083,-0.067951344,0.2916069,3.828125,5.3125,8.6875,5.6438327,-2.5987277,0.13356662,-1.1790209,0.26024154
155,0.035389733,7.1192493,2.6681921,-0.059252594,0.29487014,5.3125,7.21875,11.4375,5.4489183,0.094371095,4.372872,2.0911412,0.0560938,0.9708135,4.09375,5.75,10.9375,6.718178,-2.7463775,0.6759434,1.2692595,0.058981363
156,0.76514244,8.338958,2.8877254,-0.021511244,0.29634976,5.90625,8.0625,13.375,5.6750546,0.391996,5.602796,2.3670225,0.034178987,0.29446173,4.71875,6.46875,13.5625,7.172065,-2.7361617,-0.0018880367,1.4970102,0.37314644
157,0.29196188,6.824362,2.6123478,-0.053753506,0.19189644,5.21875,6.96875,11.9375,5.731498,0.10863179,4.101452,2.0252042,-0.15379667,0.61491585,4.03125,5.5625,10.875,6.851038,-2.72291,0.4230194,1.1195402,0.18333009
158,-0.74214727,10.249202,3.2014375,-0.021249413,0.5017121,6.5625,9.0625,15.75,6.1543064,-0.56359065,8.189349,2.8617039,-0.018322786,0.54319096,5.90625,8.0625,12.25,5.4109864,-2.0598526,0.041478872,-0.74332,0.17855662
159,-0.17730217,11.666541,3.4156318,-0.057011,0.55073357,7.03125,9.4375,15.3125,5.800157,-0.108193554,9.199439,3.0330577,-0.042123552,0.7247317,6.25,8.625,13.5,5.8191195,-2.467102,0.17399812,0.018962383,0.06910861
160,-0.21347627,96.44758,9.820773,0.043747228,0.035282135,19.25,25.375,41.25,5.260937,0.41496027,93.1112,9.649414,0.07840986,0.058282137,18.875,25.25,41.25,5.36137,-3.33638,0.023000002,0.10043287,0.62843657
161,-0.6918772,6.1758127,2.4851182,-0.019033356,0.18820357,5.09375,6.75,11.1875,5.481109,-0.7072798,3.7202349,1.928791,-0.1120291,0.27090883,4.0625,5.53125,8.6875,5.3832164,-2.4555779,0.08270526,-0.09789276,0.015402615
162,-0.8512318,9.457979,3.0753827,0.022528477,0.26672697,6.3125,8.3125,14.25,5.631379,-0.45443818,6.5900273,2.5671048,0.004198344,0.30246973,5.15625,7.0,12.8125,6.22445,-2.8679519,0.03574276,0.593071,0.39679363
163,0.38743624,7.447003,2.7289197,-0.036032528,0.4559722,5.5625,7.46875,13.75,6.372114,-0.041610423,5.253155,2.2919762,-0.082129285,0.52287555,4.59375,6.312805,12.6875,7.090209,-2.1938477,0.06690335,0.7180948,0.42904666
164,-0.8890863,6.846365,2.616556,0.09403286,0.14596677,5.4375,7.0625,10.75,4.8835278,-0.6307579,3.9661071,1.9915087,0.04295009,0.32996607,4.125,5.625,9.0625,5.472722,-2.8802578,0.1839993,0.5891943,0.25832838
165,-0.04040319,5.374798,2.318361,0.023530446,0.2609763,4.5625,6.125305,10.75,5.876808,-0.12554549,3.0238264,1.7389153,-0.023668302,0.38055468,3.4375,4.71875,7.75,5.6496444,-2.3509715,0.11957836,-0.22716379,0.0851423
166,-0.25740185,6.7771444,2.6032948,-0.049888123,0.25033116,5.1875,7.000305,11.375,5.508562,-0.09043525,4.023488,2.0058634,-0.012994631,0.32822514,3.984375,5.375,9.0,5.6879773,-2.7536564,0.07789397,0.17941523,0.1669666
167,0.3866307,11.383181,3.3738968,-0.12253898,0.53163457,6.8125,9.50061,14.6875,5.5126276,0.1406701,8.815855,2.9691505,-0.0832361,0.7033081,5.96875,8.37561,16.25,7.032169,-2.5673256,0.17167354,1.5195413,0.24596061
168,0.5648902,7.653396,2.766477,0.15247522,0.5076804,5.59375,7.5625,14.625,6.603623,0.29181686,4.4687123,2.1139328,0.24328715,1.1090798,4.1875,5.8125,12.4375,7.5020027,-3.1846838,0.6013994,0.8983798,0.27307335
169,-0.19668946,6.108709,2.4715803,0.031261776,0.17333293,4.84375,6.5625,12.125,6.1608458,-0.15564673,3.6928878,1.9216888,0.021763004,0.21146297,3.8125,5.0625,8.75,5.74078,-2.415821,0.038130045,-0.42006588,0.04104273
170,-0.694004,6.342729,2.5184774,-0.048311353,0.15698075,5.1875,6.96875,11.9375,5.766532,-0.18529716,3.6612082,1.9134284,0.060276106,0.67054915,3.75,5.312805,10.125,6.7236667,-2.681521,0.5135684,0.9571347,0.5087068
171,0.008926736,10.193521,3.1927292,0.20654061,0.6015599,6.46875,8.9375,15.1875,6.142462,0.1253734,7.8967805,2.810121,0.21850431,0.66985655,5.78125,8.0625,13.5,6.2385206,-2.29674,0.06829667,0.096058846,0.11644666
172,-1.0780808,7.3127117,2.7042027,0.055371135,0.1687622,5.6875,7.46875,13.1875,5.6762886,-0.62476826,4.311952,2.076524,0.039339405,0.25693345,4.28125,5.6875,10.625,6.1897125,-3.0007596,0.08817124,0.5134239,0.45331252
173,-0.12682255,9.471081,3.077512,0.10743009,0.6985495,6.1875,8.625,15.9375,6.6525607,0.0737232,7.094952,2.663635,0.1634599,0.859087,5.376526,7.5625,13.4375,6.5582037,-2.3761287,0.16053748,-0.09435701,0.20054574
174,-0.20894046,6.0207267,2.453717,-0.060844548,0.17732048,4.8125,6.5,11.875,6.0852237,0.06716709,3.4059954,1.8455338,-0.07968547,0.25054383,3.640625,4.90625,8.0625,5.524148,-2.6147313,0.07322335,-0.5610757,0.27610755
175,0.5543713,6.7954,2.606799,-0.051126905,0.2867086,5.25,7.09375,13.3125,6.3242855,0.05031515,3.6744332,1.9168811,-0.08503962,0.47001958,3.78125,5.25,9.4375,6.274979,-3.120967,0.18331099,-0.049306393,0.50405616
176,-0.02691521,8.265081,2.8749053,0.046718508,0.15544415,5.6875,7.562805,12.25,5.380895,-0.075530335,5.048425,2.24687,0.0639982,0.2452836,4.5,5.96875,9.75,5.491296,-3.2166562,0.08983946,0.11040068,0.048615128
177,-0.80891174,14.218817,3.7707846,0.005898091,0.4707632,7.907776,10.375,16.75,5.624046,-0.37561232,12.067052,3.4737663,-0.007795419,0.5480752,7.1875,9.5,17.0,6.349107,-2.1517649,0.07731199,0.72506094,0.43329942
178,0.107700296,6.538409,2.5570314,-0.12754811,0.1688726,5.09375,6.75,11.1875,5.5321517,-0.16700688,3.788209,1.9463322,-0.11270903,0.2934308,3.875,5.250305,9.375,6.1052,-2.7502003,0.12455821,0.5730481,0.27470717
179,-0.11349922,6.427929,2.535336,-0.032884065,0.34452534,5.0625,6.8125,12.5625,6.2772913,-0.5516712,3.77575,1.943129,-0.018519744,0.39136505,4.03125,5.5,9.8125,6.1771865,-2.652179,0.046839714,-0.10010481,0.43817198
180,0.6592736,6.7338986,2.5949757,0.069390975,0.16178608,5.25,7.21875,11.375,5.372643,0.5471681,3.9327407,1.9831139,0.29236585,1.03334,4.03125,5.625,12.5625,7.8513083,-2.801158,0.8715539,2.4786654,0.11210555
181,-0.3146774,12.852859,3.5850883,0.084115945,0.5284798,7.28125,9.9375,16.75,5.9929357,-0.19111858,10.526079,3.244392,0.06166296,0.7755277,6.71875,9.1875,15.75,6.343665,-2.3267794,0.2470479,0.35072947,0.123558804
182,-0.68481284,7.945925,2.8188517,0.023333365,0.13108253,5.65625,7.625,12.1875,5.275187,-0.173975,5.178918,2.2757237,-0.073120765,0.38005042,4.5,6.250305,10.625,5.909205,-2.7670074,0.24896789,0.63401794,0.51083785
183,0.72093576,15.024695,3.8761702,0.22296092,0.7665322,8.1875,10.8125,22.125,7.3543973,0.5530994,12.768434,3.5732944,0.2333609,0.95280576,7.59375,10.1875,20.25,7.4308925,-2.2562618,0.18627357,0.07649517,0.16783637
184,0.5125841,8.23943,2.8704407,0.06966212,0.11721754,5.75,7.78125,11.875,5.1468315,0.8113541,4.9091377,2.2156575,0.068952136,0.19735813,4.6875,6.375,10.1875,5.466606,-3.3302927,0.08014059,0.31977463,0.29877
185,-0.9697495,5.8477464,2.4182115,-0.01096293,0.20709515,5.125,6.875,12.125,5.8695602,-0.5473137,3.4515052,1.8578227,-0.030849747,0.1972413,3.8125,5.1875,8.125,5.289566,-2.3962412,-0.00985384,-0.5799942,0.42243582
186,0.5896267,7.076236,2.6601195,0.16706893,0.5675278,5.4375,7.6875,13.875,6.5438204,0.2998028,5.1167336,2.2620199,0.13984941,0.7189026,4.5625,6.5,12.375,7.0075746,-1.9595022,0.15137482,0.46375418,0.28982392
187,-0.5274775,6.8721166,2.6214721,-0.10678637,0.32616568,5.25,7.21875,14.5,6.8911943,0.12267197,4.04184,2.0104327,-0.086355984,0.26159263,4.0,5.34375,9.0,5.654996,-2.8302765,-0.06457305,-1.2361984,0.65014946
188,0.1791689,5.7408547,2.396008,0.06786535,0.009137154,4.71875,6.1875,10.4375,5.4487667,0.17415479,3.6197035,1.9025519,0.15703492,0.24820137,3.796875,5.09375,11.375,7.5373387,-2.1211512,0.23906422,2.088572,0.0050141066
189,0.62959254,7.287741,2.6995816,0.079965845,0.12161875,5.46875,7.25,13.0,5.923808,0.26859325,4.6384773,2.1537125,0.04648664,0.18729424,4.28125,5.78125,10.875,6.3444824,-2.6492639,0.0656755,0.42067432,0.3609993
190,-0.21449643,5.8706584,2.422944,-0.005394353,0.18736815,4.8125,6.46875,11.0625,5.732111,-0.02439038,3.3399534,1.827554,-0.016526379,0.24396133,3.640625,4.84375,8.5,5.8945885,-2.530705,0.05659318,0.1624775,0.19010605
191,-0.7432599,8.049908,2.837236,-0.017635636,0.270787,5.75,7.9375,15.3125,6.5974517,-0.4443522,5.2953725,2.3011677,0.031410202,0.4115281,4.65625,6.3125,14.1875,7.6720576,-2.7545352,0.14074111,1.074606,0.2989077
192,0.7327674,6.968125,2.6397207,-0.02033165,0.08975029,5.40625,7.125,10.8125,4.9640512,0.45500556,4.3410583,2.0835207,-0.059861206,0.19155788,4.25,5.5625,8.8125,5.2068634,-2.6270666,0.101807594,0.24281216,0.27776185
193,0.078364186,7.626553,2.7616215,-0.008004204,0.20988274,5.46875,7.3125,12.25,5.60968,-0.10170553,4.665018,2.1598654,0.0064694355,0.32392073,4.3125,5.84375,10.375,6.1042633,-2.961535,0.11403799,0.49458313,0.18006971
194,-0.27894714,6.7216578,2.592616,0.054804392,0.20398712,5.126526,6.84375,12.0,5.7995687,0.0461625,4.0188317,2.0047023,0.023786448,0.3703978,3.96875,5.375,11.0,6.975077,-2.702826,0.16641068,1.1755085,0.32510966
195,-1.23916,7.992031,2.827018,0.02123357,0.26219296,6.0625,7.9375,15.9375,6.4865947,-0.4117859,4.8755283,2.2080598,0.060405802,0.26961923,4.46875,6.03125,9.0625,5.1035953,-3.1165028,0.007426262,-1.3829994,0.82737404
196,0.2917355,6.342252,2.5183828,-0.024161194,0.2250669,5.0,6.84375,11.375,5.6706905,0.35894835,3.6837437,1.9193082,0.044808663,0.31275606,3.890625,5.28125,9.1875,5.9883504,-2.658508,0.08768916,0.31765985,0.06721285
197,-0.4817053,6.952632,2.6367843,0.028892593,0.21428132,5.34375,7.0,13.4375,6.33551,-0.42535502,4.297672,2.0730827,0.03758594,0.28755856,4.15625,5.625,10.0625,6.013669,-2.6549602,0.073277235,-0.32184076,0.05635029
198,-1.3157123,6.8618493,2.6195133,-0.034081027,0.149302,5.78125,7.65625,14.6875,6.2991424,-0.5690875,3.8247595,1.9556992,-0.00061586103,0.44299006,4.03125,5.5625,9.5,5.9230337,-3.0370898,0.29368806,-0.37610865,0.7466248
199,0.268381,6.4348235,2.5366955,0.18721296,0.25314164,5.09375,6.875,12.0625,6.0148726,0.093673825,3.805393,1.9507416,0.11260907,0.2931249,3.875,5.28125,8.375,5.4361978,-2.6294305,0.039983273,-0.5786748,0.17470717
200,0.2566059,6.4689426,2.5434117,-0.035573658,0.115684986,5.0,6.75,11.1875,5.5195208,0.123856455,3.942042,1.9854577,-0.077928595,0.27748013,3.921875,5.34375,7.96875,5.0771947,-2.5269005,0.16179514,-0.44232607,0.13274944
201,-0.46616772,6.4171553,2.5332105,-0.063452005,0.18028879,5.125,6.812805,12.0,5.8947663,-0.43014395,3.6764138,1.9173976,-0.052572187,0.20999694,3.875763,5.25,10.3125,6.6416473,-2.7407415,0.029708147,0.746881,0.036023766
202,0.025651118,5.946922,2.438631,-0.0013899455,0.20801544,4.78125,6.46875,10.5625,5.478184,0.0753974,3.5895586,1.894613,-0.033274457,0.3054366,3.78125,5.125,7.59375,5.0955596,-2.3573632,0.09742117,-0.38262463,0.049746282
203,0.28164852,5.985741,2.4465775,-0.016005646,0.12907672,4.84375,6.46875,10.5,5.3716288,0.11284622,3.7885375,1.9464166,0.030538576,0.18436217,3.875,5.15625,9.3125,6.036191,-2.1972036,0.055285454,0.6645622,0.16880229
204,-0.048672035,6.809917,2.6095817,0.07384161,0.24125123,5.1875,6.96875,11.0625,5.374404,0.007212915,4.0108023,2.0026987,0.055626698,0.3180101,3.96875,5.4375,8.8125,5.5937376,-2.7991147,0.07675886,0.21933365,0.05588495
205,-0.8537839,7.030683,2.6515436,-0.0848567,0.17296267,5.5,7.40625,13.0,5.9160547,-0.19280735,4.020459,2.0051084,0.0043676393,0.3009429,4.0,5.344055,9.1875,5.774383,-3.0102239,0.12798023,-0.14167166,0.6609765
206,-0.05679439,7.9776587,2.824475,0.052674755,0.20698953,5.5625,7.5,11.875,5.3227453,-0.206531,4.8249717,2.1965818,0.04952853,0.25557494,4.40625,5.84375,9.5625,5.4830937,-3.152687,0.048585415,0.16034842,0.14973661
207,0.68683934,6.405808,2.5309699,-0.052609798,0.21629286,5.1875,6.84375,13.25,6.361737,0.21116114,3.8361938,1.9586204,-0.27215204,1.2587495,3.859375,5.3125,11.75,7.6760597,-2.5696142,1.0424566,1.314323,0.4756782
208,-0.3064258,7.004715,2.6466422,0.06748653,0.21112967,5.21875,7.0625,13.5625,6.404782,0.027520422,4.0479074,2.0119412,0.088657446,0.2641003,3.984375,5.375305,8.4375,5.3184395,-2.9568076,0.052970648,-1.0863423,0.33394623
209,-0.43378705,5.9975843,2.4489965,-0.015191834,0.13433766,4.90625,6.5,13.75,6.96912,-0.01759392,3.4334366,1.8529534,-0.032380044,0.3586533,3.6875,4.9375,9.25,6.3436394,-2.5641477,0.22431564,-0.62548065,0.41619313
210,-1.0939615,8.2382145,2.870229,0.05792364,0.18594813,6.0625,7.96875,13.0625,5.340056,-0.23963289,5.4188266,2.3278372,0.09242679,0.32043767,4.625,6.28125,10.0,5.4100647,-2.819388,0.13448954,0.070008755,0.8543286
211,-0.38050225,6.2455163,2.499103,-0.016604023,0.33883834,5.0,6.875305,12.625,6.336385,0.09150127,3.5332,1.8796809,-0.085135505,0.3769765,3.75,5.125,8.6875,5.8660574,-2.7123163,0.03813815,-0.47032738,0.47200352
212,-0.1462623,6.4858594,2.546735,0.03843645,0.18230653,5.09375,6.75,11.5,5.6982,-0.60783416,3.9789321,1.9947261,0.0013033171,0.28047132,4.125,5.59375,9.125,5.540885,-2.5069273,0.0981648,-0.15731525,0.46157187
213,0.9626318,6.7843914,2.6046865,0.02542715,0.00011563301,5.4375,7.125,10.5625,4.779151,1.021232,4.3467336,2.0848823,0.09162291,0.18095303,4.625,6.09375,10.0,5.4495263,-2.4376578,0.1808374,0.67037535,0.058600187
214,1.1766262,6.56595,2.562411,0.05715858,0.41327,5.595276,7.5,11.75,5.2714276,0.7602477,3.7708793,1.9418752,-0.04093484,0.3672483,4.09375,5.5,9.0,5.443551,-2.7950706,-0.0460217,0.17212343,0.4163785
215,-0.27089614,7.129342,2.6700828,0.05149421,0.26654768,5.28125,7.1875,11.375,5.3608084,-0.17719805,4.2632847,2.0647724,0.12852553,0.36819792,4.125,5.625,8.75,5.367348,-2.8660574,0.10165024,0.0065398216,0.093698084
216,-0.7160615,6.727199,2.5936844,0.031337168,0.32492638,5.28125,7.25,12.5,5.8645487,-0.2602619,4.3813767,2.0931737,0.11905881,0.43113017,4.15625,5.71875,11.9375,7.176433,-2.3458223,0.106203794,1.3118844,0.45579958
217,0.4679711,6.618409,2.5726268,-0.011192564,0.13038993,5.1875,6.8125,11.5,5.5463,0.4857065,3.9405801,1.9850894,0.0052719885,0.24671578,4.0,5.34375,10.5,6.5068307,-2.677829,0.116325855,0.96053076,0.017735422
218,-0.13463487,7.1423373,2.6725152,-0.042990018,0.23340678,5.28125,7.09375,12.5,5.914805,-0.17671157,4.253949,2.0625105,0.027135953,0.50694156,4.09375,5.594055,13.5,8.297549,-2.8883882,0.27353477,2.3827443,0.042076707
219,-1.0189924,6.3016257,2.510304,-0.008304535,0.28342748,5.3125,7.1875,12.125,5.649113,-0.3366269,3.7656524,1.9405289,-6.114076e-07,0.31570315,3.90625,5.28125,9.4375,6.091966,-2.5359733,0.032275677,0.44285297,0.68236554
220,0.2385855,7.378368,2.716315,-0.092332534,0.19292402,5.40625,7.28125,10.875,5.0447335,0.11396084,5.032355,2.2432911,-0.18455718,0.59496903,4.4375,6.21875,10.625,6.058296,-2.346013,0.402045,1.0135627,0.12462466
221,0.8593172,9.775675,3.1266077,-0.021495914,0.18915415,6.375,8.625,13.625,5.288058,0.37949345,7.2915945,2.7002952,0.06448821,0.42972136,5.34375,7.406555,13.1875,6.1505938,-2.4840803,0.2405672,0.86253595,0.47982374
222,0.12699229,6.496787,2.5488796,0.005771511,0.1859777,5.03125,6.844055,10.75,5.3271317,0.10482822,3.8387144,1.9592637,-0.012671528,0.35246968,3.90625,5.28125,8.375,5.4273405,-2.6580727,0.16649199,0.10020876,0.022164062
223,0.0867507,6.455587,2.5407846,0.04312286,0.15608668,5.03125,6.65625,10.5,5.2143974,-0.2530606,3.752253,1.9370733,0.012991119,0.21931791,3.875,5.15625,8.5625,5.5571046,-2.7033339,0.06323123,0.34270716,0.33981133
224,1.0984349,7.11164,2.666766,-0.08277383,0.1482439,5.65625,7.344055,10.625,4.6132846,0.24370018,4.013389,2.0033445,-0.09493256,0.39316082,3.984375,5.40625,8.75,5.4992266,-3.0982509,0.24491692,0.885942,0.8547348
225,1.2067431,6.7673135,2.601406,-0.08278469,0.19862032,5.59375,7.3125,12.875,5.6122494,0.8337494,4.30355,2.0744998,-0.0874359,0.18843937,4.375,5.71875,12.4375,6.9578657,-2.4637637,-0.01018095,1.3456163,0.3729937
226,0.25581503,6.064186,2.4625568,-0.026669776,0.16960812,4.9375,6.59375,10.875,5.551157,0.074831955,3.3289738,1.8245475,-0.04156626,0.19276261,3.640625,4.78125,7.78125,5.402002,-2.7352123,0.023154497,-0.14915514,0.18098307
227,0.20406677,6.547593,2.5588264,-0.0529231,0.17437243,5.064026,6.656555,11.75,5.7702956,0.21105218,4.1710844,2.0423234,-0.07595453,0.26858425,4.03125,5.4375,10.75,6.6196723,-2.3765087,0.09421182,0.8493767,0.006985411
228,-0.20381795,7.5519843,2.7480874,-0.042234533,0.074683666,5.46875,7.125,11.25,5.14144,0.2699413,5.1494036,2.2692297,-0.044984408,0.22152543,4.53125,6.0625,9.25,5.1349583,-2.4025807,0.14684176,-0.0064816475,0.47375923
229,0.12516288,5.7520876,2.398351,0.012561175,0.26118493,4.71875,6.40625,12.625,6.637244,0.14676549,3.6543806,1.9116434,0.05696447,0.3829515,3.8125,5.1875,10.0625,6.678132,-2.097707,0.12176657,0.040887833,0.0216026
230,2.0434504,77.76571,8.818487,0.04366804,0.113401175,17.75,24.0,40.5,5.6338873,1.4869075,76.104225,8.723774,0.025063625,0.1882143,17.375,23.625,37.25,5.3130865,-1.6614838,0.07481313,-0.32080078,0.5565429
231,-0.94228435,6.8873515,2.6243763,-0.0694161,0.19346261,5.5625,7.4375,11.8125,5.3560057,-0.50806826,4.0363436,2.0090654,-0.169602,0.47079206,4.125,5.71875,9.9375,6.1505656,-2.851008,0.27732944,0.79455996,0.43421608
232,-0.058178198,7.6528735,2.7663827,0.02614358,0.2520697,5.4375,7.34375,12.3125,5.628086,-0.2005624,4.76666,2.1832683,0.020999817,0.17448592,4.28125,5.8125,9.8125,5.644741,-2.8862133,-0.07758379,0.016654968,0.1423842
233,-0.40223476,6.554293,2.5601354,0.029679172,0.1940999,5.125,6.75,12.375,6.04126,-0.6491674,3.627939,1.904715,0.018970307,0.28730512,3.953125,5.3125,9.5,5.954807,-2.9263542,0.09320521,-0.08645296,0.24693266
234,-0.8670904,6.5330334,2.55598,-0.0022620107,0.17067814,5.3125,7.0625,12.875,6.0064135,-0.28428707,3.895435,1.9736856,-0.077771105,0.22307873,3.953125,5.375,8.625,5.488177,-2.6375983,0.05240059,-0.51823664,0.58280337
235,-0.27643424,7.3178763,2.7051573,-0.079299815,0.18601036,5.376526,7.15625,13.375,6.2199483,0.1288915,4.565818,2.1367774,-0.059213318,0.21676683,4.21875,5.6875,9.1875,5.432637,-2.7520585,0.030756474,-0.7873111,0.40532574
236,-1.2656301,14.145147,3.7610035,-0.0052432064,0.10002303,7.8125,10.375,16.25,5.152632,-0.3598505,10.513356,3.2424307,-0.030661158,0.13261795,6.5,8.5,15.3125,5.9310284,-3.631791,0.03259492,0.7783961,0.9057796
237,-0.17486095,6.8420196,2.6157255,0.121842474,0.21099424,5.15625,6.875305,11.5,5.5332403,0.040247682,4.052924,2.0131876,0.10008772,0.3335724,4.0,5.40625,9.75,6.139583,-2.7890954,0.122578144,0.6063428,0.21510863
238,0.28972828,5.9670486,2.4427543,0.031226965,0.1843481,4.84375,6.59375,11.8125,6.071102,0.3138049,3.607641,1.8993791,0.020984951,0.22067928,3.796875,5.09375,9.625,6.3295636,-2.3594077,0.036331177,0.25846148,0.02407661
239,1.6467203,5.908466,2.4307337,0.002960127,0.092398405,5.6875,7.437805,12.375,5.227731,1.1104835,3.2894094,1.8136729,0.13542287,0.63900185,4.125,5.59375,11.75,6.9650135,-2.6190565,0.54660344,1.7372823,0.53623676
240,-0.8288201,24.806108,4.980573,0.016161121,0.06652331,9.9375,13.0625,19.625,4.878825,-0.5200487,20.514791,4.5293255,-0.033517204,0.342489,9.003052,12.5625,20.0,5.5719314,-4.291317,0.2759657,0.6931062,0.30877143
241,0.15303439,6.214388,2.4928675,-0.039811525,0.15724301,4.90625,6.625,11.125,5.619306,-0.054371875,3.573826,1.8904566,-0.044101298,0.3128121,3.734375,5.094055,9.75,6.541406,-2.6405618,0.15556908,0.92210007,0.20740627
242,-0.46630326,6.637525,2.5763395,-0.043581057,0.23934603,5.15625,6.875,14.5,6.992407,-0.6716465,3.864992,1.9659582,-0.10734276,0.4553783,4.09375,5.6875,12.4375,7.624724,-2.7725332,0.21603227,0.63231707,0.20534322
243,0.37807125,6.3308563,2.5161192,0.13286828,0.18574214,5.0,6.71875,12.25,6.0837555,-0.08528608,3.6034827,1.8982842,0.12625866,0.26112318,3.75,5.03125,9.25,6.168527,-2.7273736,0.07538104,0.08477163,0.46335733
244,0.2865917,5.374517,2.3183005,-0.043969676,0.30435562,4.65625,6.1875,13.125,7.110504,0.18647613,3.103213,1.7615939,-0.008100164,0.32469678,3.53125,4.8125,7.71875,5.5418363,-2.271304,0.020341158,-1.5686679,0.10011558
245,-0.10428887,6.6737866,2.5833673,-0.02202285,0.13072991,5.125,6.812805,10.75,5.2398305,0.006497241,3.8401356,1.9596264,0.022215087,0.27705932,3.90625,5.25,9.3125,6.0416927,-2.833651,0.1463294,0.80186224,0.11078611
246,1.7687062,8.097898,2.8456805,0.048421904,0.14404392,6.5625,8.625,15.625,5.838406,1.0114583,5.2889566,2.2997732,0.030682025,0.26688552,5.0,6.65625,12.0625,6.0816827,-2.808941,0.1228416,0.2432766,0.7572479
247,-0.046216264,6.706067,2.5896075,0.012452283,0.26927423,5.125,6.937805,11.6875,5.7173285,-0.30023786,4.085949,2.021373,-0.02475369,0.30698323,4.03125,5.46875,9.8125,6.0851903,-2.6201181,0.037708998,0.36786175,0.25402158
248,-0.32644087,6.3007846,2.5101364,-0.13594756,0.23599648,5.0,6.78125,12.75,6.3854575,-0.5184676,3.7741363,1.9427136,-0.05706967,0.3740964,3.96875,5.40625,10.3125,6.538234,-2.5266483,0.13809991,0.15277672,0.19202673
249,-0.10801267,9.572841,3.0940008,0.023093948,0.40334892,6.125,8.625,14.4375,5.9407206,-0.31935868,6.454926,2.5406547,0.04528363,0.44054842,5.125,6.96875,12.4375,6.199137,-3.1179147,0.037199497,0.25841665,0.211346
250,-0.5671933,7.0807123,2.6609607,-0.044639047,0.12851763,5.375,7.125,12.0,5.556213,-0.47871807,4.1881256,2.0464911,-0.10341818,0.29483128,4.1875,5.6875,9.5625,5.79898,-2.8925867,0.16631365,0.24276733,0.08847526
251,0.06948581,6.436373,2.537001,-0.006575971,0.27518344,5.03125,6.719055,12.625,6.2992215,0.40093616,3.8482559,1.9616972,0.03971174,0.42070127,3.984375,5.375,10.875,6.912112,-2.5881174,0.14551783,0.6128907,0.33145034
252,0.30851552,10.236494,3.1994522,0.068959676,0.2019422,6.40625,8.5625,14.3125,5.6447554,0.09039062,7.6683545,2.7691793,0.073418155,0.27967572,5.59375,7.406555,11.8125,5.4364123,-2.5681396,0.07773352,-0.20834303,0.2181249
253,0.15009817,5.614957,2.36959,0.07421649,0.29174662,4.71875,6.34375,11.3125,6.0506372,-0.067681335,3.2671514,1.8075264,0.058162127,0.3480301,3.59375,4.90625,9.0625,6.3869915,-2.3478055,0.056283474,0.33635426,0.21777952
254,0.030913299,6.6817713,2.5849123,0.038684763,0.26284504,5.09375,6.9375,12.4375,6.1114755,-0.38902745,3.9678075,1.9919356,0.0062254122,0.3339274,3.985138,5.469055,10.375,6.4779463,-2.7139637,0.07108235,0.3664708,0.41994074
255,0.7468123,6.23822,2.497643,-0.04162213,0.14179039,5.15625,6.75,12.5625,6.0732145,0.04615371,3.8545914,1.9633113,0.03626518,0.32845378,3.90625,5.34375,9.3125,6.0365815,-2.3836288,0.18666339,-0.036633015,0.70065856
256,0.5591146,6.472232,2.544058,0.08215219,0.20684004,5.15625,6.9375,14.0,6.796926,-0.1368283,3.9552336,1.9887769,-0.002487702,0.30663753,3.953125,5.40625,9.0625,5.7821574,-2.5169983,0.09979749,-1.0147686,0.6959429
257,0.47833696,6.637317,2.5762992,-0.012551481,0.22654104,5.1875,7.0,12.0,5.7910094,0.515819,3.9313402,1.9827608,0.035661787,0.31599474,4.03125,5.53125,10.25,6.35366,-2.705977,0.0894537,0.5626507,0.037482053
258,0.79249007,7.3940063,2.7191923,0.10161585,0.21346068,5.59375,7.5625,12.625,5.6564384,0.035136916,4.211429,2.0521767,0.08191861,0.17319417,4.0,5.4375,9.4375,5.8010526,-3.1825771,-0.040266514,0.14461422,0.7573531
259,0.7470871,6.7242756,2.5931208,0.060296673,0.29307818,5.34375,7.3125,11.875,5.6023,0.25889736,4.376866,2.092096,0.0954713,0.3583572,4.15625,5.84375,10.125,6.1214952,-2.3474097,0.06527901,0.5191951,0.48818976
260,0.61824393,6.710239,2.5904129,0.025397118,0.19320464,5.282776,7.0,11.5,5.469918,0.42763126,4.097415,2.0242074,-0.046079822,0.48779655,4.125,5.625,11.125,6.858511,-2.612824,0.2945919,1.3885932,0.19061267
261,0.2044996,6.028461,2.4552925,0.083791725,0.2223103,4.90625,6.5625,11.5,5.917996,-0.095355324,3.3499415,1.8302846,0.053169984,0.31640744,3.625,4.90625,8.375,5.813691,-2.6785195,0.09409714,-0.10430479,0.29985493
262,-0.3210614,5.897985,2.4285767,-0.021537712,0.13638091,4.8125,6.40625,10.875,5.59392,0.111617796,3.380434,1.8385956,0.037973654,0.3734162,3.65625,4.96875,9.125,6.2993307,-2.517551,0.23703527,0.7054105,0.4326792
263,-0.20785615,6.5101275,2.551495,0.011301288,0.21496892,5.0625,6.8125,10.75,5.316839,0.008202637,3.6706996,1.915907,0.024042856,0.30078554,3.8125,5.125,8.375,5.5591307,-2.839428,0.08581662,0.24229145,0.21605879
264,0.8951563,5.9814954,2.4457097,-0.016779713,0.16078138,5.1875,6.71875,11.125,5.3792143,0.63208914,3.4074817,1.8459365,-0.06075226,0.20820212,3.859375,5.031555,8.375,5.400104,-2.5740137,0.04742074,0.020889759,0.2630672
265,0.32673612,8.020629,2.8320715,0.054317046,0.13353372,5.5625,7.46875,14.125,6.244787,0.6847915,5.2636676,2.2942684,0.071108766,0.28115416,4.720276,6.46875,11.1875,5.9167895,-2.7569613,0.14762044,-0.32799768,0.35805538
266,0.022323316,7.6389413,2.7638636,-0.15311906,0.2885933,5.5,7.5,14.1875,6.5104594,-0.1252,4.5732274,2.1385105,-0.08099709,0.36034894,4.28125,5.8125,9.5625,5.6875315,-3.065714,0.07175565,-0.82292795,0.14752331
267,-0.22497956,6.2799892,2.5059907,0.07235281,0.29840112,4.96875,6.6875,12.9375,6.512566,-0.22303323,3.5491617,1.8839219,0.05273583,0.4294026,3.75,5.15625,10.6875,7.1645947,-2.7308276,0.13100147,0.65202856,0.0019463301
268,0.31267837,7.3482766,2.7107704,0.053713907,0.14961839,5.40625,7.21875,11.625,5.388207,0.37372518,4.359315,2.0878973,0.1444975,0.15894532,4.21875,5.625,9.875,5.8876424,-2.9889617,0.009326935,0.49943542,0.06104681
269,-1.6898102,7.8045554,2.7936635,-0.09756642,0.18746114,6.40625,8.4375,14.25,5.4918647,-0.76233006,4.7345552,2.1759033,-0.094318606,0.34792686,4.59375,6.21875,10.9375,6.0384803,-3.0700002,0.16046572,0.5466156,0.9274801
270,-0.008725687,7.002724,2.646266,0.05518563,0.23686957,5.21875,7.0625,11.6875,5.578585,-0.105304,4.1465955,2.036319,0.0081267655,0.29984045,4.03125,5.4375,10.5,6.5261073,-2.8561287,0.06297088,0.94752216,0.096578315
271,-0.12364377,6.530778,2.5555387,0.006791595,0.19351125,5.03125,6.75,11.75,5.8130217,-0.40829986,3.808095,1.9514341,0.016801126,0.20620942,3.953125,5.25,8.9375,5.6658707,-2.722683,0.0126981735,-0.147151,0.2846561
272,0.52373904,6.168279,2.483602,0.013057164,0.1558466,5.0,6.75,12.0,5.9673386,-0.18833089,3.7723331,1.9422495,-0.084608085,0.21085668,3.875,5.21875,9.375,6.069955,-2.395946,0.05501008,0.10261631,0.7120699
273,-0.61088413,6.0415144,2.4579492,-0.079043604,0.2839694,4.96875,6.71875,14.375,7.188251,-0.44631904,3.7588558,1.9387769,-0.023322603,0.19801235,3.953125,5.25,9.125,5.8122454,-2.2826586,-0.08595705,-1.3760056,0.16456509
274,-0.8464004,6.4521985,2.5401177,-0.017125294,0.20883083,5.25,7.0625,10.875,5.1338406,-0.47185054,3.6839254,1.9193555,-0.034478188,0.29870558,3.921875,5.3125,8.9375,5.740202,-2.768273,0.089874744,0.6063614,0.37454984
275,0.44026747,6.8016334,2.607994,-0.06954258,0.12558174,5.1875,6.90625,11.25,5.347238,0.3857291,3.8911562,1.9726014,0.06428601,0.23134279,3.96875,5.375,10.8125,6.7997937,-2.9104772,0.10576105,1.4525557,0.05453837
276,0.03103261,8.450384,2.9069545,0.062960275,0.5603304,5.814026,8.0625,15.125,6.6853485,-0.26679036,6.1050963,2.4708493,0.10032534,0.7865803,5.0,6.9375,14.8125,7.676944,-2.3452878,0.22624993,0.99159527,0.29782298
277,0.6744962,7.1676383,2.6772444,0.04369461,0.37886453,5.40625,7.46875,13.875,6.3901434,0.5783396,4.400861,2.097823,0.023560978,0.41777492,4.3125,5.96875,9.8125,5.7332478,-2.7667775,0.03891039,-0.65689564,0.0961566
278,-1.0434635,6.558841,2.5610235,0.014976562,0.15954208,5.40625,7.25,10.75,4.881739,-0.6047547,3.7415977,1.9343209,0.047836162,0.2829175,3.96875,5.375,10.375,6.4599543,-2.8172436,0.123375416,1.5782151,0.43870878
279,-0.8321375,6.6336555,2.5755885,-0.06755163,0.13605571,5.3125,7.125,13.0,6.055813,-0.5428377,3.7214587,1.9291083,-0.098959774,0.19091225,4.0,5.375,8.0625,5.108365,-2.9121969,0.05485654,-0.9474478,0.28929985
280,-0.20285839,9.5694065,3.0934458,-0.110465676,0.028205872,6.125,8.0,12.6875,5.1464,-0.18246514,6.7509537,2.5982597,-0.108224995,0.1068759,5.15625,6.75,12.25,5.9292464,-2.8184528,0.078670025,0.78284645,0.020393252
281,-0.011189502,6.6704736,2.582726,0.028640395,0.2690878,5.095276,6.96875,12.5625,6.164096,0.06287119,3.9792218,1.9947987,0.104055114,0.273072,4.0,5.34375,8.8125,5.6097445,-2.6912518,0.003984213,-0.55435133,0.07406069
282,0.22864367,12.214055,3.4948611,0.08023747,0.50385237,7.0625,9.8125,16.625,6.1174526,0.10128184,9.938568,3.1525495,0.10183843,0.8869901,6.375,9.125,18.75,7.723049,-2.275487,0.3831377,1.6055965,0.12736183
283,0.96670604,7.1550775,2.6748977,0.035458382,0.18080592,5.6875,7.500305,11.375,5.058344,0.40231153,4.3651447,2.0892928,0.06506019,0.29932952,4.21875,5.625,10.6875,6.388727,-2.7899327,0.1185236,1.3303833,0.5643945
284,-0.2868013,6.4511943,2.53992,0.112722285,0.2747693,5.0625,6.812805,11.9375,5.911594,-0.14291494,3.8357844,1.9585159,0.100406215,0.37207198,3.90625,5.25,9.0,5.8207107,-2.6154099,0.097302675,-0.090883255,0.14388637
285,0.36376464,5.8121295,2.4108357,0.026086904,0.23251414,4.78125,6.5,11.75,6.0946,0.27758142,3.4297738,1.8519648,0.079433985,0.41344643,3.71875,5.094055,9.0625,6.1781893,-2.3823557,0.18093228,0.08358908,0.08618322
286,-0.035170082,8.830167,2.9715598,0.055028398,0.19802976,5.875,7.875,11.9375,5.062039,-0.09581728,5.856868,2.4200966,0.037449934,0.4662373,4.8125,6.71875,12.1875,6.428167,-2.973299,0.26820755,1.366128,0.0606472
287,0.17668049,6.547301,2.5587695,0.083533555,0.21306896,5.03125,6.812805,12.375,6.10012,0.40109017,4.0295463,2.0073729,0.109047495,0.3191223,4.125,5.625,10.0625,6.2705717,-2.5177546,0.10605335,0.17045164,0.22440968
288,-0.45880854,11.280951,3.3587127,0.03761534,0.47618198,6.75,9.25061,15.5625,5.8882585,0.02982873,9.102192,3.016984,0.025708066,0.64891624,6.0625,8.43811,15.25,6.545139,-2.1787586,0.17273426,0.6568804,0.48863727
289,-0.28532267,6.3991423,2.5296526,0.021163154,0.15247536,5.0,6.65625,11.9375,5.9310775,-0.24768081,3.9918962,1.997973,-0.0407789,0.26744938,4.0625,5.375,9.1875,5.8110924,-2.407246,0.11497402,-0.1199851,0.037641853
290,1.0990096,6.3089767,2.5117676,0.0011474761,0.16711664,5.375,7.1875,10.625,4.8793077,0.96288484,3.911787,1.9778239,-0.04832119,0.38111353,4.34375,5.78125,9.8125,5.6182885,-2.3971896,0.21399689,0.73898077,0.13612479
291,-0.5357492,27.812794,5.2737837,-0.26264992,0.66236734,10.75,15.0625,26.25,6.3930197,-0.18268338,23.995468,4.898517,-0.2908882,0.87431884,9.875,14.1875,26.625,7.0369043,-3.8173256,0.2119515,0.64388466,0.35306582
292,0.35763013,6.0889163,2.467573,0.017677743,0.1278727,4.875,6.5625,10.6875,5.4043474,0.5117154,3.7194254,1.9285812,0.033271417,0.23583317,3.9375,5.25,8.875,5.6261277,-2.3694909,0.10796046,0.2217803,0.15408528
293,-0.31034967,6.3575683,2.521422,-0.02386409,0.24321556,5.03125,6.844055,10.6875,5.3484945,0.027367773,3.761528,1.9394659,-0.021567822,0.23341846,3.84375,5.1875,8.0,5.2251897,-2.5960402,-0.009797096,-0.123304844,0.33771744
294,1.2050383,9.216908,3.035936,0.062156472,0.1409707,6.4375,8.625,13.25,5.126183,0.93009824,5.927824,2.4347124,0.16365148,0.34442186,5.21875,7.0625,12.8125,6.2715883,-3.2890844,0.20345116,1.1454053,0.27494007
295,0.13113885,8.0252285,2.8328834,-0.10635781,0.25366044,5.625,7.5625,12.625,5.630282,-0.28359276,4.82951,2.1976147,-0.035457883,0.24114513,4.4375,5.90625,9.375,5.3716593,-3.1957183,-0.0125153065,-0.25862265,0.41473162
296,0.35120365,6.73416,2.595026,-0.019462435,0.2677412,5.1875,7.09375,12.125,5.8756776,0.059188817,4.305319,2.0749261,0.0750705,0.3335328,4.09375,5.625,8.625,5.276423,-2.428841,0.06579161,-0.5992546,0.29201484
297,-0.91275793,6.221567,2.494307,-0.013386521,0.30541492,5.21875,7.09375,12.6875,6.025948,-0.15833719,3.4644742,1.8613098,-0.026972065,0.26937437,3.6875,4.96875,8.5625,5.808376,-2.757093,-0.036040545,-0.21757221,0.75442076
298,0.44247627,6.359429,2.5217907,-0.0408686,0.3388059,5.0625,6.875,12.6875,6.2768965,0.15110405,3.5264013,1.8778715,0.03758816,0.34136963,3.703888,5.062805,8.375,5.644647,-2.8330276,0.002563715,-0.63224936,0.29137224
299,-0.4688709,6.024999,2.4545875,0.03931111,0.21801591,4.9375,6.53125,11.0625,5.5894823,0.0225682,3.2978437,1.8159966,0.022957686,0.32127166,3.609375,4.90625,8.625,6.0377893,-2.7271554,0.10325575,0.44830704,0.4914391
300,0.018710865,9.4414625,3.0726962,0.0636233,0.07854366,6.0625,8.0,14.3125,5.874647,0.2920276,6.181173,2.4861965,0.08575028,0.16391969,4.96875,6.625,11.375,5.741517,-3.2602897,0.085376024,-0.13313007,0.27331674
301,0.02098355,6.6525197,2.579248,-0.01804897,0.19650912,5.0625,6.90625,11.75,5.7607303,0.22854604,4.3538136,2.0865793,-0.046152648,0.30655694,4.15625,5.65625,10.125,6.1228323,-2.298706,0.11004782,0.36210203,0.20756249
302,-1.0648224,19.45158,4.4103947,-0.14679947,0.15190601,9.0,12.1875,19.625,5.490171,-0.7236251,16.660147,4.081684,-0.12621506,0.20437431,8.1875,11.125,18.5,5.670541,-2.7914333,0.0524683,0.18036985,0.3411973
303,-0.19530393,6.8321524,2.6138387,0.013116302,0.18026495,5.15625,6.8125,11.6875,5.634037,-0.004297705,3.83395,1.9580475,0.017841449,0.3937378,3.921875,5.281555,9.3125,6.075411,-2.9982023,0.21347284,0.44137383,0.19100623
304,0.46574673,19.570288,4.423832,-0.1944484,0.050884485,8.6875,11.3125,19.875,5.614832,0.111638576,16.501661,4.062224,-0.25099558,0.22344041,8.0,10.625,23.375,7.325289,-3.0686264,0.17255592,1.7104568,0.35410815
305,-0.9134985,10.016489,3.1648836,0.04429628,0.12969041,6.53125,8.625,15.1875,5.808041,-0.24679083,7.1112447,2.6666918,0.03237939,0.21985579,5.3125,7.062805,12.625,5.976558,-2.9052444,0.09016538,0.16851711,0.6667077
306,0.3478441,7.6353483,2.7632134,0.052786063,0.15161777,5.4375,7.375,12.6875,5.7523184,-0.026021436,4.7881303,2.1881797,0.015872167,0.34856868,4.3125,5.875,10.25,5.938734,-2.847218,0.19695091,0.18641567,0.37386554
307,0.33708113,8.053079,2.8377948,0.12396855,0.19904399,5.6875,7.6875,12.0625,5.355163,0.86194855,5.0916553,2.2564697,0.0849273,0.40971255,4.78125,6.59375,12.375,6.531171,-2.9614234,0.21066856,1.1760077,0.5248674
308,0.15265764,6.1481524,2.4795468,0.02953158,0.17788744,4.90625,6.625,10.5,5.332019,-0.32129332,3.5899925,1.8947276,-0.023822883,0.13907456,3.796875,5.0,8.9375,5.870274,-2.5581598,-0.038812876,0.5382552,0.47395098
309,0.44489816,6.962815,2.6387146,-0.050653912,0.0958848,5.3125,6.90625,12.0625,5.668619,0.29823944,3.9310594,1.98269,-0.052438434,0.26170802,3.984375,5.344055,8.5625,5.412169,-3.0317554,0.16582322,-0.25645018,0.14665872
310,0.22487757,6.5902376,2.5671458,0.04145584,0.17635417,5.0625,6.75,12.0,5.869336,0.41578975,3.7320702,1.9318566,0.07370317,0.33716202,3.90625,5.375,9.3125,5.9932795,-2.8581674,0.16080785,0.12394333,0.19091219
311,-0.3685331,13.077626,3.6163,0.033851165,0.55266976,7.21875,9.9375,18.875,6.625112,-0.054160573,10.873453,3.297492,0.029595044,0.674979,6.625,9.125,17.375,6.790577,-2.204173,0.12230921,0.16546488,0.31437254
312,0.04879277,5.8778877,2.4244356,-0.04141951,0.23609376,4.8125,6.5,10.5,5.486229,-0.15268208,3.3424401,1.8282342,-0.047664464,0.2769363,3.640625,4.9375,7.8125,5.4009857,-2.5354476,0.040842533,-0.085243225,0.20147485
313,-0.30630878,6.698826,2.588209,-0.029819919,0.24708414,5.1875,6.9375,12.375,6.016527,0.2797296,3.8962996,1.9739046,0.026280785,0.37063694,3.9375,5.40625,11.0625,7.059826,-2.8025262,0.1235528,1.0432987,0.58603835
314,0.15427513,7.4305086,2.725896,-0.067283645,0.26505303,5.4375,7.3125,12.125,5.6391206,-0.16892463,4.4754367,2.1155229,-0.1031446,0.33684278,4.21875,5.6875,10.4375,6.2642527,-2.955072,0.07178974,0.6251321,0.32319975
315,-1.0802687,6.190586,2.4880888,-0.062251743,0.28981185,5.375,7.187805,13.3125,6.2111278,-0.5451911,3.6433692,1.9087611,-0.104211725,0.34720373,3.96875,5.40625,10.0,6.4194984,-2.547217,0.057391882,0.20837069,0.53507763
316,1.567727,7.63309,2.7628047,0.024640169,0.13946033,6.1875,8.18811,13.0,5.123569,0.8737429,4.723002,2.1732469,0.03629431,0.31049085,4.625,6.250305,10.625,5.7297993,-2.910088,0.17103052,0.60623026,0.6939841
317,0.22321455,5.472026,2.3392363,0.055673897,0.23810458,4.625,6.187805,10.625,5.7315855,0.18262343,2.9298434,1.7116785,0.12723412,0.33496666,3.421875,4.75,7.625,5.6475115,-2.5421824,0.09686208,-0.08407402,0.04059112
318,-0.97122854,6.300051,2.5099902,-0.04767723,0.13302922,5.375,7.0625,11.5,5.4010644,-0.5630936,3.9505496,1.9875989,-0.10812467,0.21188045,4.125,5.53125,9.25,5.676207,-2.3495016,0.07885122,0.27514267,0.40813494
319,0.29818484,7.1884923,2.6811364,0.11614555,0.36298728,5.3125,7.28125,13.375,6.3105693,0.15548071,4.1785975,2.0441618,0.17925572,0.4225719,4.0625,5.625,10.5,6.5210586,-3.0098948,0.059584618,0.21048927,0.14270413
320,-0.09351717,7.00821,2.6473024,-0.02276591,0.14396548,5.21875,7.03125,13.375,6.373866,-0.5109081,4.358911,2.0878005,0.03379587,0.18532252,4.21875,5.59375,10.3125,6.033869,-2.6492991,0.04135704,-0.3399973,0.41739094
321,0.2280293,6.743497,2.5968244,-0.0039282995,0.2077477,5.15625,6.875,11.5,5.5688777,-0.14281744,3.9306886,1.9825964,-0.09181999,0.305223,3.953125,5.3125,8.75,5.5952196,-2.8128083,0.09747529,0.026341915,0.37084675
322,-0.24773647,7.4585857,2.7310412,0.021560408,0.101480246,5.40625,7.156555,12.25,5.612463,-0.30925432,4.498645,2.121001,0.0032277447,0.23705363,4.25,5.75,8.875,5.245769,-2.959941,0.13557339,-0.36669397,0.06151785
323,-0.06809343,6.2665706,2.5033119,-0.053478245,0.16872358,4.9375,6.5625,11.25,5.680374,-0.060596094,3.6982598,1.923086,-0.06079106,0.2229631,3.813263,5.125305,9.1875,6.041637,-2.5683107,0.05423951,0.3612628,0.007497333
324,-0.33015713,6.3304305,2.5160346,0.04661433,0.2541361,5.0,6.719055,10.8125,5.3950105,-0.39493427,3.6305828,1.9054089,0.0022102662,0.3227489,3.875,5.1875,9.625,6.268625,-2.6998477,0.068612814,0.8736143,0.064777136
325,0.30862454,7.0197625,2.6494834,0.085750036,0.20240283,5.28125,7.09375,14.375,6.8252654,0.2855891,4.3895326,2.0951211,0.02988999,0.32738996,4.21875,5.6875,10.8125,6.4961085,-2.63023,0.124987125,-0.32915688,0.023035437
326,0.03643228,8.135971,2.8523624,-0.11029143,0.11075401,5.625,7.46875,12.8125,5.6522646,-0.16259114,5.401679,2.3241513,-0.11870359,0.34146976,4.625,6.28125,10.6875,5.839404,-2.734292,0.23071575,0.18713951,0.19902343
327,-0.52676165,7.2044654,2.6841135,-0.0843721,0.12284708,5.40625,7.125,11.6875,5.413765,-0.3609493,4.701686,2.168337,-0.0927711,0.2223916,4.34375,5.84375,10.5,6.074388,-2.5027795,0.099544525,0.6606231,0.16581234
328,1.1668806,7.117666,2.6678953,-0.00555603,0.1070416,5.71875,7.5,12.125,5.229721,0.4625564,4.333014,2.0815892,-0.036979035,0.14066124,4.21875,5.5,8.875,5.235434,-2.7846518,0.033619642,0.005712986,0.70432425
329,0.48264468,6.7008586,2.5886016,-0.009764618,0.20700622,5.1875,6.9375,11.5625,5.554513,0.561021,4.1021056,2.0253656,-0.018586602,0.31912827,4.126526,5.65625,9.75,5.8786206,-2.598753,0.11212206,0.32410765,0.07837629
330,0.605932,6.2718577,2.5043678,0.0035412565,0.1503141,5.0625,6.78125,11.4375,5.59923,0.6090551,4.175551,2.0434165,-0.00612938,0.20740509,4.21875,5.65625,9.375,5.546418,-2.0963068,0.057090998,-0.052811623,0.0031231046
331,-1.0205427,13.607319,3.6888099,0.05273736,0.18277669,7.46875,10.0625,17.875,5.863549,-0.22819316,9.881696,3.1435165,0.07357335,0.22109222,6.1875,8.37561,13.375,5.366689,-3.7256231,0.038315535,-0.49686003,0.7923496
332,-0.25831303,6.2173405,2.4934595,0.025902689,0.2617643,5.0,6.6875,10.75,5.4431195,-0.0807189,3.7736614,1.9425914,-0.02506441,0.32818198,3.875,5.3125,9.0,5.8987274,-2.443679,0.066417694,0.4556079,0.17759413
333,-0.73355734,6.790239,2.6058087,-0.046593998,0.15027452,5.375,7.1875,10.875,5.079158,-0.30938497,4.3314548,2.0812147,-0.03440325,0.28702474,4.15625,5.625,11.625,7.0112295,-2.458784,0.13675022,1.9320717,0.42417237
334,109.32043,1069.2189,32.698914,5.0036306,65.6083,150.0,168.0,600.0,5.488416,109.04008,1058.6451,32.536827,4.9796834,65.30734,150.0,168.0,600.0,5.502531,-10.57373,-0.30095673,0.014114857,0.28034973
335,0.22520562,7.239926,2.690711,-0.076757066,0.27335405,5.3125,7.1875,12.9375,6.061018,-0.0756562,4.2883697,2.070838,0.020531,0.46634912,4.125,5.6875,9.6875,5.985133,-2.9515562,0.19299507,-0.07588482,0.3008618
336,0.3587298,6.5242267,2.5542567,0.026108166,0.11456156,5.09375,6.719055,11.5,5.629659,0.1085808,3.853118,1.962936,0.08355203,0.2227037,3.890625,5.25,9.9375,6.3903966,-2.6711087,0.10814214,0.7607374,0.250149
337,0.08918115,7.06379,2.6577792,-0.01665161,0.31085968,5.25,7.15625,11.6875,5.5786834,0.41992584,3.8091507,1.9517045,-0.012960176,0.47028112,3.985138,5.46875,8.8125,5.6405153,-3.2546391,0.15942144,0.06183195,0.33074468
338,-0.26279396,7.1874413,2.6809404,0.018883012,0.11515045,5.3125,7.094055,10.5,4.9126906,-0.16819629,4.2211146,2.0545352,0.019654308,0.13226366,4.0625,5.34375,10.3125,6.311884,-2.9663267,0.017113209,1.3991933,0.09459767
339,0.18686363,7.4701767,2.7331624,0.08394993,0.1793716,5.4375,7.34375,12.375,5.708366,0.4149947,4.22579,2.0556726,0.0025992782,0.2794547,4.1875,5.59375,8.6875,5.253958,-3.2443867,0.10008311,-0.4544077,0.22813106
340,0.31842208,5.8133087,2.4110804,0.058172863,0.19235468,4.8125,6.5,10.3125,5.3800206,-0.09118744,3.5054274,1.8722787,0.20082429,0.8760319,3.703125,5.15625,10.625,7.2656217,-2.3078814,0.6836772,1.885601,0.40960953
341,0.7138669,6.321245,2.5142086,0.027605146,0.39746165,5.1875,7.062805,12.625,6.1520815,0.28299752,3.8487144,1.961814,0.044311944,0.34421182,3.921875,5.34375,8.9375,5.7295094,-2.4725308,-0.053249836,-0.42257214,0.43086937
342,0.3661311,6.0156584,2.452684,0.040507972,0.2909794,4.90625,6.6875,11.5,5.8782644,0.13736841,3.3784676,1.8380609,0.08631721,0.48008156,3.671875,5.094055,9.4375,6.541123,-2.6371908,0.18910217,0.6628585,0.22876269
343,-0.026535125,5.766135,2.4012778,-0.0022933409,0.14448571,4.75,6.3125,10.6875,5.6174645,-0.15854512,3.4161925,1.8482945,-0.011113274,0.28266644,3.65625,5.03125,8.8125,6.0148196,-2.3499427,0.13818073,0.39735508,0.13201
344,-0.11096174,8.242861,2.8710382,0.016720792,0.19211006,5.625,7.6875,11.875,5.211812,0.04942554,5.3387585,2.3105752,0.06117202,0.1960895,4.53125,6.125,11.0625,6.0498304,-2.9041023,0.0039794445,0.8380184,0.16038728
345,-0.26278892,7.267217,2.6957777,0.026235312,0.3002391,5.375,7.3125,11.25,5.2703013,-0.30386716,5.18938,2.278021,0.06119518,0.46084595,4.5,6.25,11.3125,6.2584753,-2.077837,0.16060686,0.98817396,0.04107824
346,0.36222494,6.5276103,2.5549188,0.042842362,0.20415545,5.125,6.84375,11.0,5.397736,0.26428545,3.7449796,1.935195,0.080252565,0.2738943,3.875,5.25,8.625,5.618479,-2.7826307,0.069738865,0.2207427,0.09793949
347,-0.28810143,15.809658,3.976136,-0.10746901,0.19249201,7.84375,10.62561,18.0,5.711903,-0.42085254,12.68914,3.562182,-0.14578281,0.21854639,7.0625,9.75,16.125,5.6975536,-3.1205177,0.026054382,-0.014349461,0.1327511
348,-0.10677311,5.4607396,2.3368225,-0.049353678,0.20366645,4.625,6.1875,10.0625,5.443509,0.02025066,3.4437325,1.8557297,-0.049241494,0.34594464,3.71875,5.0,8.875,6.08306,-2.017007,0.1422782,0.6395507,0.12702377
349,0.84815633,6.7727427,2.6024494,-0.0008013067,0.11304569,5.34375,7.125305,11.875,5.4383917,0.6301504,3.9435349,1.9858335,0.0080141835,0.2778418,4.125,5.59375,10.125,6.139819,-2.829208,0.16479611,0.70142746,0.21800596
350,0.99127966,24.716951,4.9716144,-0.12335748,0.42519045,9.9375,13.5625,27.5,6.8549337,-0.09935078,21.452372,4.6316705,-0.11678483,0.5131464,9.25,12.75,28.0,7.7312307,-3.2645798,0.08795595,0.876297,1.0906304
351,0.8009108,6.518693,2.553173,-0.04093483,0.09110665,5.28125,6.937805,10.75,5.0429664,0.07111819,4.1625657,2.0402367,0.029454987,0.2037065,4.0625,5.46875,8.75,5.4282947,-2.3561273,0.11259985,0.3853283,0.7297926
352,0.072329566,30.150537,5.4909506,-0.05714742,0.055026293,10.8125,14.125,25.625,5.865846,0.2353125,25.594019,5.059053,-0.05846296,0.09552693,9.875,13.375,20.125,4.997336,-4.5565186,0.04050064,-0.86851025,0.16298294
353,0.6221063,6.9843955,2.6428008,0.058351513,0.20967674,5.34375,7.15625,13.3125,6.1996098,0.25573257,4.651071,2.156634,0.09280918,0.28462553,4.28125,5.9375,9.75,5.689776,-2.3333244,0.07494879,-0.5098338,0.36637375
354,-0.049629845,14.763828,3.8423727,0.09336867,0.5906868,7.78125,10.75,18.375,6.191404,0.05768257,12.44041,3.5270965,0.11222029,0.64139795,7.25,9.8125,19.625,7.222031,-2.3234186,0.050711155,1.0306273,0.10731241
355,-0.9301681,10.2996435,3.2093058,-0.11368599,0.4319129,6.75,9.0,17.625,6.754574,-0.38654914,7.850789,2.801926,-0.054983526,0.5153763,5.689026,7.75,14.9375,6.7810483,-2.4488544,0.08346343,0.026474476,0.5436189
356,0.7425431,6.497095,2.54894,-0.038516738,0.3781898,5.25,6.96875,13.3125,6.347331,0.60743743,3.8527446,1.9628409,0.0053917966,0.4241202,4.0625,5.5625,9.0625,5.6129365,-2.6443505,0.045930386,-0.73439455,0.13510567
357,0.48090723,6.767112,2.6013672,-0.016453357,0.28164625,5.1875,7.0625,12.25,5.871611,0.7282391,3.781151,1.9445182,-0.07591444,0.5144081,4.125,5.500305,12.9375,7.8954935,-2.9859607,0.23276186,2.0238824,0.24733189
358,0.15307148,7.7786703,2.7890267,0.042664535,0.28439832,5.5,7.5,12.875,5.851217,-0.39847842,5.506333,2.3465576,0.021455934,0.36333036,4.71875,6.40625,13.3125,7.0909133,-2.2723374,0.07893205,1.2396965,0.5515499
359,-0.0670176,6.2939343,2.5087714,0.06396818,0.1344037,4.96875,6.594055,10.8125,5.432932,-0.021427637,3.8881867,1.9718485,0.08059257,0.3433137,3.921875,5.3125,9.375,6.058773,-2.4057477,0.20890999,0.62584114,0.04558996
360,-0.06304791,12.771496,3.573723,-0.04520242,0.5231962,7.25,9.75,16.125,5.810094,0.1999531,10.4058695,3.225813,-0.05569829,0.6787312,6.5625,9.00061,16.625,6.6334085,-2.3656263,0.15553498,0.82331467,0.263001
361,-0.5226172,7.961509,2.8216147,-0.096191525,0.11431885,5.6875,7.59375,13.375,5.8782434,-0.47344053,4.6438794,2.154966,-0.13346885,0.3406906,4.4375,6.0,11.9375,6.9075704,-3.3176298,0.22637177,1.0293269,0.049176693
362,-0.44513622,6.529648,2.5553176,0.07886612,0.23087597,5.0625,6.781555,12.9375,6.280223,-0.4222035,3.9887867,1.9971946,0.013805092,0.2876706,4.03125,5.5,9.625,5.9718943,-2.5408611,0.056794643,-0.30832863,0.022932708
363,0.11213275,9.617341,3.101184,-0.022540862,0.3922546,6.1875,8.375,15.1875,6.2494965,0.14155307,7.2102313,2.6851873,-0.070146,0.4248197,5.40625,7.3125,12.5625,5.9893646,-2.4071097,0.032565117,-0.26013184,0.029420324
364,0.9697831,5.8721757,2.4232574,0.07774401,0.20535612,5.1875,6.96875,11.875,5.764127,0.056538574,3.4306867,1.8522114,0.10766725,0.24292254,3.6875,4.96875,7.625,5.2219763,-2.441489,0.037566423,-0.5421505,0.91324455
365,0.5585014,6.6017237,2.569382,-0.0073039113,0.23190022,5.1875,7.0625,11.0,5.2790494,0.21807784,4.1389704,2.034446,-0.032557633,0.2903657,4.03125,5.5625,8.4375,5.2270837,-2.4627533,0.05846548,-0.051965714,0.34042358
366,0.32032377,6.4229403,2.534352,0.0619815,0.096600294,5.03125,6.687805,11.25,5.5495114,0.15078086,3.6017742,1.8978341,0.04067731,0.19089627,3.765625,5.0625,8.875,5.8803296,-2.821166,0.09429598,0.33081818,0.16954291
367,-0.13732995,17.720884,4.209618,0.0732946,0.36112618,8.375,11.4375,21.125,6.3624997,-0.27413028,14.439936,3.7999916,0.053347025,0.3814075,7.59375,10.4375,18.375,6.125466,-3.2809486,0.020281315,-0.23703384,0.13680033
368,-0.6427627,6.916094,2.6298468,0.040734522,0.21690726,5.34375,7.125305,13.25,6.174857,-0.41904306,3.8223288,1.9550776,0.06822469,0.38899827,3.9375,5.375,10.0625,6.370372,-3.093765,0.172091,0.19551468,0.22371966
369,-0.2945394,5.6672587,2.3806005,-0.055152204,0.17550993,4.75,6.25,10.5625,5.5594482,-0.26581958,3.1977527,1.7882261,-0.042810388,0.274585,3.578125,4.781555,9.125,6.403963,-2.469506,0.09907508,0.84451485,0.028719813
370,-1.7309473,6.616167,2.572191,-0.026025202,0.11574125,6.09375,7.84375,11.6875,4.707259,-0.84601915,3.9153395,1.9787216,-0.02276545,0.1985271,4.28125,5.65625,8.5625,5.018455,-2.7008276,0.082785845,0.31119585,0.8849281
371,-0.29892036,6.8825345,2.6234584,0.05844369,0.19876742,5.1875,6.875,11.875,5.6745763,-0.33379835,4.2555532,2.062899,0.104904786,0.19018483,4.09375,5.406555,10.1875,6.1384306,-2.6269813,-0.008582592,0.4638543,0.034877986
372,0.22781457,6.570194,2.5632389,-0.038821343,0.15248203,5.0625,6.8125,10.9375,5.3620286,0.0511614,3.7590492,1.9388268,-0.018922813,0.33633018,3.84375,5.3125,8.5,5.570235,-2.8111446,0.18384814,0.20820618,0.17665318
373,0.26176965,6.701175,2.5886629,0.09046569,0.32969213,5.125,6.937805,12.9375,6.3027043,0.35427633,3.8970835,1.9741032,0.024836622,0.3483956,3.96875,5.375305,9.1875,5.8390255,-2.8040917,0.01870346,-0.46367884,0.09250668
374,-0.5795424,6.4087095,2.531543,0.068293326,0.2836852,5.125,6.9375,11.25,5.4687023,-0.44154903,3.7012825,1.9238718,0.074535534,0.2949338,3.875,5.21875,8.25,5.2768216,-2.707427,0.011248589,-0.1918807,0.13799337
375,-0.1679185,5.8705373,2.4229193,-0.05776145,0.20641804,4.8125,6.5,11.875,6.188194,-0.26833165,3.320096,1.822113,-0.08307159,0.19521451,3.65625,4.8125,9.1875,6.324768,-2.5504413,-0.011203527,0.13657427,0.10041314
376,-0.31141508,6.371068,2.5240974,-0.0005249848,0.29195333,5.0625,6.84375,11.375,5.678478,-0.08955947,3.685984,1.9198916,0.022442533,0.26896286,3.859375,5.125,8.125,5.3713937,-2.685084,-0.022990465,-0.30708408,0.22185561
377,0.40497154,7.7454257,2.7830606,0.028986098,0.24650884,5.5625,7.40625,13.375,6.0117025,0.37880978,4.7134132,2.1710396,0.025599724,0.33527184,4.34375,5.84375,10.625,6.111033,-3.0320125,0.088763,0.099330425,0.02616176
378,0.70913076,9.385208,3.0635288,-0.02391416,0.24775219,6.1875,8.375,15.0625,6.047208,0.21508701,6.347599,2.5194442,-0.021210132,0.340667,5.03125,6.75,12.5,6.2864404,-3.037609,0.09291482,0.23923254,0.49404377
379,-0.8693719,10.59279,3.2546566,0.016304841,0.11637831,6.625,8.8125,15.4375,5.7497187,-0.023879394,7.677214,2.7707787,0.04706075,0.21703196,5.4375,7.406555,13.25,6.0463505,-2.9155755,0.10065365,0.2966318,0.8454925
380,-0.5348403,6.1409583,2.4780958,-0.002712433,0.18526292,5.032776,6.71875,10.5,5.2369223,-0.18252715,3.4986055,1.870456,0.027619243,0.22708726,3.703125,4.9375,10.0625,6.760187,-2.6423528,0.04182434,1.5232649,0.35231313
381,0.39095154,6.434089,2.5365508,0.08703112,0.1480062,5.064026,6.78125,12.3125,6.055171,0.023294091,3.6549964,1.9118044,0.065965645,0.24573517,3.796875,5.125,9.1875,6.086988,-2.7790928,0.09772897,0.03181696,0.36765745
382,-0.8821599,10.47433,3.236407,-0.27220818,0.36874223,6.8125,9.25,16.125,6.1779633,-0.5358779,7.5490384,2.7475514,-0.2888296,0.55304337,5.625,8.0,15.5,7.15915,-2.9252915,0.18430114,0.98118687,0.346282
383,-0.7518015,10.807867,3.287532,-0.113978565,0.50467944,6.75,9.375,15.4375,5.8793917,-0.009831567,8.276931,2.8769655,-0.185737,0.67199993,5.75,8.0625,14.8125,6.62287,-2.5309362,0.16732049,0.7434783,0.74196994
384,-0.3586897,6.422132,2.5341926,-0.029890858,0.3880148,5.0625,7.0,14.0625,6.995073,-0.19114646,3.7530563,1.9372807,0.0010102789,0.32551193,3.875,5.25,8.5,5.566792,-2.6690757,-0.06250286,-1.4282808,0.16754323
385,0.026722046,7.589506,2.754906,0.08383082,0.18840814,5.40625,7.344055,13.375,6.1337852,0.25025085,4.8644605,2.205552,-0.0070754644,0.44707656,4.40625,5.96875,9.9375,5.709492,-2.7250457,0.25866842,-0.42429304,0.2235288
386,0.05800454,6.4852295,2.5466113,0.019682623,0.08506799,5.0,6.59375,11.125,5.497039,-0.024352636,4.0930777,2.0231357,0.039641168,0.22757983,4.0,5.4375,9.0,5.633582,-2.3921518,0.14251184,0.13654327,0.082357176
387,0.32649824,9.613945,3.1006362,-0.02835883,0.20487976,6.157776,8.1875,13.0625,5.306484,0.19498733,6.6676846,2.582186,-0.050238717,0.22061014,5.15625,6.875,12.125,5.9287252,-2.9462605,0.015730381,0.622241,0.13151091
388,-0.5396222,6.1418962,2.4782848,-0.02130363,0.19591188,5.064026,6.6875,12.0,6.0023947,-0.45273104,3.726978,1.9305383,-0.10737554,0.4500425,3.953125,5.46875,10.25,6.601799,-2.4149182,0.2541306,0.59940434,0.086891145
389,0.118785776,6.757466,2.5995126,0.070619226,0.13607764,5.15625,6.84375,11.875,5.7668467,0.16581385,4.171069,2.0423195,-0.07274781,0.85273767,4.0625,5.625,11.3125,7.094355,-2.5863967,0.71666,1.3275084,0.047028072
390,-0.4618026,6.7439694,2.5969155,0.045074012,0.3933406,5.1875,7.1875,11.375,5.4623017,-0.646633,4.3454556,2.0845757,0.30834737,2.0794306,4.1875,5.90625,14.0,8.250962,-2.3985138,1.68609,2.7886605,0.18483043
391,-0.041869402,6.1046863,2.4707663,-0.025201585,0.1477716,4.90625,6.4375,12.375,6.325526,0.36144426,3.7771883,1.943499,0.121265836,0.4480796,3.90625,5.375,10.375,6.6884804,-2.327498,0.300308,0.36295414,0.40331367
392,-0.19449352,10.465265,3.2350063,0.035115078,0.75204945,6.625,9.125,15.875,6.3835073,-0.086308196,8.247404,2.8718295,0.059281845,0.86278296,5.9375,8.0625,14.375,6.599179,-2.2178612,0.11073351,0.21567154,0.10818532
393,0.20223022,7.127707,2.6697767,-0.041303385,0.099918604,5.28125,7.062805,11.0625,5.1949615,0.25728935,4.386151,2.0943139,-0.09010414,0.398777,4.21875,5.71875,9.8125,5.9063478,-2.7415562,0.2988584,0.7113862,0.055059135
394,-0.013989062,6.536449,2.556648,-0.02450871,0.27751732,5.125,6.812805,11.5,5.7263207,-0.2576278,3.738496,1.9335191,-0.011851317,0.3112719,3.890625,5.25,8.4375,5.4987197,-2.797953,0.033754587,-0.22760105,0.24363872
395,-0.49243078,7.963582,2.821982,0.03903596,0.2305646,5.65625,7.625,14.75,6.4938884,0.30858657,5.001202,2.2363367,0.098548174,0.2561772,4.5,6.0625,10.0625,5.664916,-2.96238,0.025612593,-0.82897234,0.80101734
396,-0.18238246,6.9610796,2.6383858,0.034263395,0.113964796,5.21875,6.9375,11.75,5.590085,0.3641119,4.831725,2.1981184,0.061925475,0.27274513,4.4375,5.96875,9.125,5.1998453,-2.1293545,0.15878034,-0.39023972,0.54649436
397,0.2220934,10.364731,3.2194302,0.13364512,0.8161013,6.53125,9.3125,15.625,6.3310184,0.17212251,8.142593,2.853523,0.15965022,0.87495375,5.90625,8.4375,13.125,6.041189,-2.2221375,0.058852434,-0.28982925,0.049970895
398,0.6132158,6.4817595,2.54593,-0.05065181,0.21392107,5.15625,6.9375,11.125,5.357562,0.19330308,3.7671638,1.9409183,-0.06563867,0.22064066,3.875,5.1875,7.71875,5.0104156,-2.7145958,0.0067195892,-0.3471465,0.41991273
399,0.15100557,6.9204435,2.6306736,0.01131286,0.207798,5.28125,7.0,10.6875,5.1359015,-0.046555225,4.172696,2.042718,0.0148890745,0.3110628,4.0625,5.5,9.1875,5.716601,-2.7477474,0.10326481,0.58069944,0.19756079
400,0.112318896,6.058957,2.461495,-0.012633343,0.16830301,4.84375,6.4375,11.3125,5.7861586,-0.00032036437,3.6222417,1.9032187,0.08141142,0.20626974,3.78125,5.031555,8.25,5.485908,-2.4367154,0.03796673,-0.30025053,0.11263926
401,0.16023351,6.45603,2.5408719,-0.040796608,0.23941302,5.0,6.8125,11.9375,5.926518,0.053998753,3.6189003,1.9023408,-0.037710387,0.42769217,3.765625,5.125,9.9375,6.633106,-2.8371296,0.18827915,0.70658827,0.10623476
402,1.3712549,6.726006,2.5934544,0.14978345,0.22057438,5.78125,7.8125,14.625,6.305857,0.7737269,4.283945,2.0697694,0.15087107,0.41996336,4.40625,5.96875,10.875,6.2664776,-2.442061,0.19938898,-0.039379597,0.59752804
403,-0.05096595,7.479682,2.7349007,0.011147442,0.22751594,5.40625,7.281555,12.25,5.67812,-0.11833856,4.2380533,2.0586534,-0.07001736,0.7848804,4.09375,5.625,11.25,7.0070667,-3.2416286,0.55736446,1.3289466,0.06737261
404,0.5317822,8.924135,2.987329,-0.023776397,0.5067711,6.15625,8.25061,14.1875,6.009769,0.32314375,6.756539,2.5993342,0.033500258,0.6271403,5.4375,7.3125,11.9375,5.9295006,-2.1675963,0.120369196,-0.08026838,0.20863846
405,-4.748682,7.315975,2.7048059,0.29762104,-0.047180176,8.875,10.25,13.5,2.77255,-6.30351,6.439416,2.5376005,1.0967894,5.753251,10.0,11.25,16.875,2.649187,-0.87655926,5.8004313,-0.12336302,1.5548282
406,0.4052229,6.4740095,2.5444076,-0.045566272,0.21370435,5.03125,6.750305,12.0625,5.907939,-0.020543383,3.6710188,1.9159904,-0.04891327,0.28926992,3.78125,5.125,9.0,5.969174,-2.8029907,0.07556558,0.06123495,0.4257663
407,0.4600874,6.508571,2.5511901,-0.027829342,0.24074149,5.125,6.906555,10.9375,5.334922,0.3079368,3.819831,1.9544388,-0.00045927288,0.28121066,3.921875,5.25,9.5,6.0967145,-2.6887403,0.04046917,0.76179266,0.1521506
408,-0.21808733,5.8472004,2.4180984,0.07946,0.24990559,4.78125,6.59375,9.8125,5.1107936,-0.08242637,3.4965727,1.8699125,0.0797137,0.7460911,3.765625,5.28125,8.9375,6.161587,-2.3506277,0.49618554,1.0507936,0.13566096
409,-0.49640137,17.512865,4.1848373,0.0039532506,0.15545344,8.3125,11.125,16.75,5.0097685,-0.43573922,13.464744,3.6694336,-0.020425243,0.19669867,7.375,9.8125,15.6875,5.3628993,-4.0481215,0.041245222,0.35313082,0.06066215
410,0.2736831,6.917583,2.6301298,0.046762403,0.1361754,5.21875,6.9375,12.125,5.7728,0.092476964,3.9637964,1.9909285,0.027958462,0.24325943,3.891388,5.3125,10.5625,6.6917424,-2.9537866,0.107084036,0.91894245,0.18120614
411,0.7286332,5.690804,2.3855407,-0.0343083,0.17703533,4.875,6.5,12.4375,6.2780995,0.3815462,3.4028413,1.8446792,-0.082208656,0.28406215,3.688263,5.03125,8.3125,5.5681634,-2.2879627,0.107026815,-0.70993614,0.34708703
412,-1.3046225,7.0220165,2.6499088,0.056864746,0.16469526,5.75,7.5625,11.375,4.804094,-1.0049436,4.5309978,2.128614,0.027623253,0.3036852,4.595276,6.15625,10.5,5.5994325,-2.4910188,0.13898993,0.79533863,0.29967892
413,0.25296816,6.4878736,2.5471303,0.15148741,0.27046728,5.0625,6.8125,12.75,6.3206635,-0.1359254,3.8090966,1.9516907,0.1652091,0.47649264,3.84375,5.375,9.125,5.9501033,-2.678777,0.20602536,-0.37056017,0.38889354
414,0.054786656,17.600353,4.1952777,0.038443435,0.0749073,8.25,11.0,19.25,5.7674537,0.42348945,14.111639,3.7565463,0.07865712,0.22396803,7.5,10.125,17.75,5.964009,-3.4887142,0.14906073,0.19655514,0.3687028
415,0.4346943,6.1685023,2.4836469,0.046427093,0.2305491,4.96875,6.75,12.0,6.020352,0.43898594,3.5811555,1.8923942,0.05522433,0.21489882,3.859375,5.187805,8.75,5.7216773,-2.5873468,-0.015650272,-0.29867458,0.0042916536
416,0.2892347,6.500459,2.5496,-0.014639759,0.18410802,5.0625,6.8125,13.3125,6.5476494,-0.14734483,3.9656992,1.9914063,0.015652997,0.26176572,3.953888,5.3125,8.625,5.487467,-2.53476,0.0776577,-1.0601826,0.43657953
417,0.23207451,7.809778,2.794598,-0.02406247,0.28111267,5.5625,7.500305,12.1875,5.509917,0.030670643,4.757116,2.1810813,0.027402213,0.31806016,4.3125,5.844055,9.6875,5.6466603,-3.0526624,0.03694749,0.13674355,0.20140387
418,-0.4327782,5.7637897,2.4007895,0.07897984,0.15855145,4.75,6.312805,11.8125,6.091022,-0.046360206,3.2312465,1.7975668,0.041355893,0.22455859,3.5625,4.78125,8.9375,6.2943435,-2.5325432,0.06600714,0.20332146,0.386418
419,0.4448149,7.5290117,2.7439044,0.05201492,0.07996845,5.46875,7.28125,12.125,5.498704,0.36875615,4.3971806,2.0969455,0.044621788,0.23039365,4.25,5.6875,10.0625,6.0003524,-3.1318312,0.1504252,0.5016484,0.076058745
420,-0.30856347,6.882286,2.6234112,-0.05853301,0.31711507,5.25,7.09375,12.25,5.891441,-0.10406797,3.8909707,1.9725543,-0.027194768,0.492589,3.9375,5.40625,11.375,7.3534927,-2.9913154,0.17547393,1.4620519,0.2044955
421,0.5122954,7.0399947,2.6532989,-0.052679103,0.0306921,5.3125,6.90625,11.4375,5.3116527,0.09269861,4.2840037,2.0697834,-0.106213726,0.2270279,4.09375,5.53125,8.1875,5.002599,-2.755991,0.19633579,-0.3090539,0.41959682
422,0.80043286,17.018244,4.1253176,0.3251192,1.1963453,8.0625,10.75,23.875,7.2523346,0.931627,13.243395,3.6391475,0.7952083,5.2457876,7.03125,9.6875,32.75,11.450163,-3.774849,4.0494423,4.1978283,0.13119411
423,-1.0915383,6.9737844,2.6407924,-0.3150475,1.7168303,5.5,7.53125,16.125,7.2377,-0.52667373,4.590407,2.1425235,-1.0136436,7.5678463,4.125,5.65625,19.875,12.014709,-2.3833776,5.851016,4.7770095,0.5648646
424,-0.19123048,6.806659,2.6089575,0.0145751005,0.28209972,5.25,7.0,10.3125,5.0185165,0.10222217,4.0392094,2.0097785,-0.036774896,0.38268328,4.0,5.53125,9.6875,6.132819,-2.7674499,0.10058355,1.1143026,0.29345265
425,1.239201,9.097331,3.0161781,-0.05579785,0.16498137,6.375,8.4375,13.375,5.1460357,0.15160103,6.1396656,2.477835,-0.062154625,0.24419093,4.9375,6.5625,10.625,5.414213,-2.9576654,0.079209566,0.2681775,1.0875999
426,-0.13348468,6.6605577,2.5808055,-0.0093815345,0.24900699,5.09375,6.75,12.9375,6.3303747,0.27914575,3.9186797,1.9795655,-0.034487817,0.24795914,3.9375,5.25,9.5,6.0073395,-2.741878,-0.0010478497,-0.32303524,0.41263044
427,-1.7999443,6.9367447,2.63377,-0.03278947,0.20780063,6.21875,8.1875,12.375,4.841901,-1.1034036,4.15871,2.0392916,-0.20773469,0.24244642,4.65625,6.21875,10.1875,5.5961914,-2.7780347,0.034645796,0.7542906,0.6965407
428,0.65435773,7.3320827,2.7077818,0.10610207,0.234586,5.53125,7.5,13.25,6.032092,0.36795762,4.261673,2.064382,0.09452376,0.31652975,4.15625,5.59375,10.5625,6.41251,-3.0704098,0.08194375,0.38041782,0.2864001
429,0.45968652,7.5349,2.7449772,-0.0063282247,0.13091469,5.5,7.28125,12.1875,5.50731,0.6011387,4.873828,2.2076747,0.05145095,0.34651423,4.53125,6.1875,11.6875,6.4822674,-2.6610723,0.21559954,0.97495747,0.1414522
430,0.3178908,7.6217775,2.7607567,0.022946801,0.10633898,5.53125,7.21875,11.625,5.284756,-0.07014521,4.803487,2.191686,-0.046102922,0.22284555,4.34375,5.8125,10.5,6.054287,-2.8182907,0.11650658,0.7695308,0.388036
431,0.30009577,6.5354033,2.5564435,0.0011348454,0.20186067,5.125,6.90625,13.375,6.565543,-0.31728247,3.8782527,1.969328,-0.013381429,0.33337831,3.96875,5.375,9.625,6.136162,-2.6571505,0.13151765,-0.42938137,0.61737823
432,-0.14622544,6.628692,2.5746248,-0.019172683,0.17016315,5.125,6.8125,11.625,5.703011,0.2301751,3.55923,1.8865921,-0.010204842,0.2511437,3.796875,5.0625,7.96875,5.3308177,-3.069462,0.08098054,-0.37219334,0.37640053
433,-0.29290637,8.732189,2.9550278,-0.06531982,0.14334393,5.875,7.875,12.875,5.4762273,-0.39941263,6.0103583,2.4516032,-0.06610338,0.13279724,4.90625,6.59375,10.625,5.402022,-2.7218308,-0.010546684,-0.0742054,0.10650626
434,2.8855293,44.992783,6.707666,0.1846569,0.23827958,14.5,19.625,33.25,5.8029695,2.3746603,40.024807,6.326516,0.21386914,0.33725476,13.375,18.75,34.5,6.5102797,-4.9679756,0.09897518,0.7073102,0.510869
435,-0.5844696,6.9367085,2.633763,-0.041762248,0.2755556,5.3125,7.125,12.25,5.7546935,-0.22461183,4.0923424,2.022954,-0.045292072,0.41682982,4.03125,5.4375,9.3125,5.819474,-2.844366,0.14127421,0.06478071,0.3598578
436,-0.34041166,6.8402414,2.6153855,-0.012908107,0.26040173,5.1875,7.031555,12.625,6.0649405,-0.084587015,3.947216,1.9867601,-0.07236786,0.28562593,3.921875,5.34375,10.625,6.7728753,-2.8930254,0.025224209,0.70793486,0.25582466
437,-0.50978005,6.0706153,2.463862,-0.0011591406,0.29407883,5.0,6.656555,12.75,6.419391,-0.2772312,3.5355468,1.8803049,0.02988843,0.34259415,3.78125,5.125,8.6875,5.8068233,-2.5350685,0.04851532,-0.6125679,0.23254886
438,0.22256339,6.3872805,2.527307,0.08249039,0.34492993,5.0,6.8125,12.75,6.3896294,0.58402365,3.8234522,1.955365,0.07785462,0.38344502,4.0625,5.5,9.875,6.1663156,-2.5638282,0.03851509,-0.22331381,0.36146027
439,-0.040387526,6.771801,2.6022685,-0.08492012,0.24095988,5.125,6.9375,12.8125,6.2283344,-0.2810527,3.981328,1.9953265,-0.03898807,0.30979133,4.0,5.375305,8.875,5.5883765,-2.790473,0.068831444,-0.6399579,0.24066518
440,-0.15888032,6.9015803,2.627086,-0.06728884,0.14249063,5.1875,6.9375,11.125,5.330781,-0.101568595,4.2473154,2.0609016,-0.07545875,0.22430754,4.0625,5.4375,9.625,5.8990946,-2.654265,0.08181691,0.5683136,0.05731173
441,-0.57998973,8.223884,2.8677313,-0.010669161,0.20852304,5.75,7.719055,13.8125,5.955228,-0.48918018,5.419462,2.3279738,-0.112778075,0.4430008,4.71875,6.469055,11.375,6.094149,-2.8044214,0.23447776,0.13892126,0.090809554
442,0.17764047,7.181735,2.6798759,0.092036515,0.23884392,5.3125,7.15625,11.75,5.5432444,-0.0847311,4.2373915,2.0584924,0.053815443,0.28675056,4.125,5.5625,8.0625,4.9882183,-2.9443436,0.047906637,-0.55502605,0.26237157
443,0.1339075,6.7883205,2.6054406,0.034896445,0.23141909,5.15625,6.875,12.5625,6.096041,-0.112967454,4.3202233,2.0785146,0.034719553,0.3842337,4.125,5.65625,10.8125,6.6190343,-2.4680972,0.15281463,0.5229931,0.24687496
444,-1.3578119,83.49687,9.137662,-0.12207373,0.022676468,18.375,24.125,37.0,5.0622683,-1.3918287,81.10141,9.005632,-0.11475259,0.13359046,18.375,23.75,39.25,5.4714065,-2.395462,0.11091399,0.4091382,0.03401673
445,-0.83079374,6.9292555,2.6323478,0.022630896,0.29992867,5.4375,7.21875,14.5625,6.6643405,-0.6650168,4.0464983,2.011591,-0.04889907,0.31376457,4.15625,5.656555,11.8125,7.054726,-2.8827572,0.013835907,0.39038563,0.16577697
446,0.44847286,6.6427803,2.5773592,0.003875456,0.13280725,5.15625,6.844055,11.1875,5.398215,0.13100797,3.7009687,1.9237902,-0.0064900084,0.24077296,3.796875,5.125,8.5625,5.618602,-2.9418116,0.10796571,0.22038698,0.3174649
447,0.43061957,6.3226233,2.5144827,-0.04739328,0.16088319,5.0,6.656555,12.375,6.1130137,0.43161678,3.8278906,1.9564996,0.13818537,0.39875126,3.984375,5.46875,9.5,6.0431075,-2.4947326,0.23786807,-0.069906235,0.0009972155
448,-0.2673912,7.029818,2.6513803,0.10401581,0.20362806,5.25,7.0,12.125,5.7405934,0.05142578,4.349809,2.0856197,0.07861492,0.3039074,4.15625,5.625,10.75,6.5532327,-2.680009,0.10027933,0.81263924,0.318817
449,0.85707235,7.2463408,2.6919029,-0.0041465145,0.26157618,5.625,7.46875,13.1875,5.9062743,0.06505063,4.2792053,2.068624,0.106529124,0.4759271,4.0625,5.71875,11.0625,6.811765,-2.9671354,0.21435094,0.9054909,0.79202175
450,-0.48224413,7.208549,2.684874,0.055276472,0.19502306,5.375,7.125,12.625,5.829006,-0.089584865,4.3945546,2.0963192,-0.004089106,0.3128116,4.125,5.625,9.6875,5.844395,-2.8139944,0.11778855,0.015388966,0.39265928
451,0.20486312,6.6523986,2.5792243,-0.0074298712,0.18909788,5.125,6.9375,12.3125,6.015809,0.32786474,3.9681034,1.9920099,-0.031917084,0.33147907,4.0,5.4375,9.0,5.6643057,-2.6842952,0.14238119,-0.35150337,0.12300162
452,1.1108092,7.098625,2.6643245,0.048207726,0.15777802,5.6875,7.5625,14.8125,6.4749856,0.35349044,4.1454153,2.0360293,0.05037494,0.17900872,4.09375,5.46875,10.0625,6.160114,-2.9532099,0.021230698,-0.3148718,0.75731874
453,0.8461134,7.844505,2.8008044,0.02237847,0.17608023,5.75,7.84375,13.25,5.723627,0.5943963,4.9611115,2.2273552,0.00786777,0.27325416,4.5625,6.15625,9.625,5.289711,-2.8833933,0.09717393,-0.4339161,0.2517171
454,0.36907727,6.913852,2.6294205,0.03415015,0.11444974,5.21875,7.0,11.0,5.229033,-0.087468006,4.087788,2.021828,0.024491314,0.2650671,4.0,5.34375,9.5625,5.987525,-2.826064,0.15061736,0.758492,0.45654526
455,0.2775667,7.6576686,2.7672493,0.05467299,0.20795274,5.46875,7.375305,12.875,5.857218,0.27498668,4.333572,2.0817232,0.017342482,0.33708143,4.1875,5.6875,10.0625,6.0756435,-3.3240967,0.1291287,0.21842575,0.0025800169
456,0.09179031,16.217876,4.0271425,0.008478581,0.039335966,8.0,10.5,16.5,5.1547503,-0.36463097,12.2931185,3.5061543,0.044207014,0.2138679,7.0,9.375,15.75,5.6563396,-3.924758,0.17453194,0.5015893,0.4564213
457,-0.064018756,6.837164,2.614797,0.06601223,0.22298932,5.15625,6.96875,11.6875,5.64773,0.16663742,3.9338524,1.9833941,0.08985968,0.28919244,3.953125,5.40625,8.5625,5.4701962,-2.9033115,0.06620312,-0.17753363,0.23065618
458,-0.44865108,6.725695,2.5933945,0.02006511,0.2882731,5.1875,7.125,11.9375,5.743642,-0.2957001,4.186088,2.045993,0.38029602,2.079918,4.0,5.5625,13.8125,8.623825,-2.539607,1.7916448,2.8801832,0.15295097
459,0.1058261,7.021498,2.649811,-0.017086491,0.26136994,5.28125,7.0,15.75,7.512294,0.109574854,4.092227,2.0229254,0.034945164,0.44825912,4.0,5.46875,13.8125,8.68001,-2.9292712,0.18688917,1.167716,0.0037487522
460,0.87415195,6.1960006,2.4891768,0.04453457,0.16671324,5.21875,7.0,12.25,5.8603845,0.4127549,3.6323195,1.9058645,0.029776236,0.19398546,3.859375,5.15625,9.6875,6.2709107,-2.5636811,0.027272224,0.41052628,0.46139705
461,0.28142357,7.34072,2.7093763,-0.013032107,0.24347782,5.40625,7.25,11.6875,5.4261613,-0.44700575,4.3756447,2.0918043,-0.0518064,0.40501475,4.28125,5.84375,11.0,6.5672207,-2.9650755,0.16153693,1.1410594,0.7284293
462,-0.15779111,7.2864,2.6993332,-0.094252326,0.1996944,5.34375,7.21875,12.1875,5.7064037,0.023395997,4.0037127,2.000928,-0.012318923,0.20401978,3.9375,5.312805,8.5,5.368187,-3.2826872,0.00432539,-0.33821678,0.18118711
463,0.6634787,5.595676,2.365518,0.037003476,0.19526267,4.875,6.5,10.3125,5.3245454,0.429535,3.1504307,1.7749453,0.03407046,0.3423946,3.625,4.90625,8.6875,6.052063,-2.4452453,0.14713192,0.7275176,0.23394367
464,-0.018915545,10.41889,3.2278306,0.002945117,0.3004694,6.4375,8.6875,14.3125,5.6514463,0.16595401,7.6041265,2.757558,-0.022588782,0.3987546,5.5625,7.53125,12.25,5.672936,-2.8147635,0.0982852,0.02148962,0.18486956
465,0.15364365,6.2911677,2.50822,-0.019602304,0.22563028,4.9375,6.625,11.25,5.6583595,-0.13363843,3.751259,1.9368167,-0.029476503,0.2753985,3.84375,5.1875,8.875,5.8078203,-2.5399086,0.04976821,0.14946079,0.28728208
466,-0.11561343,11.691141,3.4192312,-0.031810842,0.6998434,6.96875,9.625,15.9375,6.0399003,0.017798632,9.193477,3.0320747,-0.061988585,0.83413696,6.21875,8.625,15.4375,6.66935,-2.4976645,0.13429356,0.62944984,0.13341206
467,-1.0361924,6.186786,2.4873252,-0.033374246,0.2165463,5.28125,7.03125,15.0625,7.059689,-0.33911306,3.7456489,1.935368,-0.039917406,0.3021276,3.875,5.3125,10.125,6.534163,-2.4411373,0.0855813,-0.52552605,0.69707936
468,-0.41600284,7.260272,2.6944892,-0.0035179453,0.15421653,5.375,7.1875,12.125,5.6135254,-0.021935547,4.482945,2.1172967,-0.019180248,0.34025693,4.21875,5.71875,11.0625,6.6414533,-2.777327,0.1860404,1.0279279,0.3940673
469,-0.07757087,6.0268135,2.454957,0.043922905,0.18785954,4.875,6.4375,10.6875,5.4971037,-0.22208881,3.441464,1.8551183,0.04419036,0.23730159,3.703125,5.0,8.6875,5.8814626,-2.5853496,0.049442053,0.38435888,0.14451794
470,-0.54329795,6.8784094,2.622672,0.04249238,0.11284876,5.28125,7.0625,11.375,5.3369327,-0.030478882,4.2028947,2.0500963,0.025064424,0.20835066,4.03125,5.4375,8.5625,5.280633,-2.6755147,0.0955019,-0.056299686,0.51281905
471,-0.9366216,6.168942,2.4837356,-0.010641151,0.18391943,5.21875,7.0,10.75,5.103352,-0.39509988,3.7883425,1.9463664,0.003941993,0.31368065,3.921875,5.375,8.6875,5.5434585,-2.3805995,0.12976122,0.4401064,0.5415217
472,0.29781866,6.0366073,2.456951,0.035704423,0.20733857,4.9375,6.5625,13.125,6.72297,0.82866347,3.5079777,1.8729596,0.14740065,0.29830003,4.0625,5.531555,8.75,5.443008,-2.5286295,0.09096146,-1.2799621,0.5308448
473,-0.37221006,6.0355945,2.4567447,0.033370133,0.22768307,4.96875,6.5625,10.375,5.2959437,-0.54494923,3.6647704,1.914359,-0.021390142,0.3559022,3.984375,5.375305,8.75,5.5969257,-2.370824,0.12821913,0.300982,0.17273918
474,-0.36153775,6.3394513,2.5178268,-0.027717646,0.21080232,5.0,6.84375,11.625,5.783536,-0.3264668,3.8248827,1.9557308,-0.08344782,0.25708842,3.9375,5.375,8.3125,5.330589,-2.5145686,0.046286106,-0.45294714,0.035070956
475,-0.044787854,6.5672674,2.562668,-0.0054618204,0.24933052,5.0625,6.90625,10.625,5.262455,-0.43595943,3.9409082,1.985172,-0.0025157838,0.31762958,4.0,5.5625,8.25,5.147139,-2.6263592,0.068299055,-0.115315914,0.39117157
476,0.46162125,9.698599,3.1142573,0.14382145,0.8305125,6.40625,8.875,17.75,7.3232455,0.012239453,7.3953657,2.7194421,0.1584093,0.7823527,5.59375,7.6875,13.375,6.4140162,-2.3032331,-0.048159838,-0.9092293,0.4493818
477,-1.4010817,7.141588,2.672375,-0.06492159,0.22788978,5.9375,8.0,12.5,5.2269406,-0.9806479,4.3282914,2.0804546,0.060270734,0.289325,4.5,5.9375,9.375,5.119378,-2.8132968,0.061435223,-0.10756254,0.42043376
478,0.7125295,6.6669273,2.5820394,0.000634906,0.17549396,5.28125,7.125,11.25,5.2900643,0.37001333,3.9441984,1.9860005,-0.013727515,0.16527128,3.984375,5.3125,9.375,5.8545933,-2.722729,-0.010222673,0.56452894,0.34251615
479,-0.38880658,7.2119164,2.685501,-0.057913106,0.08242011,5.345276,7.125,11.1875,5.1929493,0.048244543,4.381661,2.0932417,-0.02780387,0.17528558,4.125,5.53125,9.75,5.8901525,-2.8302555,0.09286547,0.69720316,0.43705112
480,-0.120499484,6.7876525,2.6053123,-0.020568961,0.11605382,5.09375,6.875305,11.25,5.4207306,-0.028163427,3.9999187,1.9999796,-0.0013505258,0.22619843,4.0,5.375,8.6875,5.5005345,-2.7877338,0.110144615,0.07980394,0.09233606
481,-0.26793525,6.3199344,2.513948,-0.044887174,0.20550561,4.970276,6.78125,11.1875,5.5943575,-0.091305956,3.5898736,1.8946961,-0.054668102,0.18438315,3.765625,5.03125,8.125,5.4187126,-2.7300608,-0.021122456,-0.17564487,0.17662929
482,2.1507027,7.7436295,2.7827377,-0.023383813,0.26735878,6.78125,8.625,15.0,5.2726493,2.8202012,5.0818143,2.254288,0.19881885,1.068327,6.46875,8.25061,17.25,5.6804333,-2.6618152,0.80096817,0.407784,0.66949844
483,0.45470127,6.607121,2.570432,-0.036549844,0.351115,5.15625,7.0625,13.125,6.3865404,0.2392843,3.747611,1.9358747,-0.027924594,0.44194388,3.875763,5.3125,9.5625,6.2530384,-2.85951,0.090828896,-0.133502,0.21541697
484,0.54174757,7.0740037,2.6597,0.01300961,0.21030974,5.34375,7.1875,14.375,6.6926894,0.6204404,4.100643,2.0250044,0.045844648,0.3084612,4.1875,5.6875,9.125,5.47516,-2.9733605,0.098151445,-1.2175293,0.07869285
485,0.48619533,6.677928,2.5841687,0.045290526,0.24869275,5.21875,7.0,12.0,5.7774963,0.106572814,4.0036283,2.000907,-0.055696633,0.46959114,3.96875,5.437805,10.5,6.672673,-2.6742997,0.22089839,0.8951769,0.37962252
486,-0.19317943,12.105268,3.4792626,-0.04813013,0.6179781,7.09375,9.75,16.125,6.0020733,-0.31879336,9.683356,3.1118093,-0.03493396,0.859642,6.53125,8.9375,14.75,6.192894,-2.4219112,0.24166393,0.1908207,0.12561393
487,-0.10688711,6.483675,2.5463061,-0.025196228,0.32164693,5.09375,6.78125,14.0625,7.0236435,-0.25134724,3.565185,1.8881698,-0.01335288,0.31269598,3.78125,5.125,10.625,7.082307,-2.91849,-0.008950949,0.05866337,0.14446014
488,-0.056396667,7.6423798,2.7644854,0.1754055,0.1929686,5.4375,7.25,13.625,6.2135143,0.31716165,4.7729087,2.1846988,0.18050888,0.2036562,4.345276,5.9375,10.0,5.7491574,-2.869471,0.01068759,-0.4643569,0.3735583
489,-1.3464655,7.6332555,2.7628348,0.028328255,0.15412092,6.03125,7.812805,13.0,5.2975607,-0.471653,4.499623,2.1212313,0.19577992,0.56238294,4.28125,5.8125,10.1875,5.9481955,-3.1336327,0.408262,0.65063477,0.8748125
490,-0.066831835,7.465092,2.732232,-0.06327408,0.045300722,5.375,7.03125,11.875,5.4498696,0.05090797,5.0334134,2.243527,-0.07955895,0.22801924,4.46875,5.90625,10.5,5.9262857,-2.4316788,0.18271852,0.4764161,0.117739804
491,-0.4321228,7.987321,2.8261847,-0.053121988,0.2162416,5.65625,7.625,12.0625,5.336751,-0.10092119,5.0287967,2.242498,-0.06667042,0.27932668,4.4375,6.031555,9.75,5.512387,-2.9585242,0.06308508,0.17563581,0.3312016
492,-0.6393994,6.2059565,2.4911757,0.018100206,0.13337374,5.03125,6.71875,11.3125,5.539117,0.05909966,3.5933785,1.895621,-0.04756179,0.18637109,3.75,5.03125,8.6875,5.784902,-2.612578,0.05299735,0.24578524,0.6984991
493,0.70335585,6.501202,2.5497456,0.012586845,0.25856376,5.25,7.03125,12.5625,6.00964,0.31126785,4.037651,2.0093908,-0.082427315,0.46649456,4.03125,5.59375,9.1875,5.746282,-2.463551,0.2079308,-0.26335812,0.392088
494,-0.15604828,9.405087,3.0667715,-0.021065222,0.14621258,6.0625,8.125,12.5,5.146668,0.6566188,6.505087,2.550507,0.03333495,0.34179783,5.25,7.0625,13.1875,6.359902,-2.9000006,0.19558525,1.213234,0.8126671
495,0.605097,6.3877444,2.5273988,-0.014208683,0.18057513,5.125,6.906555,11.375,5.5176787,-0.071532495,3.6217785,1.903097,-0.0149759175,0.25353575,3.78125,5.09375,9.3125,6.2151155,-2.765966,0.072960615,0.6974368,0.6766295
496,0.27972913,11.84348,3.4414358,-0.19186787,0.77246237,6.9375,9.5625,16.75,6.263241,0.4166144,9.391162,3.0645003,-0.2671834,1.0616369,6.1875,8.5625,16.875,7.050796,-2.4523182,0.28917456,0.7875552,0.13688529
497,-0.1621186,20.752312,4.5554705,-0.015780088,0.4239819,9.25,12.5,19.875,5.6200237,-0.04810918,17.343185,4.164515,-0.05309985,0.53202343,8.5,11.56311,21.0,6.5294623,-3.4091263,0.108041525,0.9094386,0.11400942
498,0.055358503,8.588776,2.9306612,0.07901139,0.29733086,5.84375,7.96875,12.625,5.469853,0.2701791,5.859305,2.4206002,0.041673988,0.36043406,4.8125,6.625,10.75,5.615107,-2.7294707,0.0631032,0.14525414,0.2148206
499,0.7214981,12.051953,3.4715924,-0.042750828,0.83415246,7.1875,9.9375,19.0,6.9567695,0.5597172,9.759519,3.1240227,0.036431596,0.8294661,6.46875,8.9375,16.375,6.7466764,-2.2924347,-0.0046863556,-0.21009302,0.1617809
500,0.032181025,5.985078,2.446442,-0.032382883,0.12702298,4.875,6.4375,11.1875,5.7642107,0.19724353,3.4326813,1.8527497,-0.05501401,0.1552372,3.6875,4.90625,7.34375,4.975712,-2.5523965,0.028214216,-0.7884989,0.1650625
501,0.27592444,6.549982,2.5592933,0.010246668,0.25997353,5.09375,6.875,11.4375,5.6335464,0.47951376,4.029422,2.0073419,0.030444432,0.42845225,4.0625,5.59375,10.0,6.1485295,-2.5205603,0.16847873,0.5149832,0.20358932
502,0.396881,6.574976,2.5641716,0.00491929,0.14916468,5.125,6.84375,10.6875,5.2082596,0.010178638,4.0790267,2.01966,0.097309045,0.46093345,3.984375,5.5625,10.5625,6.663833,-2.4959493,0.31176877,1.4555736,0.3867024
503,-0.04164748,6.936347,2.6336946,-0.06616786,0.32814384,5.21875,7.03125,11.4375,5.521346,-0.039519727,4.897804,2.2130983,-0.017509982,0.47963858,4.375,6.0625,11.625,6.6962523,-2.0385432,0.15149474,1.1749063,0.0021277517
504,1.1677384,17.821012,4.221494,0.05131385,0.6863644,8.75,12.125,26.0,7.59603,0.86901474,14.365603,3.7901983,0.10154922,0.92343307,7.78125,10.875,22.25,7.425076,-3.455409,0.23706865,-0.17095423,0.2987237
505,0.5371177,7.626832,2.761672,-2.6492564e-05,0.1929493,5.5625,7.5,12.6875,5.693663,0.32294896,4.8123837,2.1937146,-0.014646707,0.37815452,4.4375,5.96875,10.0,5.7504153,-2.8144484,0.18520522,0.056752205,0.21416876
506,0.74227166,9.43745,3.0720434,0.04234218,0.14573026,6.251526,8.1875,14.0,5.600647,0.54155135,6.7082205,2.5900233,0.036316223,0.16568685,5.21875,6.937805,12.0,5.7251797,-2.72923,0.019956589,0.1245327,0.20072031
507,0.13562109,13.867359,3.7238903,-0.036201686,0.1336155,7.407776,9.625,17.75,6.00584,0.22140679,10.359208,3.2185724,-0.11759822,0.39332795,6.375,8.625,16.125,6.351356,-3.508151,0.25971246,0.3455162,0.0857857
508,-7.2679267,7.0161705,2.6488054,0.05277157,0.23912406,11.5,13.375,19.25,2.6455157,-7.0105724,4.152555,2.037782,0.080510214,0.22459602,10.25,11.75,15.375,2.192769,-2.8636155,-0.014528036,-0.45274663,0.25735426
509,0.28019813,6.2811007,2.5062125,-0.003916071,0.16187716,5.0,6.625,11.0,5.5061545,-0.104501,3.6317563,1.9057168,0.046442218,0.26341796,3.796875,5.125,8.25,5.4765153,-2.6493444,0.101540804,-0.029639244,0.38469914
510,0.032784816,6.4195642,2.533686,-0.014699629,0.15619946,5.0,6.65625,11.625,5.7883043,0.07186479,3.901197,1.9751447,-0.051344458,0.29887748,3.890625,5.250305,11.0,7.044604,-2.5183673,0.14267802,1.2562995,0.039079975
511,0.9369583,6.980914,2.642142,0.0032392403,0.16592026,5.53125,7.375,11.6875,5.261821,0.3827124,4.153702,2.0380633,0.034207556,0.24486113,4.125,5.531555,9.5,5.8155613,-2.8272123,0.07894087,0.5537405,0.55424595
512,-0.39508072,7.120259,2.6683812,0.013483549,0.21761322,5.3125,7.094055,12.6875,5.9686403,0.23947588,4.3670216,2.089742,0.010278571,0.65461063,4.1875,5.78125,11.375,6.946835,-2.7532372,0.4369974,0.9781947,0.6345566
513,-0.14310917,7.329308,2.7072694,-0.023119306,0.30596828,5.375,7.219055,12.0625,5.6311417,-0.16260825,4.7076173,2.1697044,-0.13698849,0.48743534,4.28125,6.0,11.9375,6.992663,-2.6216908,0.18146706,1.3615212,0.019499078
514,-0.03300708,6.504728,2.5504367,0.010654702,0.2584226,5.0625,6.78125,12.3125,6.1077275,-0.33433244,4.031407,2.0078363,-0.018399512,0.38727212,4.03125,5.5,10.625,6.651964,-2.473321,0.1288495,0.54423666,0.30132535
515,-0.04963943,6.2476754,2.499535,-0.13135752,0.3178985,4.96875,6.75,11.9375,6.062672,-0.11280232,4.0267406,2.006674,-0.17465548,0.39711142,3.984375,5.46875,10.0625,6.3838797,-2.2209349,0.079212904,0.32120752,0.06316289
516,-0.16861573,8.178298,2.8597724,-0.11440147,0.28317928,5.6875,7.625305,13.625,6.0474677,-0.5137276,5.72985,2.3937104,-0.23753999,0.8296702,4.84375,6.78125,13.9375,7.3214517,-2.4484482,0.5464909,1.273984,0.34511188
517,0.18173552,6.658728,2.5804513,0.13734198,0.24925017,5.125,6.96875,11.75,5.7705607,0.07082837,3.878911,1.969495,0.16188627,0.34980512,3.96875,5.34375,8.875,5.738056,-2.779817,0.10055494,-0.03250456,0.110907145
518,0.08379116,6.2357635,2.4971511,-0.046835896,0.24364424,4.96875,6.71875,11.375,5.771978,-0.0053036134,3.4343667,1.8532045,-0.15788697,0.38214397,3.65625,5.0625,8.3125,5.7041345,-2.8013968,0.13849974,-0.06784344,0.08909477
519,1.0025569,9.163429,3.0271156,0.058376476,0.06425691,6.3125,8.375,14.3125,5.663602,0.5113244,6.188464,2.4876623,0.124838725,0.18305588,5.0625,6.78125,11.375,5.680544,-2.974965,0.11879897,0.016942024,0.4912325
520,-0.15094839,8.844564,2.9739811,0.10497505,0.32917547,5.90625,8.0625,15.375,6.54354,0.1938231,5.464816,2.3376946,0.09515659,0.28591728,4.65625,6.375,11.0,5.9668994,-3.3797483,-0.04325819,-0.5766406,0.3447715
521,0.07026696,7.229403,2.688755,-0.006847102,0.17092586,5.3125,7.0,13.125,6.1676846,-0.41851944,4.6350574,2.1529183,0.04300439,0.37574553,4.375,5.875305,11.875,6.87002,-2.5943456,0.20481968,0.70233536,0.4887864
522,-0.3038917,9.071025,3.011814,0.1812966,0.60150766,6.03125,8.3125,18.75,7.907812,-0.02798015,7.0091877,2.6474872,0.25211358,0.5874543,5.28125,7.28125,14.6875,7.12232,-2.0618372,-0.014053345,-0.78549194,0.27591154
523,-0.42021474,12.070396,3.4742477,-0.07606102,0.48508167,6.96875,9.75,16.75,6.141755,-0.51671404,9.288817,3.0477562,-0.080849,0.5613911,6.21875,8.5625,14.5625,6.084561,-2.781579,0.07630944,-0.057194233,0.096499294
524,-0.8105817,6.2201552,2.4940238,0.011962833,0.15811205,5.15625,6.812805,10.75,5.150421,-0.053832013,3.5185761,1.8757868,0.0047823847,0.2348454,3.734375,5.0,8.0625,5.4460497,-2.701579,0.07673335,0.29562855,0.7567497
525,-0.21265957,9.01331,3.0022175,0.00674928,0.3658855,6.0,8.1875,12.3125,5.222282,0.08446885,6.560881,2.5614216,0.06511335,0.5342324,5.1875,7.21875,11.3125,5.6922965,-2.4524293,0.16834688,0.47001457,0.2971284
526,-0.044903632,6.596392,2.5683444,-0.04958899,0.24720621,5.03125,6.90625,11.8125,5.82492,0.26930848,3.6776829,1.9177285,-0.058885116,0.34649706,3.813263,5.09375,9.5625,6.265125,-2.9187093,0.09929085,0.44020462,0.3142121
527,-0.21962678,6.1170936,2.473276,-0.0031663312,0.23456573,4.90625,6.59375,11.5,5.854678,-0.14907417,3.546924,1.883328,-0.012398555,0.27292562,3.766388,5.0,8.8125,5.9106665,-2.5701694,0.03835988,0.05598831,0.07055262
528,-1.4838752,7.430181,2.7258358,-0.10011644,0.15502214,6.09375,8.25,12.375,5.026184,-1.0413488,4.4621,2.1123683,-0.21407439,0.64200926,4.625,6.4375,11.625,6.314325,-2.968081,0.4869871,1.2881408,0.44252634
529,0.005400592,5.9227767,2.4336755,-0.0035182084,0.19489908,4.75,6.469055,11.625,6.03864,-0.10074873,3.381737,1.8389499,0.00847968,0.27972174,3.625,4.9375,8.125,5.5923615,-2.5410397,0.084822655,-0.44627857,0.10614932
530,0.5045724,6.948295,2.635962,-0.0497342,0.12578821,5.25,7.03125,12.4375,5.8257976,0.13813442,4.405502,2.0989287,-0.054479677,0.15644193,4.15625,5.500305,9.25,5.5486627,-2.5427933,0.030653715,-0.2771349,0.36643797
531,-0.2599027,6.6012,2.5692801,0.03777305,0.08138442,5.125,6.71875,10.6875,5.2102184,-0.1683208,3.917571,1.9792855,-0.01857405,0.1900158,3.890625,5.3125,8.9375,5.6907096,-2.683629,0.10863137,0.48049116,0.09158188
532,0.18255804,5.784501,2.405099,-0.07002201,0.26882815,4.78125,6.4375,11.875,6.229985,-0.25091013,3.5332062,1.8796824,-0.15348414,0.64488626,3.71875,5.1875,9.5625,6.4660654,-2.2512949,0.3760581,0.23608017,0.43346816
533,0.7477374,22.642809,4.758446,0.21378058,0.46832728,9.75,13.4375,21.125,5.6917925,0.6374378,20.09734,4.4830055,0.2672809,0.5801792,9.3125,12.9375,20.125,5.7901254,-2.5454693,0.11185193,0.09833288,0.11029959
534,-0.22000068,6.871364,2.6213286,0.050224576,0.22564077,5.1875,7.031555,11.3125,5.4314814,0.15501355,3.8385167,1.9592133,0.04718068,0.26109076,3.921875,5.28125,9.1875,5.9455295,-3.0328474,0.03544998,0.5140481,0.37501425
535,0.63203967,17.659554,4.2023273,-0.4258487,0.7882607,8.4375,11.625,18.5,5.569741,1.6961446,16.219835,4.0273857,-1.1243086,4.813587,8.3125,11.5,31.625,9.247446,-1.4397182,4.0253267,3.6777053,1.0641049
536,0.13460925,6.9884663,2.6435707,0.07729704,0.2207253,5.220276,7.09375,11.9375,5.71219,0.10938066,4.158591,2.0392623,0.056673653,0.3663869,4.03125,5.53125,10.1875,6.3458676,-2.8298755,0.14566159,0.6336775,0.02522859
537,0.63974386,6.064748,2.4626708,0.03706577,0.107367516,5.03125,6.625,10.5,5.1894197,0.74932367,3.7151148,1.9274633,-0.024077483,0.10899329,4.03125,5.3125,9.625,5.8244624,-2.349633,0.0016257763,0.63504267,0.1095798
538,-0.54490215,6.261903,2.5023794,-0.07304219,0.30984282,5.09375,6.8125,12.25,6.0865965,-0.41293663,3.6824672,1.9189756,-0.14738074,0.37058902,3.890625,5.3125,9.25,6.0219746,-2.5794356,0.060746193,-0.064621925,0.13196552
539,0.6030463,22.381603,4.73092,0.12556042,0.37989664,9.75,12.87561,24.875,6.7360525,0.5965301,19.404705,4.405077,0.140123,0.42714286,9.0625,12.06311,19.625,5.7342944,-2.9768982,0.047246218,-1.0017581,0.006516218
540,4.3062625,116.74211,10.804727,-0.49072754,0.38932133,22.125,28.125,43.5,4.599172,3.2438946,112.880226,10.624511,-0.4290317,0.37688518,21.625,28.0,42.5,4.769944,-3.861885,-0.0124361515,0.17077208,1.0623679
541,-0.45260412,7.44531,2.7286096,0.12731159,0.092769384,5.40625,7.125,11.125,5.046676,-0.17459355,4.8158503,2.1945045,0.10488239,0.29008222,4.40625,5.875,10.375,5.974176,-2.6294599,0.19731283,0.9274998,0.27801055
542,0.7504771,12.622565,3.552825,0.07774457,0.31827283,7.1875,9.8125,19.5,6.822257,-0.010516992,8.34011,2.887925,0.051752593,0.5044193,5.71875,7.84375,15.9375,7.043801,-4.2824554,0.1861465,0.22154379,0.7609941
543,-0.22185735,6.204204,2.490824,-0.0651478,0.27243376,4.9375,6.65625,13.4375,6.7942777,0.11544146,3.5300996,1.878856,-0.08662696,0.23109818,3.71875,5.03125,7.625,5.129376,-2.6741045,-0.041335583,-1.6649017,0.3372988
544,0.5468717,7.093736,2.6634068,-0.095980145,0.16856909,5.375,7.125,12.0,5.543049,0.10196338,4.3416166,2.0836546,-0.103343435,0.25855803,4.125,5.5625,11.6875,7.0814323,-2.7521195,0.08998895,1.5383835,0.44490835
545,0.3089825,6.2053075,2.4910455,-0.0054553635,0.28197098,4.9375,6.781555,10.75,5.435443,0.10923144,3.7230446,1.9295193,0.054657068,0.4157188,3.8125,5.250305,10.875,7.1784315,-2.4822628,0.13374782,1.7429886,0.19975105
546,-0.53728914,6.4688907,2.5434015,-0.030422544,0.31490374,5.15625,7.0,10.25,5.0087876,-0.45184648,3.9266264,1.9815717,-0.1995423,1.1960621,3.984375,5.46875,12.625,7.991861,-2.5422642,0.88115835,2.9830732,0.08544266
547,-0.8356306,6.8057265,2.6087787,0.005110367,0.21732068,5.4375,7.25,12.5,5.7513943,-0.5502298,4.083684,2.0208127,-0.009933205,0.33427358,4.15625,5.5625,9.25,5.604775,-2.7220426,0.116952896,-0.14661932,0.2854008
548,-0.7408484,7.9456267,2.8187988,0.056719575,0.37558794,5.78125,7.75,15.375,6.674103,-0.49284276,5.391271,2.321911,0.027809381,0.37204695,4.6875,6.40625,11.5,6.148681,-2.5543556,-0.0035409927,-0.5254216,0.24800566
549,-0.40047362,6.222707,2.4945354,-0.063130334,0.20370126,5.03125,6.78125,10.8125,5.4203405,-0.1766581,3.6155598,1.9014626,-0.15807359,0.3731053,3.796875,5.28125,8.5,5.683529,-2.607147,0.16940403,0.26318836,0.22381553
550,1.353485,17.544806,4.188652,-0.08015095,0.39767647,8.75,11.6875,21.5,6.1715493,0.7573834,14.50537,3.8085916,-0.10122145,0.44552875,7.75,10.5625,16.5,5.40385,-3.0394354,0.047852278,-0.76769924,0.5961016
551,0.5702311,5.7342377,2.3946269,-0.030386148,0.27401042,4.84375,6.5,11.75,6.0200634,0.324002,3.2869534,1.8129957,-0.0553845,0.3043337,3.625,4.90625,9.375,6.4474792,-2.4472842,0.030323267,0.42741585,0.24622908
552,-0.2516792,7.088179,2.6623635,6.666374e-05,0.23894954,5.3125,7.125,13.6875,6.4775543,0.18890572,4.0713677,2.0177631,-0.03891668,0.27528572,4.03125,5.375,9.5,5.9540133,-3.0168114,0.036336184,-0.523541,0.44058493
553,0.50485516,7.3125906,2.7041802,0.111785375,0.13484788,5.46875,7.21875,11.75,5.406754,0.5502012,4.6916943,2.1660318,0.096514694,0.1745143,4.4375,5.9375,10.0625,5.702495,-2.6208963,0.039666414,0.29574108,0.04534602
554,-0.47634605,8.370847,2.8932416,0.0069399746,0.11746645,5.75,7.625,13.0,5.5779786,-0.33089796,5.624593,2.3716223,0.043508787,0.19791484,4.71875,6.34375,14.4375,7.6009474,-2.746254,0.08044839,2.0229688,0.14544809
555,-0.23048316,9.639606,3.1047716,0.062371373,0.2635553,6.15625,8.3125,13.8125,5.6145215,0.13754345,6.8054976,2.6087348,0.11595679,0.28560495,5.15625,6.96875,13.125,6.357326,-2.8341088,0.022049665,0.7428045,0.3680266
556,-0.3968092,6.727982,2.5938354,-0.016591497,0.20540595,5.1875,7.03125,12.0625,5.8219604,-0.4185085,3.905315,1.976187,0.008303767,0.3497932,3.984375,5.40625,10.0,6.2916403,-2.8226671,0.14438725,0.46967983,0.02169931
557,3.739768,98.4537,9.922383,-0.043180782,-0.003977537,20.875,26.87622,38.25,4.511417,1.8233138,90.33495,9.50447,-0.010124076,0.08043885,19.125,25.25,36.75,4.776083,-8.118744,0.08441639,0.26466608,1.9164542
558,-0.32950532,7.7630124,2.7862184,0.014881108,0.087673426,5.53125,7.3125,12.25,5.493469,-0.056751464,4.486753,2.1181958,-0.010907574,0.07938933,4.1875,5.53125,9.5625,5.6759524,-3.2762594,-0.008284092,0.1824832,0.27275386
559,-0.7075732,6.4120383,2.5322003,-0.040591907,0.22490668,5.1875,7.0,11.9375,5.740189,-0.43944296,3.8859668,1.9712856,-0.056934867,0.37196493,4.0,5.4375,10.0,6.2998962,-2.5260715,0.14705825,0.55970716,0.2681302
560,0.2521282,6.3801894,2.5259037,0.024804968,0.17885113,5.03125,6.6875,12.4375,6.183665,-0.027877893,3.7761445,1.9432304,0.031641643,0.27838993,3.875,5.1875,8.9375,5.8479595,-2.604045,0.0995388,-0.33570528,0.2800061
561,2.368978,70.91041,8.420832,-0.08103814,-0.089962006,17.0,22.125,35.75,5.063294,1.8970057,64.64375,8.040133,-0.05001838,-0.026675463,16.125,20.875,41.25,6.2331285,-6.266655,0.06328654,1.1698346,0.47197235
562,0.17603597,9.1816025,3.0301158,0.02422784,0.25082898,5.9375,8.125,14.0,5.8424664,0.47679794,6.2391014,2.4978194,0.03539777,0.4672153,5.03125,6.9375,13.375,6.7103815,-2.942501,0.21638632,0.86791515,0.30076197
563,0.5117328,6.149512,2.479821,-0.002396114,0.24583173,5.03125,6.65625,12.5,6.2539277,0.49121046,3.5472848,1.8834237,0.007189436,0.41033006,3.859375,5.28125,9.375,6.119991,-2.602227,0.16449833,-0.13393688,0.020522356
564,-0.23794977,7.9416595,2.818095,-0.11017292,0.34805775,5.5625,7.625,19.125,8.576144,-0.10505256,5.111787,2.260926,-0.10634013,0.44515228,4.46875,6.03125,15.5625,8.744299,-2.8298726,0.097094536,0.16815472,0.13289721
565,0.42125586,6.860791,2.619311,0.028958518,0.22786665,5.25,7.15625,12.0,5.7278233,0.121712856,3.8602269,1.964746,0.11450198,0.28723693,3.90625,5.250305,9.5625,6.179722,-3.0005643,0.05937028,0.45189857,0.299543
566,-0.63248295,6.7668843,2.6013236,-0.017747646,0.23908567,5.3125,7.125305,11.5,5.4405346,-0.30563968,4.034339,2.0085664,-0.039817605,0.30209255,4.03125,5.4375,9.25,5.782936,-2.7325454,0.06300688,0.3424015,0.32684326
567,-0.050453953,159.84435,12.642957,-0.15496804,0.16359377,25.25,33.25,49.75,5.0053787,-1.491168,148.3942,12.181716,-0.114879884,0.17283964,24.625,33.0,48.5,5.038173,-11.45015,0.0092458725,0.032794476,1.4407141
568,0.4192313,9.784817,3.1280692,-0.074250154,0.27720284,6.25,8.375,14.4375,5.7897296,0.36681116,6.5802517,2.5652,-0.04204989,0.3638034,5.125,6.9375,12.375,6.07315,-3.204565,0.08660054,0.28342056,0.05242014
569,0.059629664,7.1295595,2.6701236,-0.027379999,0.21154356,5.25,7.03125,11.5625,5.476432,0.29235807,4.4840684,2.1175618,0.05789047,0.40952158,4.21875,5.84375,10.375,6.171187,-2.6454911,0.19797802,0.6947551,0.2327284
570,0.4455447,8.349301,2.8895156,-0.024266142,0.18134499,5.75,7.6875,13.4375,5.7952223,0.35745087,4.9686265,2.2290416,-0.054827306,0.31568885,4.46875,6.03125,11.1875,6.2762685,-3.3806748,0.13434386,0.4810462,0.08809382
571,0.5528331,7.2223268,2.6874387,0.023953049,0.22077012,5.4375,7.375305,12.8125,5.9062853,0.5517922,4.3398013,2.083219,-0.038609713,0.31714797,4.25,5.78125,9.125,5.3681097,-2.8825254,0.09637785,-0.5381756,0.0010408759
572,0.82814485,6.498424,2.5492008,-0.024136847,0.25029206,5.28125,7.09375,12.125,5.695845,0.31182718,3.7147133,1.9273591,0.013665825,0.32670665,3.875,5.25,9.1875,5.9812107,-2.7837107,0.076414585,0.28536558,0.51631767
573,0.70700806,8.214597,2.8661118,-0.083876945,0.261621,5.75,7.71875,12.625,5.379076,0.34007955,5.488657,2.3427882,-0.18469098,0.40960193,4.65625,6.281555,11.1875,5.986289,-2.7259398,0.14798093,0.607213,0.36692852
574,-0.55623734,17.720863,4.2096157,-0.039326996,0.13620567,8.4375,11.1875,19.5,5.773482,-0.39022484,15.890009,3.9862275,-0.020585097,0.25886297,7.970276,10.75,18.0,5.681799,-1.8308544,0.1226573,-0.09168291,0.1660125
575,-0.52465874,7.8652477,2.8045049,-0.03114639,0.25327873,5.59375,7.625,12.375,5.496737,-0.24787563,4.9857297,2.2328749,-0.122840814,0.34131932,4.4375,6.15625,11.4375,6.4802737,-2.879518,0.08804059,0.9835367,0.2767831
576,0.13161974,6.4721107,2.5440342,0.036155622,0.16683578,4.96875,6.75,12.0625,5.9644785,0.04401175,3.5432856,1.8823618,-0.04420594,0.25645757,3.75,5.03125,8.3125,5.592557,-2.9288251,0.08962178,-0.37192154,0.08760799
577,-0.1843253,6.954241,2.6370895,-0.006138229,0.09325695,5.21875,6.90625,10.375,4.9458675,-0.036877565,4.1883297,2.046541,-0.035218865,0.15496731,4.0625,5.375,8.25,5.096547,-2.765911,0.061710358,0.15067959,0.14744774
578,0.76313746,8.269751,2.8757174,0.07249672,0.49291992,6.0,8.125,13.625,5.882936,0.13630922,6.002391,2.4499776,0.08693241,0.66074085,4.9375,6.84375,11.375,5.9825373,-2.2673597,0.16782093,0.09960127,0.62682825
579,0.588008,6.5548444,2.5602431,0.052157585,0.16277385,5.21875,6.9375,10.75,5.1916766,0.24483623,4.0123873,2.0030944,0.027417062,0.25552726,4.03125,5.375,9.25,5.81428,-2.542457,0.09275341,0.6226034,0.34317178
580,0.6804776,7.920797,2.8143911,0.1072506,0.27058697,5.71875,7.656555,17.375,7.61902,0.6425212,4.8650203,2.2056792,0.21320708,0.49808455,4.59375,6.281555,13.3125,7.4417434,-3.0557766,0.22749758,-0.17727661,0.037956417
581,0.36053956,5.520693,2.3496156,0.020973254,0.1782391,4.71875,6.25,11.625,6.191035,0.20108452,3.1748865,1.7818211,0.014401931,0.28358912,3.578125,4.8125,7.6875,5.4600782,-2.3458064,0.10535002,-0.73095655,0.15945503
582,-0.6854731,7.3440585,2.7099924,-0.031832304,0.20447469,5.5625,7.34375,12.5,5.6623006,-0.11032892,4.498934,2.121069,-0.0776559,0.30164933,4.28125,5.625,9.0,5.39406,-2.8451247,0.097174644,-0.26824045,0.5751442
583,0.031801723,7.000496,2.645845,-0.0027715988,0.22711301,5.25,7.03125,12.0,5.7447615,0.4222753,4.101432,2.0251992,-0.00012703889,0.25646138,4.0625,5.53125,10.1875,6.240227,-2.899064,0.029348373,0.49546576,0.39047357
584,0.046426233,11.422501,3.379719,0.036926318,0.27139068,6.625,9.0625,15.375,5.755423,-0.013456933,8.180239,2.8601117,0.062153384,0.3429644,5.626526,7.6875,12.75,5.665588,-3.242262,0.071573734,-0.08983517,0.059883166
585,-0.29708594,5.5127335,2.3479211,0.038151693,0.18715715,4.65625,6.1875,10.5625,5.6186557,-0.19643994,3.2306554,1.7974024,0.031175066,0.38018775,3.609375,4.84375,8.3125,5.8509946,-2.282078,0.1930306,0.2323389,0.100646004
586,0.49143907,8.461111,2.908799,-0.072463244,0.1868329,5.8125,7.75,14.25,6.0819464,0.2511495,5.2094264,2.2824168,-0.120496705,0.43497586,4.53125,6.125305,13.125,7.263925,-3.2516847,0.24814296,1.1819787,0.24028957
587,0.046409387,7.202857,2.6838138,0.0051092715,0.24459171,5.3125,7.1875,11.625,5.4807706,-0.33439696,4.1397595,2.0346398,-0.056232046,0.27394223,4.0625,5.5625,8.75,5.3920345,-3.0630975,0.02935052,-0.08873606,0.38080636
588,-3.0127227,54.915905,7.4105268,-0.102845185,0.03045392,15.75,20.75,36.0,5.6657505,-2.5162466,50.606487,7.113824,-0.1723893,0.0972414,15.0,20.25,32.0,5.370102,-4.3094177,0.06678748,-0.29564857,0.49647617
589,-0.6485114,11.051012,3.3243062,0.045663398,0.2573657,6.75,9.0625,15.3125,5.7287693,-0.6646923,7.9712024,2.8233318,0.09815848,0.26754594,5.71875,7.6875,12.0,5.2091126,-3.0798097,0.010180235,-0.51965666,0.016180873
590,0.27317658,6.798308,2.6073565,-0.033311162,0.14322138,5.125,6.906555,11.0,5.2857385,0.21312177,4.2725616,2.0670176,0.04870435,0.30121613,4.0625,5.5,9.5,5.7785935,-2.5257463,0.15799475,0.49285507,0.06005481
591,-0.75985575,6.0702243,2.4637825,-0.034171842,0.15661311,5.0625,6.8125,12.3125,6.0269594,-0.44669268,3.648074,1.9099932,-0.04568297,0.29884648,3.90625,5.3125,9.375,6.065451,-2.4221504,0.14223337,0.038491726,0.31316307
592,0.14815111,12.11033,3.4799898,0.027522264,0.32690215,6.875,9.4375,15.375,5.5914927,-0.20209992,8.386144,2.8958838,0.0651671,0.3491881,5.71875,7.8125,14.0,6.1217427,-3.724186,0.022285938,0.5302501,0.35025102
593,-1.8634905,13.5725355,3.6840923,-0.041178722,0.24022484,8.125,10.8125,18.25,5.5597234,-2.4331,9.947758,3.1540067,-0.059659343,0.24219537,7.6875,10.125,15.6875,4.8872275,-3.6247778,0.0019705296,-0.67249584,0.5696095
594,0.14966637,14.87075,3.8562613,-0.42662072,0.8928368,7.595276,11.0,21.375,7.116608,-0.2721537,11.156688,3.3401628,-0.6129953,1.4330745,6.625,10.25,21.5,8.424132,-3.7140627,0.54023767,1.3075242,0.42182007
595,0.7430808,8.122706,2.8500361,0.09813545,0.2078259,5.875,7.9375,13.5,5.82556,1.1309338,5.423855,2.328917,0.24342656,0.33512235,5.25,7.1875,10.9375,5.434986,-2.6988516,0.12729645,-0.39057398,0.38785297
596,0.18826889,7.685439,2.7722623,0.10982942,0.13160825,5.5,7.34375,11.25,5.11622,0.20299019,4.7385902,2.1768303,0.11835539,0.2672701,4.34375,5.875305,9.8125,5.697398,-2.9468489,0.13566184,0.5811782,0.014721304
597,0.117120706,7.2865095,2.6993535,0.023822086,0.16467762,5.34375,7.125,12.4375,5.814533,-0.03385045,4.5590672,2.1351972,-0.07587192,0.34751773,4.21875,5.78125,9.0625,5.406837,-2.7274423,0.18284011,-0.40769625,0.15097116
598,1.0929022,6.76143,2.600275,-0.007806674,0.20575953,5.5,7.375305,11.8125,5.265229,0.2878125,4.0787506,2.0195918,-0.012387094,0.28752565,4.0625,5.46875,10.0625,6.260341,-2.6826792,0.08176613,0.99511194,0.8050897
599,-0.8942082,6.442842,2.5382755,-0.14538142,0.28811145,5.375,7.25,13.75,6.5025387,-0.06804646,4.3489304,2.085409,0.06014798,1.2044611,4.09375,5.750305,12.75,7.8837466,-2.0939116,0.91634965,1.381208,0.82616174
600,0.7542481,6.4465585,2.5390074,-0.08091546,0.24094582,5.1875,6.8125,11.375,5.405788,0.09888501,3.7587953,1.9387612,-0.027620703,0.20776081,3.828125,5.15625,8.9375,5.8253465,-2.6877632,-0.033185005,0.41955853,0.6553631
601,-0.3841143,6.5364213,2.5566425,0.011463742,0.20882964,5.125,6.8125,11.125,5.443574,-0.38530627,3.6294184,1.9051032,-0.029310636,0.36140227,3.84375,5.1875,9.5,6.205173,-2.907003,0.15257263,0.76159906,0.0011919737
602,-0.18443803,6.896368,2.6260936,0.04718989,0.046139,5.15625,6.8125,11.3125,5.404176,-0.27125487,4.4083433,2.0996056,0.123844184,0.47033453,4.15625,5.75,11.25,6.7362456,-2.4880247,0.42419553,1.3320694,0.08681683
603,0.88229686,7.4849343,2.7358608,0.0040305844,0.17351699,5.625,7.5625,14.5,6.350898,0.6447751,4.715856,2.1716022,0.029150251,0.23430204,4.46875,5.937805,12.5,6.9740143,-2.7690783,0.060785055,0.6231165,0.23752177
604,0.11356925,6.0424514,2.45814,0.05041531,0.41156268,4.875,6.65625,12.25,6.3300133,0.5372248,3.5748706,1.8907328,0.034964282,0.43926024,3.875,5.21875,9.9375,6.409482,-2.4675808,0.027697563,0.07946873,0.42365557
605,-1.0255126,5.688664,2.385092,-0.024339814,0.20929885,5.125,6.8125,11.25,5.469251,-0.9256793,3.40837,1.8461771,0.0002692104,0.28618288,4.0625,5.406555,9.0,5.4791903,-2.280294,0.07688403,0.009939194,0.09983325
606,-0.35078365,6.4618382,2.5420146,0.023756068,0.10350847,5.0625,6.71875,10.25,5.0235267,0.101716794,4.0693345,2.0172591,0.06939804,0.5714574,4.0,5.65625,9.9375,6.305802,-2.3925037,0.4679489,1.2822752,0.45250043
607,-0.17855608,6.92509,2.6315565,-0.16524112,0.22240376,5.21875,7.000305,13.5,6.5049806,0.056327,4.0713234,2.0177522,-0.17766681,0.28938198,4.0,5.34375,9.375,5.894192,-2.8537664,0.066978216,-0.61078835,0.23488308
608,0.36387548,6.949369,2.6361656,-0.018778669,0.15795684,5.25,7.0625,11.0625,5.2407055,0.1922701,4.0964036,2.0239575,0.041948248,0.30220628,4.09375,5.40625,8.375,5.2519875,-2.8529654,0.14424944,0.011281967,0.17160538
609,-1.3042066,7.366611,2.7141502,-0.13599494,0.15372491,5.96875,8.0625,13.0,5.4648385,-0.7421363,4.8100843,2.1931903,-0.11398689,0.25278592,4.625,6.3125,10.5,5.7754264,-2.5565267,0.09906101,0.31058788,0.5620703
610,-0.10112849,6.5473785,2.5587845,0.007911499,0.28290772,5.09375,6.875,11.875,5.895803,-0.086627126,3.86156,1.9650853,-0.10249758,0.44025373,3.875,5.34375,9.1875,5.962407,-2.6858184,0.15734601,0.06660414,0.014501363
611,0.21208984,6.36072,2.5220468,-0.0022448471,0.23885036,5.03125,6.6875,12.625,6.3213015,0.0686034,3.8090851,1.9516878,-0.041031398,0.36739945,3.890625,5.28125,8.6875,5.675115,-2.551635,0.1285491,-0.64618635,0.14348644
612,0.91746867,7.2569547,2.6938736,-0.18789881,0.48119974,5.625,7.5,13.25,5.86517,0.97189415,4.3249855,2.07966,-0.16917332,0.5565355,4.53125,5.96875,10.25,5.6236076,-2.9319692,0.07533574,-0.24156237,0.054425478
613,0.30463386,23.424759,4.839913,0.020049298,0.30063415,9.625,13.0625,21.375,5.609951,0.54754114,20.06175,4.4790344,0.05273429,0.3982005,9.0,12.3125,19.875,5.6227784,-3.3630085,0.097566366,0.012827396,0.24290729
614,-0.13713367,7.203572,2.683947,0.07430779,0.2814505,5.34375,7.21875,12.0,5.6612225,0.22376509,4.5659156,2.1368003,0.0780534,0.33079028,4.28125,5.8125,9.9375,5.8951592,-2.6376562,0.04933977,0.23393679,0.36089876
615,0.493766,6.9191008,2.6304183,-0.001761656,0.2529025,5.375,7.0625,12.125,5.739173,0.19695066,3.9901798,1.9975435,-0.08516864,0.47724724,4.0625,5.5,9.0625,5.7709417,-2.928921,0.22434473,0.0317688,0.29681534
616,0.06460952,6.534006,2.5561702,-0.029950434,0.20287228,5.0625,6.75,11.375,5.6320815,0.13669994,3.621661,1.9030662,-0.04182146,0.2568891,3.8125,5.0,8.4375,5.6073594,-2.9123452,0.05401683,-0.0247221,0.072090425
617,-0.7053536,7.081703,2.6611469,0.020794785,0.19786835,5.40625,7.28125,12.6875,5.8134174,-0.463358,4.5551662,2.1342835,-0.023250187,0.3432877,4.34375,5.90625,11.1875,6.506871,-2.526537,0.14541936,0.6934538,0.2419956
618,0.33228907,5.9546604,2.4402173,-0.03661842,0.19482255,4.8125,6.5,10.4375,5.3397956,-0.18174207,3.4441712,1.8558478,-0.08681835,0.29962325,3.6875,5.03125,8.375,5.699458,-2.5104892,0.1048007,0.35966253,0.5140312
619,0.31092808,7.100089,2.6645992,0.1002263,0.20488381,5.28125,7.125,12.25,5.77849,0.23775224,4.5414186,2.1310604,0.04686423,0.33627772,4.21875,5.812805,10.25,6.076388,-2.5586705,0.13139391,0.29789782,0.07317583
620,-0.32301182,5.9391403,2.437035,-0.08606863,0.29446387,4.90625,6.750305,10.5,5.445953,0.15198223,3.4392064,1.8545097,-0.3131274,1.2064214,3.640625,5.000305,11.125,7.6698356,-2.499934,0.9119575,2.2238827,0.47499406
621,0.558568,7.191125,2.6816273,-0.07904408,0.23122478,5.4375,7.25,11.4375,5.2787895,0.51942617,4.4648113,2.11301,-0.08851814,0.33785462,4.34375,5.75,9.0625,5.2745686,-2.7263136,0.10662985,-0.0042209625,0.039141834
622,0.75872463,7.3537397,2.711778,-0.021086276,0.203717,5.53125,7.46875,12.125,5.4366336,0.3696114,4.5616546,2.135803,0.002856568,0.24285722,4.3125,5.71875,10.1875,5.9725227,-2.7920852,0.039140224,0.53588915,0.38911322
623,-0.26187816,6.5742946,2.5640388,0.039012387,0.21856356,5.125,6.875,10.25,5.0426717,-0.33507013,3.7259884,1.930282,-0.005560048,0.314816,3.90625,5.25,8.4375,5.4671874,-2.8483062,0.09625244,0.42451572,0.07319197
624,0.3859724,6.133877,2.4766665,0.06325848,0.15481877,4.9375,6.625,10.25,5.178151,0.31133515,3.6287348,1.9049238,0.13186565,0.25973988,3.84375,5.125,8.75,5.7701945,-2.505142,0.1049211,0.5920434,0.074637264
625,0.09501705,6.9248705,2.6315148,-0.055108074,0.31870055,5.1875,7.062805,11.25,5.426638,0.1847313,4.6942396,2.1666193,-0.393303,2.8334336,4.1875,5.844055,15.75,9.436632,-2.2306309,2.514733,4.009994,0.08971425
626,0.5499484,6.458665,2.5413904,-0.034625553,0.17687178,5.125,6.84375,11.625,5.6337533,0.3607879,3.9444015,1.9860517,0.07845094,0.22605062,4.0,5.437805,8.25,5.1733513,-2.5142634,0.04917884,-0.460402,0.1891605
627,0.64564705,6.6821017,2.5849762,0.04261745,0.18102503,5.28125,7.125,11.5,5.450797,0.5652656,3.6758332,1.9172462,0.04716127,0.5150292,3.953125,5.4375,9.5,6.0644107,-3.0062685,0.33400416,0.6136136,0.08038145
628,-0.35459024,6.4048014,2.530771,0.059779044,0.21994257,5.03125,6.8125,12.875,6.354061,-0.043919798,3.6689544,1.9154515,0.084839225,0.3352704,3.8125,5.1875,8.3125,5.504003,-2.735847,0.115327835,-0.8500581,0.31067044
629,1.3819801,9.906945,3.14753,0.038231865,0.13567066,6.75,9.0,15.1875,5.5626884,0.7237204,6.465014,2.5426393,0.076838925,0.26759696,5.25,7.09375,12.5625,6.0330215,-3.4419312,0.1319263,0.4703331,0.6582597
630,-0.511774,5.492081,2.343519,-0.044403117,0.23426938,4.75,6.4375,9.5625,5.057169,-0.44267714,3.2256875,1.7960199,-0.003624655,0.33538198,3.703125,4.9375,8.0,5.498528,-2.2663937,0.101112604,0.44135904,0.06909686
631,-0.22132675,5.694599,2.3863358,-0.007781175,0.19749117,4.75,6.375,11.6875,6.1726484,-0.23488964,3.1321664,1.7697928,-0.0035385836,0.26495862,3.53125,4.71875,8.5,6.021858,-2.5624328,0.06746745,-0.15079021,0.013562888
632,-0.5799399,5.851218,2.418929,-0.03391129,0.19543123,4.9375,6.500305,12.3125,6.2594748,-0.13692005,3.5147636,1.8747703,-0.018363645,0.13247514,3.71875,4.96875,8.25,5.5367885,-2.3364546,-0.062956095,-0.7226863,0.44301987
633,0.8651565,6.2739487,2.504785,0.09337855,0.13603544,5.25,7.000305,10.625,5.0775385,0.5027725,3.658429,1.912702,0.076005615,0.46340704,3.96875,5.4375,9.125,5.9003525,-2.6155198,0.3273716,0.822814,0.36238396
634,0.07384721,5.902228,2.42945,-0.06007117,0.13067722,4.8125,6.375,10.3125,5.3654513,0.015654687,3.352965,1.8311104,-0.049302593,0.23865366,3.625,4.8125,8.125,5.6208544,-2.5492628,0.10797644,0.25540304,0.058192525
635,0.80086356,7.876375,2.806488,-0.080710456,0.22797155,5.71875,7.625,12.9375,5.5886016,0.3183465,5.0080805,2.237874,-0.055086933,0.23411798,4.46875,5.96875,11.5625,6.4585824,-2.8682947,0.006146431,0.8699808,0.48251706
636,-0.021422096,6.48736,2.5470297,-0.060705356,0.17575455,5.0625,6.71875,10.8125,5.3642797,-0.26655385,4.0158114,2.003949,-0.039243728,0.36738706,3.96875,5.5,10.3125,6.4899364,-2.4715486,0.19163251,1.1256566,0.24513176
637,-0.3452704,6.8562164,2.6184378,-0.087693825,0.2238841,5.25,7.03125,11.5625,5.5577874,-0.3354181,4.0206704,2.005161,-0.12617171,0.31212044,4.0625,5.469055,9.125,5.731122,-2.835546,0.08823633,0.1733346,0.00985229
638,-0.3219237,6.781529,2.604137,0.0106515065,0.10902023,5.1875,6.75,12.25,5.872925,-0.13364583,3.930653,1.9825875,0.016482932,0.2346294,3.921875,5.28125,9.0625,5.7682514,-2.8508759,0.12560916,-0.104673386,0.18827787
639,-0.6561509,8.196987,2.863038,0.05457932,0.27217364,5.78125,7.6875,12.1875,5.2447925,-0.9025856,5.6566753,2.3783767,0.07716935,0.3333304,5.03125,6.71875,11.625,5.7623796,-2.5403118,0.06115675,0.5175872,0.24643475
640,0.032300804,5.972203,2.443809,-0.014529641,0.22085285,4.875,6.5,11.125,5.767403,-0.06699966,3.2416203,1.8004501,-0.061003733,0.51147985,3.5,4.96875,8.75,6.180047,-2.7305825,0.290627,0.4126439,0.09930046
641,-11.632547,7.109508,2.666366,0.35672414,0.3442042,15.75,17.25,21.875,1.8804368,-12.276463,4.172355,2.0426342,0.3974013,0.5211258,15.375,16.5,19.5,1.5884055,-2.9371529,0.1769216,-0.2920313,0.6439152
642,-0.10402377,7.8113546,2.7948802,-0.11388041,0.1573515,5.46875,7.375,12.0625,5.443463,-0.27202964,5.1967063,2.2796285,-0.105504654,0.19282031,4.5625,6.0625,10.9375,6.0334697,-2.6146483,0.035468817,0.5900068,0.16800587
643,0.7552112,12.036364,3.4693463,0.24522525,0.7529719,7.25,10.25,16.5,6.065696,0.61997515,9.527631,3.0866861,0.33094627,1.0208278,6.4375,9.25,15.9375,6.6766205,-2.5087328,0.26785588,0.6109247,0.13523602
644,0.053968407,6.350129,2.5199463,-0.04630671,0.234236,5.0,6.625,11.5625,5.806003,-0.0005469482,3.7617867,1.9395326,-0.0024826818,0.3840387,3.813263,5.3125,9.6875,6.3727927,-2.5883424,0.14980268,0.5667896,0.054515354
645,-0.3336048,26.165043,5.1151776,-0.07661959,0.14186978,10.125,13.625,21.0,5.1663775,-0.5518241,22.77805,4.7726355,-0.07494815,0.23109221,9.5,12.875,20.625,5.4469776,-3.3869934,0.08922243,0.28060007,0.21821928
646,0.5546077,6.204077,2.4907985,-0.0031259074,0.25944304,5.0625,6.8125,11.875,5.886865,-0.03306839,3.458411,1.8596803,0.031101886,0.29105115,3.6875,5.03125,8.3125,5.6678987,-2.7456658,0.031608105,-0.21896648,0.58767605
647,-0.34637877,6.8609085,2.6193335,-0.014066021,0.2108171,5.1875,7.031555,13.0,6.217403,-0.50701964,3.9468567,1.9866698,-0.033933703,0.28125358,4.0625,5.40625,10.875,6.7358227,-2.9140518,0.07043648,0.51841974,0.16064087
648,-0.73265266,7.825029,2.7973254,0.07357323,0.11287975,5.6875,7.5,11.125,4.833774,-0.4414184,4.937909,2.2221406,0.016129242,0.12808347,4.46875,5.937805,9.3125,5.1737256,-2.8871198,0.015203714,0.33995152,0.29123425
649,-0.6083918,13.587119,3.686071,0.00675529,0.39396262,7.5625,10.1875,17.875,6.110351,-0.014513208,10.62106,3.2589967,-0.015927782,0.4592657,6.5625,8.9375,15.0625,5.912443,-2.9660587,0.06530309,-0.19790792,0.5938786
650,-0.8919428,19.793175,4.448952,-0.13690518,0.41061854,9.1875,12.4375,18.75,5.339957,-0.5614003,17.240887,4.1522145,-0.16053799,0.4788127,8.5625,11.50061,17.875,5.5196657,-2.552288,0.06819415,0.17970848,0.3305425
651,-0.35283393,12.354943,3.5149598,0.07958892,0.4313643,7.03125,9.625,17.125,6.174867,-0.15246226,10.003571,3.1628423,0.08956833,0.3667276,6.34375,8.5625,14.1875,5.706533,-2.3513727,-0.06463671,-0.4683342,0.20037167
652,-0.4890116,6.038004,2.457235,-0.080903254,0.1183517,4.875,6.625305,11.25,5.663586,-0.563738,3.5856528,1.893582,-0.38724908,1.5360751,3.8125,5.59375,12.875,8.4412,-2.452351,1.4177234,2.777614,0.0747264
653,-0.40007508,5.637907,2.3744278,0.06721661,0.30293417,4.75,6.5,12.5,6.573876,-0.4903747,3.2943718,1.8150405,0.29193214,1.8878841,3.734375,5.125,11.75,8.066591,-2.3435352,1.58495,1.4927154,0.090299636
654,0.083461545,6.318946,2.5137513,0.05719869,0.298131,5.0,6.75,11.3125,5.713333,0.121776566,3.6477258,1.9099021,0.038598415,0.27203035,3.796875,5.125,8.5625,5.671887,-2.67122,-0.026100636,-0.04144621,0.03831502
655,0.36542714,5.641295,2.3751411,0.023498226,0.13056684,4.6875,6.25,10.875,5.6936374,-0.06402951,3.2038074,1.7899183,0.052853,0.2734871,3.53125,4.78125,8.9375,6.3178754,-2.4374876,0.14292026,0.624238,0.42945665
656,-0.14257722,6.32164,2.5142872,-0.034673456,0.10974145,4.96875,6.625305,10.9375,5.4735866,-0.45407286,3.7328858,1.9320678,-0.08093947,0.27526784,3.9375,5.4375,8.4375,5.4003735,-2.5887542,0.16552639,-0.0732131,0.31149566
657,0.8155966,6.147989,2.479514,-0.05283623,0.23497796,5.125,6.844055,10.875,5.243898,0.535796,3.5471187,1.8833796,-0.044721227,0.36298966,3.875,5.187805,9.5625,6.189237,-2.6008701,0.1280117,0.9453392,0.2798006
658,0.011572928,6.867493,2.6205902,-0.022812989,0.26573634,5.1875,7.0,13.6875,6.6151953,-0.14919227,4.163185,2.0403886,-0.019990085,0.28795338,4.03125,5.4375,11.8125,7.3253055,-2.704308,0.022217035,0.7101102,0.1607652
659,0.114298746,8.588277,2.930576,0.041060545,0.123096466,5.751526,7.687805,12.1875,5.238962,0.46361616,5.545995,2.3549936,-0.05990851,0.33305502,4.71875,6.5,11.375,5.9997187,-3.0422816,0.20995855,0.7607565,0.34931743
660,1.2496696,7.8999186,2.8106794,0.055188388,0.20346665,6.03125,8.0,14.5625,5.9582577,1.4780871,5.51117,2.347588,0.11736935,0.17512941,5.46875,7.21875,12.0625,5.469388,-2.3887486,-0.02833724,-0.48886967,0.22841752
661,0.42985463,7.0768166,2.6602287,-0.04121588,0.19207025,5.28125,7.094055,12.5,5.8408165,0.56729394,4.433165,2.1055083,-0.047770165,0.25640488,4.28125,5.75,9.1875,5.3182373,-2.6436515,0.06433463,-0.5225792,0.13743931
662,-0.44153184,6.782672,2.6043563,0.05631154,0.36956167,5.21875,7.1875,12.125,5.83429,-0.30212045,4.29581,2.0726337,0.43948087,2.9755478,4.0625,5.75,14.25,8.874445,-2.4868617,2.605986,3.040155,0.13941139
663,0.8248839,14.004119,3.7422078,-0.05951608,0.6551311,7.84375,10.625,17.375,5.858463,0.31967685,11.51854,3.3938975,0.0003231548,0.87311673,7.09375,9.6875,17.75,6.8301754,-2.4855785,0.21798563,0.9717126,0.50520706
664,-0.2681139,6.2856607,2.507122,0.04070642,0.25841355,5.0,6.6875,10.75,5.41163,-0.2533104,3.7154202,1.9275426,0.045948695,0.20817423,3.84375,5.09375,9.25,6.0146685,-2.5702405,-0.050239325,0.6030383,0.014803499
665,-0.34392807,5.964067,2.442144,0.026629515,0.081106186,4.84375,6.4375,11.5,5.85617,-0.08570088,3.2258868,1.7960753,0.05122549,0.28611374,3.59375,4.84375,8.1875,5.7741113,-2.7381802,0.20500755,-0.08205891,0.2582272
666,0.1608116,6.524603,2.55433,-0.048243906,0.30708838,5.03125,6.84375,12.9375,6.407753,-0.21651942,3.9919763,1.9979931,-0.11899285,0.3679917,3.984375,5.46875,11.5625,7.314835,-2.5326266,0.06090331,0.9070821,0.37733102
667,-1.1369467,6.4100275,2.5318031,-0.0652313,0.12179518,5.4375,7.25,10.75,4.8866687,-0.6965126,3.6397629,1.9078163,-0.012725415,0.25733924,4.03125,5.4375,9.125,5.6896005,-2.7702646,0.13554406,0.8029318,0.4404341
668,-0.8215234,6.384227,2.5267026,0.051238175,0.21010828,5.1875,6.96875,11.8125,5.5827484,-0.71850276,4.0393467,2.0098126,0.02774611,0.28401518,4.1875,5.625,9.25,5.462983,-2.34488,0.0739069,-0.11976528,0.10302067
669,0.6812168,6.0384316,2.4573221,0.07155713,0.21130562,5.03125,6.75,11.4375,5.6826587,0.26454136,3.4332793,1.852911,0.12686425,0.46625233,3.71875,5.15625,8.1875,5.604447,-2.6051524,0.2549467,-0.078211784,0.41667542
670,-0.9122071,6.444121,2.5385273,-0.035497576,0.2481668,5.3125,7.1875,11.375,5.334214,-0.55129164,3.6721394,1.9162827,-0.046458345,0.31080174,3.9375,5.469055,8.3125,5.2863293,-2.7719815,0.062634945,-0.04788494,0.36091548
671,1.2801415,10.648545,3.2632108,-0.08004818,0.26392007,6.84375,9.1875,14.75,5.2914653,0.25184193,7.4977617,2.738204,-0.10797469,0.2990687,5.40625,7.281555,13.375,6.1651483,-3.1507835,0.03514862,0.873683,1.0282996
672,0.011500885,6.460831,2.5418165,-0.015677592,0.23360181,5.03125,6.625,13.875,6.904954,-0.1469454,3.9746845,1.993661,0.009407693,0.30376434,3.9375,5.34375,10.75,6.838199,-2.4861467,0.070162535,-0.06675482,0.15844628
673,0.58726954,6.62529,2.5739639,-0.007044521,0.18286467,5.25,6.96875,10.9375,5.240394,0.084239505,4.1630416,2.0403533,0.008358997,0.25926852,4.0625,5.46875,9.5625,5.9420333,-2.4622483,0.07640386,0.7016392,0.50303006
674,0.6711666,8.19821,2.8632517,-0.04322685,0.6299546,5.78125,8.0625,13.6875,5.940884,0.00469668,5.5467796,2.3551602,-0.5029552,3.6907425,4.5625,6.21875,17.125,9.568895,-2.6514301,3.060788,3.6280112,0.66646993
675,-0.5265249,6.736182,2.5954156,0.011905544,0.19878769,5.25,7.0,10.9375,5.2215753,-0.26949704,3.9530976,1.9882398,0.010586707,0.17989421,3.953125,5.375,8.5625,5.4054976,-2.7830846,-0.01889348,0.18392229,0.25702786
676,0.19671345,6.9562173,2.6374643,0.0051710987,0.23816729,5.25,7.15625,11.8125,5.658731,0.2657999,4.025362,2.0063305,-0.010540333,0.44743252,4.0,5.46875,9.4375,5.926286,-2.9308553,0.20926523,0.26755524,0.06908646
677,0.6078017,7.0598283,2.6570337,0.076711476,0.35878992,5.34375,7.375305,12.625,5.8939075,0.7739177,4.285448,2.0701325,0.14632113,0.9790757,4.3125,6.0,12.4375,7.1934447,-2.7743802,0.62028575,1.2995372,0.166116
678,0.20798838,9.494494,3.0813138,-0.04094378,0.23549438,6.0625,8.18811,13.625,5.5775456,0.50723547,6.8983374,2.6264687,-0.026991317,0.35066557,5.28125,7.15625,13.625,6.453236,-2.596157,0.115171194,0.87569046,0.2992471
679,-2.0850136,6.90629,2.6279821,0.018892568,0.22188592,6.4375,8.25,13.5625,4.974521,-2.3181136,4.128751,2.0319328,0.008458199,0.37039065,5.65625,7.094055,13.3125,5.1635246,-2.7775393,0.14850473,0.18900347,0.23309994
680,-0.5919779,7.085377,2.661837,0.041517846,0.1994791,5.375,7.1875,11.625,5.377517,-0.4010496,4.3208885,2.0786748,0.0051252497,0.31376576,4.25,5.6875,8.875,5.319677,-2.7644887,0.11428666,-0.057840347,0.19092828
681,0.82301897,22.501366,4.7435603,-0.012605074,0.10694766,9.6875,12.375,19.375,5.1269197,0.51564425,19.647154,4.432511,0.046291284,0.38873458,9.125,11.9375,33.0,9.552099,-2.8542118,0.28178692,4.4251795,0.30737472
682,-29.35915,162.50824,12.747872,-0.24041389,-0.27339625,51.5,60.0,74.5,2.536661,-28.336622,159.143,12.61519,-0.37024832,-0.060525417,51.0,60.25,84.0,2.9624903,-3.3652344,0.21287084,0.4258294,1.0225277
683,-0.49286273,5.9223166,2.433581,-0.0778789,0.2522831,4.875,6.65625,11.25,5.7429566,-0.23478784,3.5697384,1.8893751,-0.046065062,0.27271914,3.78125,5.0625,8.4375,5.627791,-2.3525782,0.020436049,-0.11516571,0.25807488
684,0.70539683,5.138972,2.26693,-0.028105272,0.098168135,4.625,6.15625,10.5,5.5404,0.6948749,3.0694125,1.7519739,0.068184845,0.21182156,3.719513,4.96875,8.125,5.462102,-2.0695593,0.11365342,-0.07829809,0.010521948
685,-0.2801975,6.1992245,2.4898243,-0.034487277,0.117488146,4.9375,6.53125,10.5625,5.3158526,-0.026581226,3.4738464,1.8638258,0.05688281,0.1959455,3.671875,4.96875,7.96875,5.410084,-2.725378,0.078457355,0.09423113,0.25361627
686,0.6178052,9.079329,3.0131924,-0.14181814,0.17489767,5.96875,8.0,15.6875,6.3905864,0.43820468,6.2226205,2.494518,-0.16129932,0.26282144,4.96875,6.625,14.1875,7.0369134,-2.856708,0.087923765,0.646327,0.1796005
687,-0.2828143,6.9895463,2.643775,-0.005230147,0.17691708,5.25,7.0,11.25,5.3464713,-0.0013635742,4.1534796,2.0380087,0.03648263,0.23421907,4.03125,5.4375,10.375,6.459947,-2.8360667,0.057302,1.1134758,0.28145072
688,0.4456241,6.7895646,2.6056793,0.005850513,0.15827417,5.220276,7.000305,11.375,5.430761,0.20324428,4.0731554,2.018206,0.026840847,0.29037523,4.03125,5.46875,8.375,5.240288,-2.7164092,0.13210106,-0.19047308,0.24237983
689,0.3441495,9.580789,3.095285,0.0005744559,0.097573996,6.125,8.125,12.75,5.156994,-0.034044262,6.101015,2.4700234,0.16342452,0.40764165,4.875,6.6875,11.4375,5.882281,-3.4797735,0.31006765,0.72528696,0.37819377
690,-0.5561253,8.933122,2.9888327,-0.016224785,0.12808967,6.0,8.0,12.875,5.3472347,-0.5777842,5.6680284,2.380762,0.008586491,0.2526071,4.875,6.53125,10.0625,5.198111,-3.2650933,0.12451744,-0.14912367,0.021658897
691,-0.17630433,5.9775987,2.444913,-0.006056051,0.19921374,4.84375,6.531555,11.125,5.732956,-0.027245777,3.375632,1.8372893,-0.011122791,0.15075636,3.59375,4.875,7.375,5.0704503,-2.6019666,-0.048457384,-0.6625056,0.14905855
692,-0.048234276,7.186629,2.6807888,0.028214805,0.1360302,5.25,7.03125,11.625,5.4579983,-0.30676982,4.180899,2.0447247,0.0077283573,0.29770398,4.09375,5.406555,12.6875,7.772333,-3.0057297,0.16167378,2.3143349,0.25853553
693,0.22075954,6.0193806,2.4534426,-0.011714217,0.15734482,4.875,6.5625,10.75,5.499404,0.61348504,3.5262473,1.8778305,-0.033863194,0.24624324,3.875,5.25,9.75,6.220645,-2.4931333,0.08889842,0.721241,0.3927255
694,0.34130743,7.579439,2.7530782,0.011458654,0.20705557,5.5,7.375,11.6875,5.3394513,-0.09177827,4.237962,2.058631,-0.059346702,0.39033532,4.125,5.531555,11.5,7.1243124,-3.3414774,0.18327975,1.7848611,0.4330857
695,0.80503416,6.6992702,2.5882947,-0.07453617,0.15889263,5.3125,7.062805,11.125,5.1479826,0.52193177,4.2388415,2.0588448,-0.054829296,0.2265892,4.1875,5.625,9.625,5.7083526,-2.4604287,0.06769657,0.56036997,0.2831024
696,-0.10924679,7.449106,2.729305,-0.042338394,-0.014051199,5.375,7.0625,10.125,4.6488123,-0.4587833,4.8760214,2.2081716,-0.010157133,0.100832224,4.4375,5.84375,10.3125,5.763404,-2.5730848,0.11488342,1.1145916,0.3495365
697,0.23342742,5.829606,2.4144578,-0.022168418,0.23402667,4.814026,6.40625,12.4375,6.495668,-0.07049994,3.5128148,1.8742504,0.2722266,1.4969587,3.640625,5.15625,11.5,7.8973293,-2.3167913,1.2629321,1.4016614,0.30392736
698,1.1407769,6.2317963,2.4963565,-0.059958167,0.21230602,5.375,7.09375,10.75,4.907228,1.1050358,3.6465058,1.9095826,0.012221567,0.27283,4.3125,5.6875,9.1875,5.2230196,-2.5852904,0.060523987,0.3157916,0.03574109
699,-0.363324,5.9918156,2.4478185,0.018153049,0.20917678,4.9375,6.53125,12.875,6.582544,-0.19321397,3.4826684,1.8661909,0.12251587,0.25355148,3.734375,4.9375,9.5,6.4081607,-2.5091472,0.044374704,-0.17438316,0.17011002
700,-0.032751124,69.927315,8.362255,-0.14312221,0.33753037,16.625,22.5,37.75,5.7468524,-0.52077186,64.05616,8.0035095,-0.17361726,0.518975,15.9375,22.25,38.25,6.1247983,-5.871155,0.18144464,0.3779459,0.48802075
701,-0.3509825,6.528557,2.555104,-0.14236355,0.3174498,5.125,7.03125,11.5,5.6752663,0.0010895508,3.6433566,1.9087578,-0.14349169,0.3118291,3.8125,5.09375,9.375,6.2451773,-2.8852003,-0.005620718,0.569911,0.35207203
702,-0.41842988,8.017406,2.8315024,-0.06963173,0.24459028,5.65625,7.65625,14.9375,6.6004367,-0.24151534,5.21729,2.2841387,-0.0966472,0.40657187,4.5625,6.3125,10.8125,5.9961095,-2.8001165,0.16198158,-0.6043272,0.17691454
703,0.85212374,7.3439617,2.7099745,0.18895644,1.5326014,5.407776,7.4375,16.75,7.538492,1.1192178,4.6839395,2.164241,0.876133,7.1721315,4.46875,6.0625,21.0,11.191275,-2.6600223,5.63953,3.6527824,0.26709402
704,1.3581442,6.225775,2.4951503,0.026231224,0.19437051,5.5625,7.375,11.875,5.249162,1.0340267,3.8326063,1.9577043,0.0896255,0.28100467,4.375,5.875,10.75,6.1409707,-2.3931684,0.08663416,0.8918085,0.32411742
705,0.18406826,7.1095467,2.6663733,0.009903456,0.20159554,5.3125,7.031555,11.375,5.394525,0.030004248,4.2929626,2.0719466,0.06974554,0.29059172,4.09375,5.5625,11.125,6.824361,-2.816584,0.08899617,1.4298358,0.15406401
706,-0.14366922,7.195064,2.6823616,0.008128956,0.23298144,5.3125,7.187805,11.625,5.4847875,0.041135937,4.393115,2.0959759,-0.09054971,0.37983346,4.15625,5.6875,10.3125,6.2666473,-2.801949,0.14685202,0.7818599,0.18480515
707,-0.16410115,7.212467,2.6856036,-0.06590742,0.1909349,5.3125,7.125,12.0,5.6356363,-0.13918929,4.7721386,2.1845226,-0.07106022,0.29537535,4.3125,5.90625,10.25,5.93567,-2.4403286,0.10444045,0.30003357,0.024911866
708,-0.35019237,5.902489,2.429504,-0.004949275,0.19666791,4.875,6.5625,11.3125,5.8220415,-0.46444336,3.3909812,1.8414617,-0.011855024,0.30323172,3.75,5.125,9.625,6.4389615,-2.511508,0.10656381,0.61692,0.11425099
709,-0.077965505,6.3371162,2.517363,-0.029210433,0.13122916,4.96875,6.625,10.8125,5.4215074,-0.20672455,3.8785727,1.9694092,-0.09807977,0.2139399,3.9375,5.25,9.25,5.919487,-2.4585435,0.08271074,0.49797964,0.12875906
710,0.17657445,6.430914,2.5359247,0.066514716,0.31648278,5.0,6.875,11.875,5.9286633,-0.4039871,3.5798414,1.8920469,0.06639573,0.31971622,3.84375,5.15625,8.875,5.8038235,-2.8510725,0.0032334328,-0.12483978,0.5805616
711,0.048391115,6.057232,2.4611444,0.038315613,0.2813182,4.845276,6.562805,12.0625,6.207167,-0.17746446,3.5051465,1.8722037,0.079205945,0.57441473,3.75,5.28125,9.3125,6.3510275,-2.5520854,0.29309654,0.14386034,0.22585557
712,-1.6443082,6.921945,2.630959,-0.04271057,0.24180412,6.0625,8.0,12.875,5.207537,-1.2627572,4.025128,2.006272,-0.07605439,0.25310183,4.6875,6.25,9.6875,5.1341515,-2.8968172,0.011297703,-0.073385715,0.38155103
713,1.3276645,7.6193104,2.76031,-0.0614135,0.24636269,5.9375,7.84375,13.25,5.406551,0.93837667,4.7704377,2.1841333,-0.026376337,0.24669027,4.6875,6.21875,11.125,5.8781385,-2.8488727,0.00032758713,0.47158766,0.38928783
714,-11.300816,172.41896,13.13084,-0.36605805,0.1779182,35.0,45.75244,62.5,4.5684295,-8.836655,165.75166,12.874457,-0.44352472,0.30444312,32.512207,43.25,60.0,4.9767823,-6.6672974,0.12652493,0.40835285,2.464161
715,-1.1878883,22.384665,4.7312436,-0.041434474,0.26084542,9.6875,13.125,24.125,6.2728896,-0.99278927,18.38942,4.2882886,-0.12792769,0.30800605,8.75,12.0625,21.0,6.0837183,-3.995245,0.047160625,-0.18917131,0.195099
716,0.40697086,7.859467,2.8034742,0.11668476,0.31515813,5.65625,7.71875,12.375,5.56311,0.27677295,4.7008963,2.168155,0.048106525,0.45608473,4.40625,6.0625,11.625,6.791332,-3.1585708,0.1409266,1.2282219,0.13019791
717,-0.5633352,10.84762,3.2935724,-0.082378075,0.31578398,6.59375,8.875,18.5,7.026166,-0.18686728,7.9132576,2.8130512,-0.08994099,0.40996838,5.59375,7.71875,16.375,7.381688,-2.9343624,0.0941844,0.35552216,0.37646788
718,0.10472052,6.6740837,2.5834248,-0.06489059,0.25875854,5.0625,6.875,12.0,5.862133,0.14937119,3.8994048,1.974691,-0.08820233,0.55754256,3.90625,5.53125,9.4375,6.088558,-2.774679,0.29878402,0.22642517,0.044650674
719,-0.3647079,6.6806407,2.5846934,-0.008972483,0.08516717,5.15625,6.75,11.75,5.6663446,-0.1718248,4.1505165,2.0372818,0.005982096,0.2369039,4.0625,5.46875,8.6875,5.3983464,-2.5301242,0.15173674,-0.26799822,0.19288309
720,-0.0037894775,6.790893,2.6059341,-0.0014292157,0.1764133,5.15625,6.875,11.625,5.6383862,0.599303,4.006422,2.0016048,0.04230172,0.27778435,4.125,5.59375,9.1875,5.5694275,-2.784471,0.10137105,-0.06895876,0.6030925
721,1.0554203,6.0734506,2.4644372,-0.0073719486,0.18913174,5.28125,7.0,11.5,5.3897924,0.7069906,3.3177085,1.8214577,-0.04737776,0.3832121,3.828125,5.09375,10.1875,6.5730896,-2.755742,0.19408035,1.1832972,0.34842968
722,-0.14353913,6.057387,2.461176,-0.008321805,0.15076923,4.875,6.53125,10.875,5.57439,0.31049252,3.3378024,1.8269653,-0.020646611,0.18109941,3.65625,4.875,8.8125,5.9982543,-2.7195845,0.030330181,0.42386436,0.45403165
723,-0.29289392,5.825571,2.413622,0.0059759696,0.18442011,4.8125,6.46875,10.8125,5.623283,-0.45651957,3.4432466,1.8555987,-0.042956218,0.23492599,3.78125,5.03125,9.0,5.9522676,-2.3823245,0.050505877,0.32898474,0.16362566
724,0.41340402,10.340793,3.2157104,0.018049283,0.19070077,6.40625,8.5,15.4375,6.008039,0.6958002,7.2418337,2.6910655,-0.016358102,0.52405524,5.46875,7.5625,14.0,6.4007387,-3.098959,0.33335447,0.39269972,0.28239617
725,-4.3109865,50.737297,7.1230116,-0.18918444,0.11757994,16.625,22.0,34.25,5.220356,-2.987652,45.35568,6.7346625,-0.2114429,0.20265532,14.8125,19.875,32.5,5.646834,-5.3816185,0.08507538,0.4264779,1.3233345
726,0.77011395,8.349695,2.8895838,0.16738024,0.2988472,5.90625,8.0625,15.25,6.492294,0.5749449,6.0299854,2.455603,0.29582906,0.48347807,5.03125,7.031555,12.5,6.367176,-2.3197098,0.18463087,-0.12511778,0.19516903
727,1.1996938,6.921952,2.6309602,-0.0066568335,0.26141572,5.6875,7.625,11.75,5.097714,0.2557455,3.9840257,1.9960024,0.014004652,0.2616942,3.96875,5.34375,10.25,6.447956,-2.937926,0.0002784729,1.3502421,0.94394827
728,-0.45493668,6.826085,2.6126778,-0.047756985,0.2179923,5.21875,7.0625,12.4375,5.9408855,0.43391788,3.9581008,1.9894977,-0.051034093,0.31337047,4.0,5.46875,8.625,5.367326,-2.8679843,0.09537816,-0.57355976,0.88885456
729,0.49176612,6.1568103,2.481292,0.06332084,0.13381672,4.96875,6.625,10.75,5.3594785,0.22956553,3.5205703,1.8763183,0.040614773,0.24301958,3.765625,5.0625,8.5,5.708942,-2.63624,0.10920286,0.34946346,0.2622006
730,-0.03708111,5.6199913,2.3706522,-0.036141057,0.12061119,4.6875,6.25,10.5625,5.610291,-0.49001968,3.5925953,1.8954142,-0.009999116,0.2729187,3.90625,5.21875,8.8125,5.722961,-2.027396,0.15230751,0.112669945,0.45293856
731,0.28463054,6.9367795,2.6337767,0.03827312,0.14000607,5.21875,7.0,11.875,5.649165,0.45928442,4.0765514,2.0190473,0.025157617,0.26699376,4.09375,5.53125,9.375,5.751338,-2.860228,0.1269877,0.10217285,0.17465389
732,-0.05155725,6.77688,2.603244,0.057685748,0.09456062,5.15625,6.8125,10.625,5.1457977,-0.16879067,4.367784,2.0899243,0.14710955,0.7978537,4.125,5.65625,11.4375,6.9831524,-2.4090958,0.7032931,1.8373547,0.11723342
733,0.6176041,6.7483687,2.5977623,0.009486373,0.13163233,5.1875,7.03125,11.3125,5.3354216,-0.15397173,3.8006685,1.9495304,0.024949403,0.26301146,3.875,5.21875,9.375,6.0745983,-2.9477003,0.13137913,0.73917675,0.7715758
734,-0.66305476,6.2742977,2.504855,-0.10147322,0.16399431,5.125,6.9375,10.875,5.3149533,-0.23236328,3.6149812,1.9013103,-0.07080931,0.20031047,3.796875,5.09375,8.5625,5.661826,-2.6593165,0.036316156,0.3468728,0.43069148
735,-0.5360806,7.050141,2.65521,0.051643148,0.18142915,5.3125,7.0625,13.25,6.156094,-0.22149096,4.1363697,2.0338068,-0.003838977,0.24331284,4.0625,5.46875,9.0625,5.6234646,-2.9137712,0.061883688,-0.5326295,0.31458962
736,-0.5079174,6.351763,2.5202703,-0.023630463,0.14678621,5.0625,6.75,11.125,5.4626164,-0.35419992,3.6129007,1.9007632,-0.051480446,0.2001164,3.8125,5.15625,8.1875,5.3520775,-2.738862,0.053330183,-0.11053896,0.15371749
737,0.8761247,6.492285,2.5479963,0.026046537,0.21085405,5.251526,7.09375,13.3125,6.2168994,0.7298569,3.7084978,1.9257461,-0.024880271,0.37667656,4.0625,5.5,9.5,5.852242,-2.783787,0.1658225,-0.3646574,0.14626777
738,-0.35768166,7.2759905,2.6974044,0.09885695,0.22221112,5.345276,7.28125,10.625,4.933659,0.08749688,4.098558,2.0244896,0.03434816,0.35632944,4.0625,5.5,10.5,6.601788,-3.1774325,0.13411832,1.668129,0.44517854
739,0.30215684,6.2180777,2.4936073,-0.036435362,0.10565066,4.9375,6.6875,10.125,5.0767865,0.17602466,3.594565,1.8959337,-0.024499398,0.28350568,3.765625,5.09375,8.1875,5.4515815,-2.6235127,0.17785501,0.37479496,0.12613218
740,0.15667026,5.9849167,2.446409,0.031252757,0.11717057,4.8125,6.40625,12.375,6.368619,0.19874518,3.3404782,1.8276975,0.16094293,0.40556908,3.65625,5.062805,9.125,6.321075,-2.6444385,0.2883985,-0.047544003,0.04207492
741,-0.8210529,6.5972266,2.5685067,-0.0066217887,0.2370956,5.34375,7.125,12.4375,5.8360586,-0.3349921,3.8153176,1.9532838,0.03634143,0.35022736,3.890625,5.3125,9.875,6.308021,-2.781909,0.11313176,0.47196245,0.4860608
742,-1.6310017,6.9538727,2.6370196,-0.045770098,0.14328647,6.0625,8.0,12.625,5.10024,-0.722502,3.9565177,1.9890997,0.020048102,0.48443365,4.21875,5.719055,9.625,5.789562,-2.997355,0.34114718,0.689322,0.9084997
743,-0.49470714,6.530999,2.555582,0.041027904,0.29307914,5.15625,6.875,12.625,6.134483,-0.15204309,3.597458,1.8966966,-0.0050981585,0.3758371,3.78125,5.125,8.375,5.613752,-2.9335413,0.08275795,-0.520731,0.34266406
744,-1.0019462,7.858363,2.8032773,-0.032749232,0.13020563,5.90625,7.71875,12.375,5.2464347,-0.6670243,5.4823747,2.341447,0.01968523,0.18108702,4.75,6.4375,9.6875,5.026041,-2.3759885,0.050881386,-0.22039366,0.3349219
745,0.6908554,7.710036,2.776695,0.0052600424,0.15023494,5.65625,7.594055,11.8125,5.204402,0.019846661,4.7980657,2.1904488,0.08077458,0.3715129,4.375,6.0,10.875,6.3370223,-2.9119701,0.22127795,1.1326203,0.6710087
746,-0.20597441,6.2405896,2.4981172,0.030139424,0.15779877,4.96875,6.59375,9.875,4.983789,0.02183745,3.5718355,1.88993,-0.027552232,0.18999624,3.765625,4.96875,8.6875,5.813935,-2.668754,0.032197475,0.83014584,0.22781187
747,-0.3059183,6.787091,2.6052046,0.0056909975,0.1519084,5.1875,6.90625,11.6875,5.619467,0.22356562,4.2266955,2.055893,0.036740407,0.26986313,4.125,5.5,10.0,6.1476207,-2.5603952,0.11795473,0.5281539,0.5294839
748,-0.4429664,6.9179935,2.6302078,-0.0026477561,0.076090574,5.28125,6.9375,10.5,4.945424,0.12369331,3.9170845,1.9791626,-0.044969726,0.18829513,3.921875,5.21875,9.125,5.813892,-3.000909,0.11220455,0.8684678,0.5666597
749,-0.18309216,5.951029,2.4394732,-0.07633831,0.176445,4.8125,6.5,10.625,5.486127,-0.123766065,3.4554758,1.858891,-0.120559864,0.32585645,3.703125,5.031555,9.5625,6.51841,-2.495553,0.14941144,1.0322833,0.059326097
750,-0.123720504,6.520788,2.5535834,0.30661094,0.8730154,5.09375,7.1875,13.625,6.85425,-0.41204283,3.5835476,1.893026,0.2075692,0.7603514,3.859375,5.312805,9.0,5.944287,-2.9372406,-0.112663984,-0.90996313,0.28832233
751,-0.07047021,6.531442,2.5556686,-0.027765853,0.14624906,5.03125,6.75,10.8125,5.339623,0.02659453,3.8066292,1.9510585,-0.066012375,0.26347566,3.84375,5.25,8.875,5.746406,-2.724813,0.1172266,0.4067831,0.09706473
752,0.42165482,6.194975,2.4889708,0.034789667,0.21218824,5.0,6.71875,11.4375,5.743437,0.6173255,3.7437766,1.9348841,0.08594075,0.2674868,4.03125,5.4375,9.6875,6.0822654,-2.4511983,0.055298567,0.33882856,0.19567066
753,-0.4342613,6.465298,2.542695,-0.05094836,0.12237239,5.0625,6.812805,11.375,5.560995,-0.36284015,3.7510138,1.9367534,-0.05809821,0.264467,3.90625,5.25,8.1875,5.287483,-2.7142844,0.14209461,-0.2735119,0.07142115
754,-0.4717662,6.1327043,2.4764297,-0.07286166,0.25382972,5.0,6.719055,10.5,5.2816215,-0.04327163,3.5591812,1.8865793,-0.03781732,0.32876945,3.719513,5.09375,8.875,5.98115,-2.573523,0.07493973,0.6995287,0.42849457
755,0.5090598,6.1744013,2.4848342,0.053843934,0.1133163,5.0,6.75,11.375,5.6628513,0.63020283,3.6786559,1.9179822,0.063605234,0.26573515,4.03125,5.46875,9.25,5.807251,-2.4957454,0.15241885,0.14439964,0.12114304
756,-0.050678432,6.488201,2.5471947,0.030803695,0.19239736,5.0625,6.75,11.25,5.5834885,-0.055318903,3.9170387,1.979151,0.048109863,0.1551764,3.90625,5.21875,9.125,5.81322,-2.5711625,-0.037220955,0.22973156,0.004640471
757,0.48116806,10.732838,3.2761009,-0.21210244,0.51096797,6.53125,9.0,15.8125,6.06264,0.17117052,8.301733,2.8812728,-0.22024125,0.48114276,5.75,7.90625,13.5625,5.9900975,-2.4311047,-0.02982521,-0.07254267,0.30999756
758,-0.36747047,7.6410384,2.764243,-0.04429092,0.25180244,5.5625,7.40625,11.25,5.118937,0.17648067,4.702909,2.1686192,-0.14647304,0.7004869,4.34375,6.000305,10.8125,6.3822765,-2.9381294,0.44868445,1.2633395,0.54395115
759,-0.5291061,6.722804,2.592837,-0.07341856,0.1937573,5.25,7.03125,13.8125,6.613517,0.088042185,4.0875497,2.021769,-0.20619673,0.5466132,3.984375,5.5,10.25,6.460432,-2.6352544,0.35285592,-0.15308475,0.6171483
760,-0.9186241,7.6373,2.7635665,-0.013520478,0.10587406,5.720276,7.5625,13.0,5.617115,-0.69407654,4.725631,2.1738517,0.016623126,0.31319284,4.501526,6.0,12.0,6.631832,-2.9116688,0.20731878,1.0147171,0.22454756
761,0.99627393,7.0354,2.652433,0.01589738,0.13905239,5.5625,7.46875,11.3125,5.0204363,0.32249025,4.2457657,2.0605257,-0.044776738,0.27106333,4.125,5.5625,9.0,5.4815216,-2.7896342,0.13201094,0.46108532,0.67378366
762,0.9238035,7.2043796,2.6840975,-0.09456504,0.2499032,5.5625,7.40625,12.75,5.648762,0.35154954,4.1669464,2.04131,-0.10847717,0.3030889,4.0625,5.531555,8.6875,5.309688,-3.0374331,0.0531857,-0.33907413,0.57225394
763,-1.3042604,6.4889617,2.547344,0.0011758251,0.20718503,5.59375,7.406555,13.5625,5.943134,-0.95883983,3.6612036,1.9134272,-0.0880051,1.009623,4.125,5.5625,12.0625,7.1198993,-2.827758,0.802438,1.1767654,0.34542054
764,-0.10341815,5.799341,2.4081821,0.03577739,0.15593505,4.75,6.344055,11.125,5.8098783,-0.2517686,3.3165164,1.8211305,0.037561122,0.19311857,3.563263,4.84375,9.1875,6.2972336,-2.4828248,0.037183523,0.48735523,0.14835045
765,0.31042105,6.320293,2.5140193,-0.085675515,0.1969533,5.0,6.6875,11.9375,5.9407544,0.34593877,3.6413438,1.9082305,-0.13134031,0.2900536,3.84375,5.125,8.75,5.70884,-2.678949,0.09310031,-0.23191452,0.035517722
766,-0.18174997,6.969505,2.639982,0.0127616385,0.22417998,5.25,7.031555,13.375,6.4128036,-0.34795254,4.218425,2.0538805,0.06354699,0.34268594,4.15625,5.625,9.6875,5.9048977,-2.75108,0.118505955,-0.50790596,0.16620257
767,0.73446643,8.157636,2.8561575,0.11739215,0.17087293,5.8125,7.90625,13.0625,5.6075106,0.1026666,4.939062,2.2224002,0.07141054,0.37958717,4.4375,6.0625,10.25,5.875075,-3.2185736,0.20871425,0.2675643,0.6317998
768,-0.3379187,6.1964693,2.489271,-0.0061520506,0.315094,4.9375,6.844055,12.0625,6.081999,-0.20529807,3.6382458,1.9074186,-0.086149745,0.45478845,3.78125,5.25,12.375,8.183272,-2.5582235,0.13969445,2.1012735,0.13262063
769,0.29629746,8.237582,2.8701189,0.031097317,0.10497022,5.6875,7.5625,13.0625,5.6968775,0.13786997,5.018354,2.2401683,0.051143486,0.17872715,4.46875,5.90625,9.375,5.2905354,-3.2192283,0.07375693,-0.40634203,0.15842749
770,-0.19250037,6.816072,2.6107607,0.105550885,0.4181142,5.1875,7.25,11.375,5.5430665,-0.33808208,4.1339307,2.033207,0.19865309,0.66491604,4.0625,5.75,9.4375,5.847194,-2.6821413,0.24680185,0.3041277,0.1455817
771,6.745661,7.446036,2.7287426,0.22343768,1.4541845,11.0,13.0,22.625,3.346578,7.527289,4.4119973,2.1004755,0.06411064,0.5636301,10.9375,12.5,17.75,2.3579144,-3.0340385,-0.8905544,-0.98866343,0.78162813
772,-0.115998276,7.4441867,2.7284038,0.002669611,0.08018947,5.40625,7.125,11.5625,5.349386,-0.11462559,4.965687,2.228382,0.008430967,0.14685893,4.4375,5.84375,9.5625,5.4137936,-2.4785,0.066669464,0.06440735,0.0013726875
773,0.86806154,6.821847,2.6118665,0.013975933,0.24934483,5.407776,7.250305,12.25,5.6259313,0.22902112,3.9586098,1.9896256,0.023346828,0.34594178,3.921875,5.40625,11.3125,7.172655,-2.8632371,0.096596956,1.5467238,0.6390404
774,0.73112684,7.496249,2.737928,0.06038262,0.18372107,5.5625,7.437805,12.625,5.623551,0.13611923,4.7746096,2.185088,0.052302588,0.2582636,4.34375,5.84375,10.625,6.1439204,-2.7216396,0.07454252,0.5203695,0.5950076
775,0.26227218,7.0588226,2.6568444,-0.01411106,0.17337108,5.25,7.0,11.75,5.556837,0.16546486,4.165954,2.041067,0.059226383,0.18553257,4.09375,5.40625,10.375,6.4149284,-2.8928685,0.012161493,0.85809135,0.096807316
776,0.8544082,7.1437516,2.6727798,-0.017491084,0.16004562,5.4375,7.21875,14.75,6.5866623,0.27502042,4.2992573,2.073465,-0.07754405,0.27475476,4.15625,5.5625,9.5625,5.7870693,-2.8444943,0.11470914,-0.799593,0.5793878
777,-0.80315745,7.3345537,2.7082381,-0.004418718,0.1495099,5.5625,7.4375,12.6875,5.6498537,-0.6160188,4.2686515,2.0660715,0.003803127,0.24284339,4.21875,5.719055,9.3125,5.4557376,-3.0659022,0.09333348,-0.19411612,0.18713868
778,-0.024580188,6.962127,2.6385844,0.02433549,0.1721251,5.21875,7.0,12.0,5.736071,-0.34941763,3.9086528,1.9770314,0.011084473,0.3576839,3.984375,5.4375,8.8125,5.5765033,-3.0534744,0.1855588,-0.15956783,0.32483745
779,-0.20808467,7.1679783,2.677308,0.051460978,0.18877697,5.28125,7.03125,13.6875,6.4318566,-0.112272196,4.6287127,2.1514442,0.1570312,0.30714774,4.25,5.750305,10.5,6.1671724,-2.5392656,0.11837077,-0.2646842,0.09581248
780,0.05310674,5.7259293,2.3928914,0.08284048,0.20072818,4.75,6.40625,12.0625,6.362315,0.009230078,3.4769375,1.8646548,-0.1892316,1.4030547,3.625,5.0625,11.8125,8.140398,-2.2489917,1.2023265,1.7780828,0.043876663
781,0.2669411,5.974367,2.4442518,-0.032467023,0.15623689,4.90625,6.46875,10.25,5.2765565,-0.020320404,3.4829597,1.866269,0.04627651,0.3722577,3.71875,5.0625,9.0,6.1523237,-2.4914074,0.21602082,0.87576723,0.28726152
782,-0.118730105,6.1583123,2.4815948,0.03141838,0.13498545,4.90625,6.469055,11.75,5.960182,-0.2241375,3.7183921,1.9283133,0.051971022,0.36464477,3.859375,5.15625,8.8125,5.770171,-2.4399202,0.22965932,-0.19001102,0.105407394
783,0.2504007,6.3612866,2.522159,0.029204972,0.1752541,5.03125,6.71875,11.25,5.6202526,0.41585654,4.0233517,2.0058293,-0.20277998,1.1043949,4.0,5.5625,11.75,7.328667,-2.337935,0.9291408,1.7084146,0.16545585
784,3.1999521,240.28822,15.501233,-0.042447876,0.15966487,31.0,41.25,65.0,5.180851,2.5500836,241.03975,15.5254545,-0.031594522,0.15618682,30.75,41.0,65.5,5.255378,0.7515259,-0.0034780502,0.07452679,0.6498685
785,-0.081887916,5.986031,2.4466367,0.036007307,0.2000053,4.8125,6.5,11.625,6.0075154,-0.5476165,3.5292325,1.8786252,0.11172002,0.27048397,3.859375,5.09375,8.875,5.709748,-2.4567986,0.07047868,-0.29776764,0.46572858
786,0.5453758,6.6885834,2.5862296,-0.07630238,0.16823006,5.15625,7.0,10.8125,5.1329246,-0.0035553467,3.953407,1.9883176,-0.04501539,0.34215903,3.921875,5.375,10.5625,6.7439275,-2.7351763,0.17392898,1.6110029,0.5489312
787,0.82212,19.046135,4.3641877,-0.07671576,0.14934492,8.8125,11.5,19.25,5.4416795,0.70430773,14.845197,3.8529465,-0.04610728,0.2751007,7.75,10.5625,17.25,5.5536127,-4.200938,0.12575579,0.11193323,0.117812276
788,-0.09035561,9.177287,3.0294037,0.060701318,0.14717197,5.96875,8.0,12.8125,5.331175,0.005459863,6.411796,2.5321524,0.10580296,0.22260594,5.03125,6.6875,12.1875,6.0923743,-2.765491,0.07543397,0.7611995,0.09581547
789,0.8209767,6.2109904,2.4921858,-0.0033764748,0.18616366,5.1875,6.875305,11.1875,5.3793855,0.64195,3.4984775,1.8704218,0.017148942,0.28682947,3.90625,5.34375,8.25,5.2813163,-2.712513,0.10066581,-0.09806919,0.17902666
790,-0.42128348,7.45299,2.7300165,-0.021863494,0.31365418,5.5,7.4375,14.5,6.675784,-0.5583998,4.4734,2.1150415,-0.029133013,0.3361013,4.34375,5.9375,10.0,5.8158627,-2.97959,0.02244711,-0.85992146,0.13711631
791,0.41573888,6.1679697,2.4835398,-0.046600826,0.19098973,4.96875,6.625,10.375,5.189697,0.18141164,3.6999898,1.9235357,-0.021558346,0.24649835,3.84375,5.1875,8.0625,5.2885585,-2.46798,0.055508614,0.098861694,0.23432724
792,-0.10648635,8.75101,2.9582107,0.056962356,0.04840207,5.8125,7.59375,13.3125,5.6285563,-0.17578875,6.190723,2.4881163,0.032164764,0.13985372,4.875,6.59375,11.5,5.8016553,-2.560287,0.091451645,0.17309904,0.069302395
793,-0.45871714,5.870754,2.4229639,-0.06442805,0.19040847,4.875,6.625,10.25,5.259118,-0.23587231,3.415812,1.8481915,-0.05876103,0.3640535,3.75,5.031555,8.25,5.6600623,-2.4549417,0.17364502,0.40094423,0.22284482
794,0.67516184,7.728512,2.78002,0.008676502,0.28457212,5.65625,7.625,13.625,6.0215,0.084877536,5.1352935,2.2661185,-0.04877534,0.330575,4.4375,6.125,11.5625,6.4430046,-2.5932183,0.046002865,0.4215045,0.5902843
795,0.13266279,6.109309,2.4717016,-0.05150971,0.23562312,4.875,6.5625,12.625,6.431469,0.43535116,3.734419,1.9324645,-0.011534515,0.2809956,3.9375,5.281555,9.625,6.1581373,-2.37489,0.045372486,-0.27333164,0.30268836
796,-0.24663252,6.7815866,2.604148,0.10105775,0.26059794,5.15625,7.03125,11.8125,5.714913,0.32399634,3.6762388,1.9173521,0.09640411,0.27186346,3.828125,5.25,9.4375,6.158367,-3.1053479,0.011265516,0.44345427,0.5706289
797,-0.4050117,10.107827,3.179281,-0.05345462,0.3426757,6.34375,8.75,16.375,6.489609,-0.13678755,7.585367,2.7541544,-0.03660973,0.47754502,5.5,7.65625,13.0625,6.059179,-2.52246,0.13486934,-0.43042994,0.26822418
798,0.36173728,7.2784634,2.6978626,-0.07185662,0.19626594,5.34375,7.1875,11.625,5.37419,0.2852979,4.2376924,2.0585656,-0.07453043,0.27318597,4.125,5.53125,11.5,6.9910855,-3.040771,0.07692003,1.6168957,0.07643938
799,-0.42707062,6.592142,2.5675168,-0.10259436,0.20643187,5.1875,6.96875,11.4375,5.5872297,0.32750228,3.604998,1.8986833,-0.09423645,0.31878018,3.8125,5.15625,10.375,6.809924,-2.987144,0.11234832,1.2226944,0.75457287
800,2.9193668,35.724335,5.9769835,0.12668441,0.24295115,13.0625,17.875,29.875,5.67441,1.7723049,31.87502,5.645797,0.08944746,0.23411441,11.625,15.75,28.125,6.0147595,-3.8493156,-0.008836746,0.34034967,1.147062
801,-0.08232036,6.108709,2.4715803,-0.038909264,0.25875354,4.90625,6.59375,10.875,5.591163,0.22982734,3.5058367,1.872388,-0.07335873,0.36369443,3.734375,5.0625,8.4375,5.6976776,-2.6028721,0.10494089,0.106514454,0.3121477
802,0.29842326,6.105508,2.4709325,0.010792969,0.1915276,4.9375,6.65625,10.1875,5.188061,0.06342285,3.4649043,1.8614254,-0.01516249,0.3068285,3.6875,5.031555,8.625,5.8793416,-2.6406035,0.115300894,0.69128036,0.2350004
803,-0.03499732,6.949783,2.636244,0.01889672,0.15971589,5.25,6.875,13.5,6.476082,-0.07259767,4.2130027,2.05256,-0.026324237,0.3235879,4.125,5.59375,8.875,5.5136023,-2.7367802,0.163872,-0.9624796,0.037600346
804,-0.9380946,7.8880773,2.808572,-0.020232335,0.20478606,5.8125,7.78125,14.9375,6.3608265,-0.39876378,5.1769843,2.2752988,-0.051701225,0.2988844,4.59375,6.25,10.5625,5.815528,-2.711093,0.09409833,-0.5452986,0.53933084
805,-0.35874727,7.891797,2.8092341,-0.0027461566,0.29893708,5.59375,7.5,13.8125,6.1949205,-0.15963379,5.5305905,2.3517208,0.045324557,0.33845735,4.71875,6.34375,11.0625,5.97814,-2.3612065,0.039520264,-0.21678066,0.19911349
806,0.22634028,7.3841133,2.7173724,0.011678462,0.14871335,5.375,7.125,12.75,5.9000893,0.10244973,4.6049933,2.1459248,-0.029617477,0.2691307,4.28125,5.8125,9.125,5.388666,-2.77912,0.12041736,-0.5114231,0.12389055
807,0.28419244,6.5980806,2.568673,0.007501257,0.13874412,5.09375,6.781555,11.6875,5.6979747,0.059309002,3.899203,1.97464,-0.026881969,0.29771852,3.90625,5.312805,8.6875,5.5702715,-2.6988776,0.15897441,-0.12770319,0.22488344
808,0.026916651,18.485273,4.2994504,0.11744824,0.34900093,8.5,11.75,17.75,5.2589035,0.3173802,15.497924,3.9367402,0.1248393,0.4729879,7.8125,11.0,17.375,5.6390667,-2.9873495,0.12398696,0.3801632,0.29046354
809,-0.06642902,6.253101,2.5006201,0.16394532,0.19528508,4.90625,6.656555,10.9375,5.521625,0.027202552,3.6810176,1.9185978,0.043978173,0.32684684,3.84375,5.15625,9.1875,6.0999236,-2.5720832,0.13156176,0.57829857,0.09363157
810,0.33041206,6.2193346,2.4938593,-0.0032849768,0.24625683,5.0,6.6875,10.8125,5.4409275,0.33350596,3.6127708,1.9007291,0.011192603,0.20747519,3.828125,5.0625,10.1875,6.6617985,-2.6065638,-0.038781643,1.220871,0.0030938983
811,-0.5605866,6.4161243,2.533007,-0.012413491,0.21849585,5.125,6.9375,12.0,5.859474,-0.19708955,3.643622,1.9088274,-0.02357584,0.3638029,3.796875,5.15625,10.1875,6.744502,-2.7725024,0.14530706,0.8850279,0.36349702
812,-0.182637,15.441201,3.9295294,0.016316356,0.5628867,7.907776,10.81311,20.125,6.564448,0.1910396,12.480754,3.532811,-0.07044133,0.7572465,7.1875,9.9375,17.625,6.442486,-2.9604473,0.19435978,-0.12196207,0.3736766
813,-0.66561824,6.390607,2.527965,-0.015525236,0.10008216,5.125,6.844055,10.5,5.0476213,-0.42719707,3.586243,1.8937378,-0.056164578,0.12023902,3.796875,5.156555,8.8125,5.7211466,-2.804364,0.02015686,0.67352533,0.23842117
814,-0.04699489,13.110785,3.6208818,0.03992961,0.2607429,7.157776,9.625,18.25,6.401876,-0.09058774,9.947807,3.1540146,-0.026271362,0.35275722,6.3125,8.5,15.0,6.056083,-3.1629772,0.09201431,-0.34579277,0.04359285
815,0.15963568,8.617457,2.9355507,-0.01159343,0.17015338,5.84375,7.8125,12.5,5.370265,0.22530538,5.6363587,2.3741016,-0.10067062,0.33781648,4.71875,6.5,10.4375,5.547854,-2.9810987,0.1676631,0.17758894,0.0656697
816,-1.399946,8.003664,2.8290749,-0.012471277,0.20075774,6.28125,8.25,12.5625,5.0108595,-0.79403186,4.473109,2.1149726,0.003228859,0.4031334,4.4375,6.03125,10.5,5.876557,-3.5305552,0.20237565,0.8656974,0.6059141
817,-0.83317226,6.342323,2.5183969,0.0041456055,0.35207605,5.25,7.125,13.125,6.2696605,-0.48365197,3.9416492,1.9853587,0.06279546,0.49378324,4.0625,5.53125,9.4375,5.883214,-2.4006736,0.14170718,-0.38644648,0.3495203
818,-0.35034442,8.728881,2.954468,0.054652236,0.3764062,5.84375,8.125,14.0,5.9807105,-0.22384945,6.3910933,2.5280612,0.14356151,0.48429775,5.03125,6.90625,11.5,5.768906,-2.3377876,0.10789156,-0.21180439,0.12649497
819,0.30341342,6.2924232,2.5084703,-0.05659868,0.26825428,5.0,6.6875,12.4375,6.245851,0.1272513,3.6656063,1.9145774,-0.006133186,0.3280387,3.813263,5.09375,8.625,5.714996,-2.626817,0.059784412,-0.5308552,0.17616212
820,-0.34912366,7.52934,2.7439642,-0.038393665,0.1706481,5.5,7.28125,11.4375,5.233913,-1.0010074,4.8994446,2.2134688,-0.27827018,1.3391247,4.71875,6.531555,14.4375,7.631643,-2.6298952,1.1684766,2.3977299,0.6518838
821,-0.061796088,6.396088,2.529049,-0.0043453015,0.21056199,5.0,6.8125,9.8125,4.908953,-0.17764348,3.5125546,1.874181,-0.0032396878,0.31840777,3.75,5.125,8.125,5.4815516,-2.8835335,0.10784578,0.57259846,0.115847394
822,0.24665958,5.8090196,2.4101908,0.029130694,0.16288686,4.8125,6.40625,11.5,5.9899435,0.6030695,3.5037262,1.8718243,0.00015312863,0.31372976,3.859375,5.25,9.3125,5.994025,-2.3052933,0.1508429,0.004081726,0.3564099
823,0.008180673,6.924943,2.6315286,0.050368093,0.18704128,5.25,6.937805,13.0625,6.284197,-0.039541647,4.2617316,2.0643961,0.06815486,0.18583608,4.09375,5.4375,9.0625,5.5592823,-2.6632113,-0.0012052059,-0.72491455,0.04772232
824,-0.3509071,7.1830177,2.6801152,0.021353994,0.33988118,5.375,7.281555,12.0,5.6407022,-0.07116936,4.3689303,2.0901985,0.0006413847,0.4625759,4.1875,5.71875,11.375,6.9563346,-2.8140874,0.12269473,1.3156323,0.2797377
825,-0.25837353,7.4613047,2.7315388,0.010668346,0.18321133,5.40625,7.25,12.0,5.5197096,0.051231004,4.3206277,2.0786119,-0.029201437,0.31055427,4.09375,5.59375,9.0625,5.5361524,-3.140677,0.12734294,0.016442776,0.30960453
826,-0.2727806,6.938912,2.6341815,-0.039914194,0.15137911,5.1875,7.03125,12.0,5.7300453,-0.25756058,4.5193377,2.1258733,0.032382738,0.53948426,4.25,5.875305,11.8125,7.038616,-2.4195743,0.38810515,1.3085709,0.015220016
827,0.7627538,6.487245,2.547007,-0.08105978,0.23737717,5.25,6.96875,12.75,6.042356,0.26762807,3.8826625,1.9704473,-0.07595984,0.26685858,3.953125,5.25,9.3125,5.9366665,-2.6045825,0.029481411,-0.105689526,0.4951257
828,0.5666299,6.685974,2.585725,0.16724707,0.24852371,5.3125,7.21875,13.125,6.323602,0.7969796,3.9302235,1.9824791,0.12015216,0.2749524,4.28125,5.78125,9.9375,5.91967,-2.7557507,0.0264287,-0.4039321,0.23034972
829,-0.4555544,6.0477586,2.4592192,0.064745635,0.15823436,4.9375,6.531555,10.1875,5.130714,0.21153101,3.6417696,1.9083421,0.06496709,0.33129334,3.828125,5.15625,10.4375,6.8975844,-2.405989,0.17305899,1.7668705,0.6670854
830,-0.17177553,7.539234,2.7457666,-0.15299797,0.4539323,5.46875,7.5,14.8125,6.8539324,0.22533198,4.203452,2.0502322,-0.07502375,0.46370363,4.15625,5.59375,10.8125,6.697372,-3.335782,0.009771347,-0.15656042,0.3971075
831,0.42977828,6.595992,2.5682664,-0.08294711,0.12019181,5.125,6.75,11.25,5.4232006,0.32709408,4.0061803,2.0015445,-0.04732549,0.27702546,4.03125,5.406555,8.4375,5.272778,-2.5898118,0.15683365,-0.15042257,0.1026842
832,-0.05364491,6.2527986,2.5005596,0.07717383,0.14622164,4.9375,6.5625,12.125,6.1081953,-0.12537138,3.760723,1.9392583,0.0448204,0.2430005,3.8125,5.1875,8.5,5.532752,-2.4920754,0.09677887,-0.57544327,0.07172647
833,0.043975927,7.761796,2.786,0.020289024,0.12672567,5.5,7.3125,11.625,5.252357,0.17616665,4.654441,2.1574154,0.0940701,0.34600067,4.3125,5.78125,12.0,7.056828,-3.107355,0.219275,1.804471,0.13219073
834,0.07619023,6.3991446,2.529653,0.08475784,0.073899746,5.0625,6.5625,11.4375,5.6993694,-0.57842153,3.563553,1.8877375,0.061953485,0.17566323,3.90625,5.15625,8.125,5.1743155,-2.8355916,0.10176349,-0.525054,0.65461177
835,-1.6620027,8.371503,2.893355,-0.10189766,0.19569421,6.5,8.68811,14.25,5.3719006,-0.320633,5.8926606,2.4274802,-0.1363753,0.22177672,4.875,6.531555,11.1875,5.8047013,-2.4788423,0.026082516,0.43280077,1.3413696
836,-0.25254938,6.3966646,2.529163,-0.050126966,0.1850307,5.0,6.71875,14.125,7.0173025,-0.034415185,3.5713894,1.889812,-0.062190056,0.2992177,3.734375,5.0625,9.0,6.010046,-2.8252752,0.114187,-1.0072565,0.2181342
837,-0.5808812,6.804296,2.6085045,-0.08278689,0.262331,5.25,7.15625,12.6875,6.0145607,-0.06864202,4.0527,2.0131319,-0.05631758,0.20146632,4.0,5.3125,9.25,5.8140407,-2.751596,-0.060864687,-0.20052004,0.51223916
838,1.2511629,16.685356,4.084771,-0.06825002,0.019353151,8.375,10.875,17.25,5.037756,1.3499804,12.515489,3.5377235,-0.11132647,0.10560036,7.34375,9.5625,17.375,5.7143636,-4.1698675,0.086247206,0.6766076,0.09881747
839,-0.9334302,6.6638155,2.5814366,0.031074248,0.14376903,5.40625,7.03125,12.6875,5.7986817,-0.79006565,3.873212,1.9680477,-0.018555768,0.2456379,4.1875,5.59375,9.3125,5.5282054,-2.7906034,0.10186887,-0.27047634,0.14336455
840,-0.5550104,8.655207,2.9419732,-0.016774893,0.27829742,5.9375,8.0,14.25,6.027056,-0.19087769,5.8897705,2.426885,0.027273191,0.35038137,4.875,6.65625,10.625,5.5577426,-2.7654362,0.07208395,-0.46931362,0.3641327
841,-0.4147661,7.2905126,2.700095,0.065221205,0.08097935,5.40625,7.09375,11.0,5.0681763,0.1728354,4.3495283,2.0855522,0.04589868,0.2501626,4.125,5.65625,9.9375,6.004424,-2.9409842,0.16918325,0.9362478,0.5876015
842,0.37357393,6.2104306,2.4920735,0.03838765,0.18971777,5.0,6.625,12.6875,6.3804893,-0.03205952,3.6720426,1.9162575,0.06073083,0.32869267,3.8125,5.09375,11.0,7.2918167,-2.538388,0.1389749,0.91132736,0.40563345
843,-0.6205116,6.464871,2.5426111,0.022721455,0.2537911,5.15625,7.0,11.625,5.618529,-0.56262976,3.7454484,1.9353161,-0.13879775,0.8302436,3.921875,5.4375,11.5625,7.320932,-2.7194226,0.5764525,1.7024031,0.057881832
844,0.4772153,6.5224223,2.5539033,0.065953664,0.21443701,5.125,6.90625,11.5,5.6088037,0.2368875,3.593775,1.8957255,0.023922775,0.23548055,3.8125,5.0625,8.875,5.889715,-2.9286473,0.021043539,0.28091145,0.24032779
845,0.5658254,6.4579043,2.5412407,-0.04178573,0.14881706,5.125,6.8125,11.5625,5.594239,0.32221967,3.7270489,1.9305567,-0.101092756,0.1946752,3.859375,5.125,8.125,5.227692,-2.7308555,0.045858145,-0.3665471,0.24360573
846,0.47808018,5.887185,2.4263523,-0.026911283,0.17874599,4.875,6.59375,10.5,5.3486724,0.46388257,3.4747882,1.8640784,-0.039034482,0.33900952,3.828125,5.1875,8.375,5.5371027,-2.412397,0.16026354,0.18843031,0.014197618
847,-0.40789503,6.7396812,2.5960896,-0.036273107,0.15576959,5.1875,6.875305,11.875,5.712487,-0.06904141,3.9520254,1.9879702,-0.011985449,0.2205863,3.90625,5.28125,10.4375,6.623838,-2.7876558,0.06481671,0.9113507,0.33885363
848,0.85463095,6.8366876,2.614706,0.031415235,0.059845448,5.4375,7.1875,11.5,5.2572556,0.748316,3.922879,1.9806259,-0.020750694,0.19342518,4.15625,5.5625,9.0,5.3422494,-2.9138086,0.13357973,0.08499384,0.10631496
849,-0.12643306,6.7438326,2.596889,0.00918259,0.14726043,5.1875,6.8125,13.375,6.4909005,-0.060200464,3.9799297,1.9949762,-0.0039851484,0.28194094,3.938263,5.34375,9.25,5.8872066,-2.763903,0.13468051,-0.60369396,0.06623259
850,-0.85072696,6.6908665,2.5866709,-0.028038474,0.06878519,5.375,7.0625,12.125,5.5975723,-0.080305174,4.280027,2.0688226,-0.019515103,0.17170787,4.0625,5.469055,8.9375,5.4517517,-2.4108396,0.10292268,-0.14582062,0.7704218
851,-0.08568128,6.986057,2.643115,0.03921271,0.17598057,5.25,7.0,10.8125,5.1794357,-0.068861865,4.3826165,2.0934699,0.050554257,0.26768208,4.1875,5.625,9.0,5.4577656,-2.6034403,0.09170151,0.27832985,0.016819417
852,-0.335365,6.1359525,2.4770856,0.029970618,0.19832397,4.9375,6.5625,13.5,6.81931,0.23725605,3.6541562,1.9115847,0.03491344,0.34506798,3.84375,5.125,9.5625,6.3248005,-2.4817963,0.14674401,-0.4945097,0.57262105
853,-1.5812865,7.027159,2.650879,-0.0032690705,0.21762466,6.0,7.90625,12.6875,5.128814,-0.78841,4.13645,2.0338264,-0.025187913,0.31056666,4.34375,5.78125,10.25,5.9643807,-2.8907094,0.092942,0.8355665,0.79287654
854,-1.1119194,16.725197,4.089645,0.11267639,0.52681804,8.5,11.62561,18.375,5.4881682,-0.88109404,14.624263,3.8241682,0.115783595,0.7788489,8.0625,11.0625,17.5,5.704227,-2.100934,0.25203085,0.21605873,0.23082536
855,-0.42806885,7.2968283,2.7012641,-0.010878663,0.2638893,5.40625,7.28125,12.0625,5.584302,0.06621265,4.887738,2.210823,-0.07259634,0.45447516,4.375,6.03125,10.75,6.1982484,-2.40909,0.19058585,0.61394644,0.4942815
856,-1.6752172,8.834177,2.9722342,-0.06292684,0.27989483,6.6875,9.0,15.8125,5.839835,-1.0901918,6.216764,2.4933438,-0.101058014,0.3384571,5.40625,7.312805,12.125,5.662042,-2.617413,0.05856228,-0.17779303,0.5850253
857,-0.7543626,6.876522,2.6223123,-0.14372313,0.15691781,5.4375,7.375,11.3125,5.268145,-0.5534507,4.153969,2.0381289,-0.21674035,0.26156068,4.21875,5.75,10.25,6.1884108,-2.7225533,0.10464287,0.9202657,0.20091188
858,-1.3136965,7.4688783,2.732925,-0.082111605,0.30498576,5.9375,8.125,14.5,6.0445194,-0.4732923,4.7441955,2.1781175,-0.26731852,1.0656991,4.3125,6.1875,13.625,7.852034,-2.7246828,0.76071334,1.8075147,0.8404042
859,-0.31335416,14.208972,3.769479,0.09963818,0.334136,7.46875,10.125,15.5,5.1957912,-0.08628419,10.416306,3.22743,0.17020555,0.6039109,6.375,8.8125,16.5,6.525654,-3.7926664,0.2697749,1.3298626,0.22706997
860,-0.18054506,6.5626845,2.5617738,-0.046792686,0.23888111,5.09375,6.8125,12.0,5.926295,-0.04882432,3.5721579,1.8900154,0.047042593,0.43522906,3.796875,5.1875,9.875,6.6713424,-2.9905267,0.19634795,0.74504757,0.13172074
861,-0.38044542,6.0666313,2.4630532,-0.077308476,0.2244749,4.90625,6.625,11.4375,5.824064,-0.07809303,3.450521,1.8575578,-0.11027318,0.3403988,3.703125,4.96875,8.75,5.9863234,-2.6161103,0.11592388,0.16225958,0.3023524
862,-0.44855392,6.1860943,2.487186,-0.025352286,0.22536802,5.0,6.65625,11.875,5.952554,-0.045113433,3.696187,1.922547,-0.008644832,0.27712917,3.8125,5.15625,8.625,5.6952615,-2.4899073,0.05176115,-0.25729275,0.40344048
863,-0.3495638,6.4191604,2.5336063,0.11383277,0.30253077,5.03125,6.812805,12.9375,6.3991804,0.08356801,3.6764903,1.9174176,0.12248152,0.3253448,3.84375,5.15625,9.125,6.044751,-2.74267,0.022814035,-0.35442924,0.4331318
864,-0.44694254,6.5416694,2.5576687,-0.022097569,0.10851216,5.0625,6.8125,10.5,5.0896735,-0.15030791,4.0651283,2.0162163,-0.033440072,0.3463838,4.03125,5.469055,8.9375,5.6367307,-2.476541,0.23787165,0.54705715,0.2966346
865,0.2535,20.980522,4.58045,0.1091108,0.27782083,9.1875,12.3125,21.0,5.8211718,-0.07138799,18.0562,4.249259,0.1390867,0.42940664,8.4375,11.5,20.375,6.1257687,-2.9243221,0.15158582,0.3045969,0.324888
866,-0.6725208,6.3123364,2.5124364,0.04192249,0.2500596,5.09375,6.96875,11.75,5.7013063,-0.41380873,3.5772824,1.8913705,0.0064259334,0.39482903,3.796875,5.21875,9.4375,6.171238,-2.735054,0.14476943,0.4699316,0.25871208
867,-0.2812315,7.1490936,2.673779,-0.038780104,0.13253736,5.3125,7.125305,12.1875,5.720534,0.13271247,4.6368484,2.1533344,0.07538,0.47764683,4.25,5.875305,10.9375,6.446671,-2.5122452,0.34510946,0.72613716,0.41394395
868,0.46149117,5.8011208,2.4085517,-0.059666168,0.23545194,4.8125,6.4375,10.75,5.5337534,0.42083213,3.420275,1.8493985,-0.07344582,0.28152084,3.75,5.0625,8.3125,5.532134,-2.3808458,0.046068907,-0.001619339,0.04065904
869,1.5201284,45.439285,6.7408667,0.06888161,0.017595291,13.625,18.0,26.75,4.8739963,1.2748234,41.43935,6.4373403,0.037771974,0.07210803,12.875,17.0,29.5,5.6571455,-3.9999352,0.05451274,0.78314924,0.24530494
870,0.026851134,7.0979705,2.6642017,-0.020711116,0.2684698,5.3125,7.125,11.75,5.6066737,-0.02268296,4.373662,2.0913303,0.029945748,0.41787028,4.125,5.6875,10.375,6.313554,-2.7243085,0.14940047,0.7068801,0.049534094
871,0.66444385,6.238886,2.4977763,0.010241819,0.25631046,5.125,6.90625,11.0,5.3824444,0.20489062,3.7606864,1.9392489,0.020835795,0.30978012,3.859375,5.21875,8.875,5.7782183,-2.4781995,0.053469658,0.3957739,0.45955324
872,0.006363446,7.4591174,2.7311385,0.049321346,0.16222024,5.375,7.1875,13.625,6.306746,-0.038236473,4.8777924,2.2085724,0.062255446,0.114572525,4.375,5.7506104,9.0625,5.1661916,-2.581325,-0.047647715,-1.1405544,0.04459992
873,0.19964103,10.9704075,3.3121605,-0.08142588,0.6296742,6.78125,9.25,16.375,6.407469,0.2619946,8.595596,2.9318247,-0.092683844,0.7250049,6.03125,8.37561,14.3125,6.3453927,-2.3748112,0.095330715,-0.06207609,0.062353566
874,-0.15763971,6.0506587,2.4598086,-0.02709735,0.14003873,4.84375,6.53125,10.0625,5.149427,0.29601982,3.8663344,1.9662997,-0.013311921,0.2407515,3.921875,5.281555,9.0625,5.7544994,-2.1843243,0.100712776,0.6050725,0.45365953
875,-0.6746795,7.0525155,2.6556573,-0.069064654,0.32375193,5.4375,7.375,15.5,7.1910076,-0.47519946,4.2813735,2.069148,-0.19660996,0.4250512,4.21875,5.875,11.5,6.951496,-2.771142,0.101299286,-0.23951149,0.19948006
876,0.49426034,5.7122135,2.3900237,0.016757604,0.1887815,4.8125,6.46875,10.9375,5.65669,0.3652602,3.515188,1.8748834,0.058029123,0.24217391,3.796875,5.09375,9.0625,6.02528,-2.1970255,0.05339241,0.36858988,0.12900013
877,0.22792129,6.9038267,2.6275134,-0.009881361,0.28341842,5.21875,7.062805,11.5,5.541844,0.032019824,4.0380754,2.0094962,-0.05324335,0.28215623,3.96875,5.40625,8.4375,5.3274417,-2.8657513,-0.001262188,-0.2144022,0.19590147
878,-0.46307373,6.8700986,2.6210873,0.03253565,0.1439619,5.25,7.0,11.1875,5.2936177,-0.45599318,3.9311614,1.9827156,0.004162819,0.19468832,4.0,5.3125,9.75,6.039908,-2.9389372,0.050726414,0.7462902,0.007080555
879,0.6990381,6.9627485,2.6387022,0.05738453,0.19931102,5.4375,7.25,13.25,6.1359725,0.41310695,4.2837677,2.0697265,0.036796477,0.3050387,4.21875,5.6875,9.9375,5.976959,-2.6789808,0.10572767,-0.15901327,0.28593114
880,-0.87428313,10.477477,3.2368932,0.012155107,0.113262415,6.53125,8.625,15.125,5.65291,-0.34761772,7.3304563,2.7074816,0.02744072,0.19932199,5.40625,7.1875,14.25,6.5904946,-3.1470208,0.08605957,0.9375844,0.52666545
881,0.31112528,9.307294,3.0507858,0.13365118,0.3513832,6.0625,8.375,15.5,6.432763,0.7203618,5.941404,2.4374995,0.20247112,0.4121678,5.125,7.09375,11.75,5.9481883,-3.36589,0.06078458,-0.4845748,0.40923655
882,-0.30395547,6.8254023,2.6125472,0.022414166,0.17189479,5.1875,7.0,12.0,5.7530084,-0.15154009,4.052364,2.0130484,0.018481545,0.2548008,4.03125,5.375305,9.125,5.7393003,-2.7730384,0.08290601,-0.013708115,0.15241538
883,-0.5174343,5.954071,2.4400966,-0.013082845,0.3117926,4.9375,6.71875,12.1875,6.187587,-0.1376875,3.6743872,1.9168692,0.03632694,0.46572852,3.84375,5.250305,9.5,6.313467,-2.2796838,0.15393591,0.12588024,0.3797468
884,0.110554226,7.1874046,2.6809335,0.06734444,0.1657579,5.28125,7.15625,11.75,5.530907,0.21824482,4.527499,2.1277921,0.09667994,0.27578497,4.21875,5.656555,10.5,6.2237854,-2.6599054,0.110027075,0.69287825,0.107690595
885,-0.12197821,6.8755116,2.6221197,0.03141426,0.17444038,5.1875,7.0,11.0625,5.3202624,-0.041912694,4.144333,2.0357635,0.111341625,0.36865163,4.03125,5.4375,11.5,7.188392,-2.7311788,0.19421124,1.8681297,0.08006552
886,-0.055904236,6.8096795,2.6095362,-0.064584725,0.27278638,5.125,6.90625,13.3125,6.4589224,0.4338782,3.9925845,1.9981452,-0.071256965,0.2620437,4.0625,5.40625,10.0,6.1804743,-2.817095,-0.010742664,-0.2784481,0.48978245
887,-0.32964018,6.85103,2.6174471,0.03144628,0.13559699,5.15625,6.96875,10.9375,5.210111,0.14563884,3.9254203,1.9812673,0.0032271561,0.22295976,3.953125,5.28125,8.3125,5.295976,-2.9256096,0.087362766,0.08586502,0.47527903
888,0.06190291,8.350074,2.8896494,-0.023878066,0.30389476,5.75,7.750305,13.8125,6.070099,0.02574082,5.347325,2.3124282,0.110874064,0.39886284,4.5625,6.28125,12.1875,6.7091956,-3.002749,0.09496808,0.63909674,0.03616209
889,-0.5601003,8.43561,2.904412,-0.019746589,0.24163175,5.875,7.875305,12.5625,5.3860364,-0.1368127,5.095169,2.2572482,-0.042541772,0.2956493,4.53125,6.125,11.3125,6.3746033,-3.3404408,0.054017544,0.9885669,0.42328763
890,-0.10040344,10.947744,3.3087375,-0.12413804,0.4115324,6.59375,9.0625,17.0,6.5611277,0.04905503,8.833161,2.9720635,-0.14242926,0.51255035,5.96875,8.125,13.0625,5.6249886,-2.114583,0.10101795,-0.9361391,0.14945847
891,-0.22874948,6.338833,2.5177038,0.008944453,0.19474006,5.0,6.625,12.0,5.983395,-0.08900463,4.083026,2.02065,0.05068692,0.20325994,3.984375,5.34375,9.3125,5.822042,-2.255807,0.008519888,-0.16135311,0.13974485
892,0.26677656,6.2951474,2.5090132,-0.048113525,0.17103934,5.0,6.6875,11.0,5.5028777,-0.10455032,3.5982528,1.8969061,-0.11616469,0.2775166,3.828125,5.125,8.0625,5.3998637,-2.6968946,0.10647726,-0.10301399,0.37132686
893,-0.42279717,6.686175,2.585764,0.018934065,0.25559425,5.25,6.875,13.625,6.5925975,-0.5514491,3.9335456,1.9833168,-0.041313544,0.26020002,4.0625,5.4375,10.75,6.6178885,-2.7526293,0.00460577,0.025290966,0.12865195
894,-0.12971878,6.3201957,2.514,0.073216654,0.20643187,4.9375,6.6875,10.875,5.455626,0.16666725,3.7952583,1.9481423,0.07097527,0.34088445,3.890625,5.25,9.0,5.859013,-2.5249374,0.13445258,0.40338707,0.29638603
895,-0.6568589,6.482641,2.5461032,-0.009468989,0.16954207,5.15625,7.0,11.25,5.4063134,-0.20472446,3.9177241,1.9793241,-0.014743254,0.23858023,3.921875,5.3125,9.25,5.876353,-2.564917,0.06903815,0.47003937,0.45213446
896,-1.5559665,7.4260063,2.72507,-0.025262233,0.18913603,6.157776,8.0625,12.8125,5.129961,-0.6560195,4.3685346,2.0901039,-0.003931413,0.312912,4.28125,5.84375,10.4375,6.0253835,-3.0574718,0.12377596,0.89542246,0.899947
897,-0.5794238,5.6790204,2.3830695,0.050163593,0.13556814,4.8125,6.4375,10.0,5.1337,0.20165889,3.1102254,1.7635832,0.0755835,0.26940298,3.5,4.75,8.25,5.9045854,-2.568795,0.13383484,0.77088547,0.7810827
898,0.254017,5.953068,2.4398909,0.01859719,0.10415125,4.875,6.4375,10.125,5.2076993,0.1846232,3.515779,1.8750411,0.05558491,0.21478295,3.75,5.000305,9.0,6.0690827,-2.4372888,0.110631704,0.86138344,0.0693938
899,-0.6652539,6.401833,2.5301845,-0.022663122,0.1688745,5.125,6.875,11.3125,5.4592032,-0.93645275,3.7603886,1.9391721,0.01386861,0.37604403,4.25,5.65625,9.5625,5.5952444,-2.6414444,0.20716953,0.13604116,0.27119887
900,0.27956164,7.0254946,2.650565,0.010258097,0.24888301,5.3125,7.125305,12.5,5.951926,0.2734518,4.589781,2.1423774,0.013461183,0.2822721,4.28125,5.75,10.375,6.0897455,-2.4357138,0.03338909,0.13781929,0.0061098337
901,0.20441985,6.381924,2.526247,0.036519945,0.07486749,4.96875,6.625305,10.125,5.037794,0.5908091,3.7557695,1.9379808,0.08649916,0.31781363,3.984375,5.5,10.5,6.5795007,-2.6261547,0.24294615,1.5417066,0.38638926
902,0.85594016,6.290068,2.5080009,0.0010446568,0.12202954,5.21875,6.9375,10.625,5.049116,0.9176829,3.6601343,1.9131478,0.058221288,0.34943104,4.125,5.687805,9.5625,5.675118,-2.6299338,0.2274015,0.62600183,0.061742723
903,-0.22750495,5.984731,2.446371,0.027827697,0.25517893,4.90625,6.531555,9.8125,5.068355,0.1012039,3.4809012,1.8657174,0.03458792,0.49700046,3.765625,5.125,8.75,5.989785,-2.50383,0.24182153,0.9214301,0.32870886
904,0.22575039,10.947841,3.308752,-0.008916014,0.1896522,6.53125,8.75,14.4375,5.5066166,0.23359413,7.602862,2.7573287,-0.00048742205,0.30756712,5.5,7.4375,11.75,5.3965774,-3.3449788,0.117914915,-0.110039234,0.007843748
905,-0.12869082,6.728479,2.5939312,-0.04177267,0.10207534,5.125,6.875,10.25,4.9766884,0.45569283,4.252922,2.0622613,-0.0007096412,0.29104877,4.157776,5.625,10.5,6.302863,-2.4755569,0.18897343,1.3261747,0.58438367
906,1.0592325,6.855811,2.6183603,0.15371881,0.5100367,5.5,7.65625,14.0,6.280268,0.99399054,4.28701,2.0705097,0.36246544,1.5445642,4.40625,6.03125,13.8125,7.706893,-2.568801,1.0345275,1.4266248,0.06524193
907,-0.5822711,11.440346,3.382358,-0.10408877,0.3785503,6.9375,9.3125,16.75,6.266633,-0.471985,9.26266,3.0434618,-0.13917908,0.5533564,6.3125,8.625,15.3125,6.45099,-2.1776857,0.17480612,0.18435717,0.11028609
908,-0.5280905,16.726454,4.089799,0.18707511,0.17214108,7.90625,10.37561,22.5,6.8677125,0.009147107,14.513518,3.8096611,0.24592042,0.44594312,7.46875,9.875,25.75,8.574988,-2.2129354,0.27380204,1.7072759,0.5372376
909,0.8464084,7.5398264,2.7458744,-0.15748298,0.24124956,5.625,7.46875,11.875,5.183723,0.06722963,4.9565506,2.2263312,-0.09513693,0.44141722,4.439026,6.125,10.8125,6.190229,-2.5832758,0.20016766,1.006506,0.7791788
910,-1.5731924,9.182859,3.0303233,-0.1263748,0.17603278,6.75,9.0625,16.25,6.023436,-0.41696495,6.3309803,2.516144,-0.16950935,0.4816997,5.03125,7.031555,14.375,7.2207084,-2.8518791,0.30566692,1.1972723,1.1562274
911,-0.47691807,6.8610134,2.6193535,0.0179173,0.2367518,5.25,6.9375,14.0625,6.6744785,-0.3851499,4.011217,2.0028024,-0.055280335,0.33497715,4.03125,5.46875,10.0,6.246817,-2.8497963,0.098225355,-0.42766142,0.091768175
912,-0.25301006,5.8663015,2.422045,-0.048597727,0.265589,4.8125,6.4375,11.375,5.9221654,-0.1473601,3.4691298,1.86256,-0.04275322,0.29662967,3.6875,5.062805,8.625,5.8699303,-2.3971717,0.031040668,-0.052235126,0.10564996
913,-0.09718518,6.299024,2.5097857,-0.06357266,0.27959323,4.9375,6.750305,12.125,6.1360855,0.081089675,3.779898,1.944196,-0.39974207,1.8309736,3.78125,5.3125,12.5625,8.379378,-2.5191262,1.5513804,2.2432928,0.17827486
914,0.8434126,6.1002703,2.4698725,-0.07067586,0.19339919,5.15625,6.8125,10.0625,4.8549495,0.36944032,3.448255,1.8569478,-0.056169122,0.31624603,3.734375,5.125,9.5625,6.4185133,-2.6520152,0.12284684,1.5635638,0.47397226
915,-0.07764815,10.702405,3.2714531,0.009074229,1.0316381,6.71875,9.5,16.0,6.4214315,-0.33325806,8.5576935,2.9253535,-0.05817119,1.2486277,6.125,8.75,14.875,6.71806,-2.1447115,0.21698952,0.29662848,0.25560993
916,0.10253894,16.91183,4.1123996,0.10763445,0.7156365,8.5625,11.625,18.625,5.94562,0.16872294,14.229989,3.7722657,0.04111938,0.94420457,7.9375,10.8125,23.375,8.265206,-2.6818419,0.22856808,2.3195863,0.066184
917,-0.03585625,5.927732,2.4346933,-0.0331729,0.18709469,4.8125,6.4375,10.625,5.504462,-0.09950454,3.5151007,1.8748602,-0.009965424,0.2527182,3.703125,4.96875,9.125,6.166012,-2.4126313,0.06562352,0.66155005,0.06364828
918,0.55338037,6.4810033,2.5457814,0.0070315083,0.19612932,5.1875,6.90625,11.0,5.3334603,-0.06588569,3.776596,1.9433466,0.045924336,0.22908664,3.8125,5.21875,8.375,5.446713,-2.7044072,0.032957315,0.11325264,0.61926603
919,-0.2484121,9.08144,3.0135427,0.013146554,0.24795914,6.0,8.0625,13.75,5.773722,0.09652181,6.0403843,2.4577193,-0.04529686,0.3297429,4.875,6.656555,10.75,5.541936,-3.0410557,0.08178377,-0.23178625,0.34493393
920,-0.3861822,5.7705956,2.4022064,0.085259154,0.2662542,4.8125,6.4375,10.3125,5.354878,0.2884649,3.268792,1.8079801,0.09733901,0.43570828,3.625,5.0,9.75,6.788029,-2.5018036,0.1694541,1.4331512,0.6746471
921,-0.5669496,7.346628,2.7104664,-0.07237398,0.18502235,5.5,7.406555,13.5625,6.2106314,-0.08884409,4.592792,2.14308,-0.2185647,1.0952392,4.1875,5.78125,12.0,7.2086887,-2.7538362,0.9102168,0.99805737,0.47810552
922,0.3863663,6.1598516,2.4819047,0.06703745,0.21612501,5.0,6.71875,11.0,5.5478053,-0.28413737,3.4956574,1.8696678,0.07215089,0.32548356,3.765625,5.0625,7.96875,5.345203,-2.664194,0.10935855,-0.20260239,0.6705037
923,-1.147922,7.2505836,2.6926908,-0.0036346419,0.27276134,5.8125,7.6875,12.3125,5.3169336,-0.92746913,4.5149994,2.124853,-0.0191741,0.34213877,4.625,6.21875,10.6875,5.8281817,-2.7355843,0.06937742,0.5112481,0.2204529
924,-0.1423247,13.649192,3.6944814,-0.006473359,0.14080977,7.28125,9.75,16.0,5.4628444,-0.104840256,9.832308,3.135651,0.019019479,0.31115913,6.1875,8.375,14.8125,6.0020566,-3.816884,0.17034936,0.5392122,0.037484445
925,0.33869022,11.240038,3.3526165,-0.0040975534,0.7541094,6.84375,9.4375,16.875,6.5208254,0.102582715,8.897925,2.982939,-0.037416603,0.867578,6.09375,8.4375,21.0,9.197705,-2.3421125,0.11346865,2.67688,0.2361075
926,-0.42957276,6.530883,2.5555592,-0.059270937,0.18936801,5.095276,6.90625,13.3125,6.4924726,-0.034164086,3.8997378,1.9747754,-0.029658122,0.23395348,3.921875,5.3125,7.96875,5.1056423,-2.631145,0.044585466,-1.3868303,0.3954087
927,0.3857315,6.0879283,2.4673727,0.040744986,0.26898456,5.0,6.65625,12.1875,6.207375,0.44417548,3.5807116,1.8922769,0.0062534423,0.48929524,3.859375,5.375,9.125,5.9954844,-2.5072167,0.22031069,-0.2118907,0.058443993
928,0.654815,5.834644,2.4155006,-0.03143865,0.25142837,4.90625,6.5625,11.5,5.7975707,0.18136714,3.6236649,1.9035926,-0.030833084,0.4707787,3.766388,5.25,9.375,6.2539043,-2.210979,0.21935034,0.45633364,0.47344786
929,-0.7770049,12.620604,3.552549,-0.004277987,0.26985526,7.25,9.6875,17.375,6.0670357,-0.20808819,9.475368,3.0782084,-0.038119383,0.28925157,6.15625,8.25,13.0,5.3597198,-3.145236,0.019396305,-0.7073159,0.5689167
930,-0.6107498,8.196259,2.8629107,-0.022100393,0.17652702,5.75,7.78125,13.25,5.715095,-0.14872225,5.141955,2.267588,-0.05523772,0.42434406,4.5,6.1875,10.875,6.086164,-3.0543036,0.24781704,0.37106895,0.46202755
931,-0.43675292,6.304334,2.5108433,-0.049903017,0.17697358,5.0,6.8125,11.4375,5.6822705,-0.37091398,3.7973835,1.9486877,-0.034836926,0.29264164,3.953125,5.34375,10.0,6.416146,-2.5069506,0.11566806,0.7338753,0.06583893
932,-0.035177246,9.806265,3.1314957,-0.046541043,0.13679314,6.15625,8.25,12.9375,5.2146993,0.14016314,6.4648256,2.542602,-0.025496257,0.20248103,5.03125,6.8125,11.0625,5.4965043,-3.3414392,0.065687895,0.28180504,0.17534038
933,-0.14146186,6.1138763,2.4726255,0.06007668,0.15204,4.875,6.53125,10.125,5.1726313,0.17255741,3.5603094,1.8868783,0.020519024,0.2575662,3.78125,5.0,9.1875,6.1675353,-2.553567,0.10552621,0.99490404,0.31401926
934,0.7763462,6.369825,2.5238512,0.07733993,0.20440006,5.25,6.96875,11.875,5.700046,0.018442674,3.5202765,1.87624,0.15442072,0.467654,3.71875,5.15625,10.125,6.860234,-2.8495483,0.26325393,1.1601877,0.7579035
935,-0.27440834,5.378318,2.3191202,-0.0048616068,0.09156537,4.59375,6.125,9.25,4.981991,0.028168041,2.972253,1.7240224,-0.001048228,0.249856,3.4375,4.59375,7.8125,5.7477393,-2.4060647,0.15829062,0.7657485,0.3025764
936,-1.5462672,7.01667,2.6488998,0.03599727,0.14226222,5.96875,7.78125,11.4375,4.6409645,-0.35187325,4.4155765,2.1013274,0.10063681,0.48258543,4.21875,5.84375,10.6875,6.382046,-2.6010938,0.3403232,1.7410817,1.1943939
937,-0.6433672,6.039468,2.457533,0.062095452,0.213794,4.96875,6.65625,11.875,5.882974,-0.5353385,3.3958583,1.8427855,0.051203918,0.19442081,3.796875,4.96875,8.5625,5.615833,-2.6436095,-0.019373178,-0.26714134,0.10802865
938,-0.4579909,10.8760395,3.297884,0.037550468,0.09357548,6.59375,8.625,14.5,5.470769,-0.45641714,7.1852064,2.6805236,0.108390585,0.22889352,5.34375,7.1875,12.0625,5.598332,-3.690833,0.13531804,0.127563,0.0015737712
939,-0.8110116,6.568517,2.5629117,0.054211035,0.21476507,5.28125,7.0,11.875,5.561398,-0.2702087,3.8575962,1.9640764,0.06632319,0.30599904,3.9375,5.25,10.25,6.5476985,-2.710921,0.09123397,0.98630047,0.54080296
940,-0.9207112,6.288529,2.507694,-0.032248173,0.23493338,5.3125,7.0625,11.625,5.496114,-0.2958596,3.6609266,1.9133548,-0.046304334,0.342376,3.828125,5.25,9.875,6.490461,-2.6276023,0.10744262,0.9943471,0.6248516
941,-0.40329745,6.3061166,2.5111983,0.08366167,0.21159887,5.0,6.687805,12.75,6.316773,-0.31697735,3.9375772,1.9843329,0.111986205,0.24378061,3.984375,5.28125,8.125,5.10996,-2.3685393,0.03218174,-1.2068129,0.0863201
942,0.09765512,7.4119353,2.722487,0.140265,0.16727734,5.375,7.3125,11.625,5.391528,0.20084038,4.1251035,2.0310352,0.15879662,0.36023355,4.0625,5.59375,10.5,6.550222,-3.2868319,0.19295621,1.1586938,0.103185266
943,0.5980997,6.765745,2.6011045,-0.029645024,0.20956731,5.28125,7.0,12.375,5.860138,0.45679337,4.115382,2.0286405,0.015078983,0.3019557,4.125,5.59375,9.5625,5.8381586,-2.650363,0.09238839,-0.021979332,0.14130634
944,-0.24217986,6.2079215,2.49157,0.070826404,0.18698478,4.9375,6.625,11.4375,5.7719755,-0.84714794,3.4410965,1.8550193,0.05026546,0.36161184,3.984375,5.34375,9.5,5.853258,-2.766825,0.17462707,0.081282616,0.6049681
945,0.7892305,6.2744455,2.5048842,0.045931935,0.16354132,5.1875,6.96875,11.3125,5.4437246,0.5031671,3.5846586,1.8933195,0.08013535,0.23766923,3.890625,5.28125,8.5625,5.5524836,-2.689787,0.07412791,0.10875893,0.28606343
946,-0.3160601,8.606888,2.9337497,-0.11767547,0.2972684,5.875,7.9375,14.25,6.1371355,-0.07473604,6.0772743,2.4652128,-0.12016131,0.42167473,4.96875,6.65625,12.125,6.287088,-2.5296135,0.12440634,0.14995241,0.24132407
947,-0.2126837,12.453233,3.5289137,0.059577007,0.66966176,7.1875,9.8125,16.0,5.882478,-0.17015752,10.069312,3.173218,0.048582643,0.76456547,6.53125,9.0,14.6875,6.0281267,-2.3839207,0.09490371,0.14564848,0.04252617
948,-5.765194,195.70825,13.989576,0.21316318,0.27741122,29.875,38.0,58.25,4.820839,-6.079337,196.42899,14.015312,0.1925646,0.27637625,30.131104,38.5,59.25,4.860583,0.72073364,-0.001034975,0.0397439,0.31414318
949,0.030563684,6.4063272,2.5310724,-0.041030817,0.20831275,5.0,6.625305,10.3125,5.1495852,-0.30579904,3.8324552,1.9576658,0.0075127715,0.22795033,3.921875,5.1875,9.5625,6.111601,-2.573872,0.019637585,0.9620156,0.33636272
950,0.30712992,7.2203345,2.687068,-0.10446301,0.12639761,5.34375,7.0625,10.4375,4.8553214,0.40717393,4.6911044,2.1658957,-0.098475516,0.20044613,4.375,5.78125,9.8125,5.6090393,-2.52923,0.07404852,0.7537179,0.10004401
951,-0.36143395,6.8931413,2.6254792,0.08222778,0.15546322,5.21875,6.969055,11.5,5.4644966,-0.3715506,4.1797857,2.0444524,0.06218545,0.26732707,4.09375,5.46875,9.375,5.7117934,-2.7133555,0.11186385,0.24729681,0.010116637
952,0.428487,6.0927773,2.4683552,0.08400919,0.12625837,5.0,6.5625,10.8125,5.456082,0.39397162,3.5620685,1.8873442,0.107271,0.40619087,3.78125,5.34375,9.375,6.193818,-2.5307088,0.2799325,0.7377362,0.03451538
953,0.08044001,6.6894627,2.5863996,-0.016706144,0.1785841,5.15625,6.84375,11.0,5.376726,0.0037195068,4.038221,2.0095325,-0.06437988,0.5423808,4.0,5.5625,9.5,6.0605326,-2.6512418,0.3637967,0.6838064,0.0767205
954,-1.0716418,7.0046134,2.6466231,-0.01205587,0.1553073,5.625,7.5,12.375,5.457416,-0.6171228,4.391523,2.095596,-0.042654693,0.35926008,4.28125,5.875,10.3125,5.98869,-2.6130905,0.20395279,0.53127384,0.45451897
955,0.303735,7.1146336,2.667327,0.042783014,0.14871383,5.3125,7.125,12.25,5.755113,-0.20402068,4.178157,2.044054,0.027005497,0.26306224,4.0625,5.5625,8.0625,4.9780645,-2.9364767,0.11434841,-0.7770486,0.50775564
956,-0.01392247,13.178955,3.630283,-0.10870084,0.6233947,7.375,10.1875,18.75,6.7303696,-0.20213416,10.96173,3.3108504,-0.10121065,0.7450607,6.78125,9.4375,14.9375,5.9184494,-2.217225,0.121665955,-0.81192017,0.1882117
957,-0.639678,6.721795,2.5926425,-0.011536243,-0.0024094582,5.25,6.9375,11.0,5.164991,-0.44262353,4.2988267,2.0733612,-0.061579756,0.17935276,4.1875,5.6875,9.75,5.8200555,-2.4229684,0.18176222,0.6550646,0.19705448
958,0.57914364,8.511938,2.9175227,0.09934514,0.22718787,5.875,8.00061,13.625,5.804266,0.3368076,5.7349215,2.3947697,0.06487758,0.33458257,4.78125,6.5625,12.625,6.6298966,-2.7770166,0.107394695,0.82563066,0.24233603
959,-0.27000767,5.876632,2.4241767,0.011240466,0.22731495,4.78125,6.40625,11.3125,5.850234,0.33356348,3.3962538,1.8428928,0.05699242,0.4825821,3.71875,5.125,9.5625,6.5431523,-2.4803784,0.25526714,0.6929183,0.6035712
960,-0.37734872,6.0309052,2.45579,0.07508415,0.27720857,4.875,6.625,11.625,5.91815,-0.14860377,3.586093,1.8936982,0.16828577,0.7536073,3.734375,5.15625,9.625,6.471933,-2.4448123,0.4763987,0.55378294,0.22874495
961,-0.68791074,15.129089,3.889613,0.011753275,0.24215364,7.84375,10.5,16.625,5.370442,-0.44851476,12.547093,3.5421877,0.02311379,0.35290718,7.1875,9.625,15.5625,5.5901613,-2.581996,0.110753536,0.21971941,0.23939598
962,-0.14583504,6.283857,2.5067623,-0.08760465,0.2121396,4.9375,6.6875,12.3125,6.1949806,-0.18327351,3.7390664,1.9336666,-0.08688943,0.3453207,3.84375,5.25,9.8125,6.4115705,-2.5447905,0.1331811,0.21658993,0.037438467
963,-0.21570523,6.2671304,2.5034237,0.009534089,0.2708218,4.96875,6.6875,13.6875,6.903455,0.26215407,3.6609519,1.9133614,0.04312903,0.27431297,3.828125,5.125,10.0625,6.596672,-2.6061785,0.0034911633,-0.30678272,0.47785932
964,0.11693581,6.2721314,2.5044224,-0.06252918,0.112817526,4.96875,6.625,9.5625,4.812702,0.19648525,3.7422457,1.9344885,-0.09514671,0.33091187,3.828888,5.21875,8.4375,5.497348,-2.5298858,0.21809435,0.68464565,0.07954944
965,1.5851741,6.046753,2.4590147,0.011237409,0.29521632,5.6875,7.5625,12.5,5.326933,0.98788303,3.4436524,1.855708,0.03226276,0.4089272,4.125,5.5625,9.3125,5.5709906,-2.6031005,0.11371088,0.24405766,0.59729105
966,-0.52344304,6.476414,2.54488,-0.043637015,0.16500759,5.125,6.8125,12.25,5.9609604,-0.31543443,3.5711098,1.889738,0.010094655,0.24241161,3.796875,5.15625,8.125,5.3715925,-2.9053044,0.07740402,-0.58936787,0.20800862
967,0.7628177,8.125203,2.850474,-0.0033936065,0.11808705,5.8125,7.6875,13.5,5.7631316,0.22572935,5.392711,2.3222213,0.02419456,0.21156192,4.59375,6.21875,11.625,6.3072963,-2.732492,0.093474865,0.54416466,0.53708833
968,-0.014180798,7.903936,2.811394,0.11515756,0.19121909,5.5625,7.40625,14.25,6.4079833,-0.12881494,5.2340674,2.2878084,0.21809119,0.29940224,4.5625,6.03125,10.5,5.807564,-2.6698685,0.108183146,-0.6004195,0.11463414
969,-0.41574946,10.860817,3.2955754,0.15245493,0.52439,6.75,9.0625,14.875,5.7359586,-0.4808212,8.351038,2.8898163,0.13976535,0.63637185,6.032776,8.0625,13.3125,5.850224,-2.509779,0.11198187,0.11426544,0.06507173
970,0.13079183,7.630754,2.762382,0.06728093,0.23467803,5.5,7.375,11.625,5.324313,-0.11162449,4.893396,2.2121022,0.13290635,0.5261781,4.46875,6.125305,9.3125,5.400328,-2.737358,0.2915001,0.076014996,0.24241632
971,1.3221586,6.360354,2.5219743,0.16276416,0.14648962,5.65625,7.53125,13.6875,6.0777874,0.8491771,3.8765645,1.9688994,0.15833515,0.26870298,4.21875,5.75,12.0,7.113466,-2.4837894,0.12221336,1.0356784,0.47298145
972,0.008721122,7.587368,2.7545178,-0.011030798,0.20932865,5.4375,7.250305,14.5,6.64723,-0.05104165,4.8608117,2.2047248,0.007518697,0.4093337,4.40625,6.0,12.6875,7.3432784,-2.7265563,0.20000505,0.69604826,0.059762772
973,0.5412348,19.295168,4.392627,-0.00020898452,0.1733098,8.6875,11.8125,19.125,5.461172,0.072837576,16.409508,4.050865,0.020763831,0.30367494,8.0,11.0,17.0,5.34607,-2.8856602,0.13036513,-0.11510229,0.4683972
974,-0.10532131,5.4872212,2.3424819,0.0380761,0.30430794,4.59375,6.21875,13.375,7.2171774,-0.029525815,3.0770462,1.7541511,0.021520332,0.31111455,3.46875,4.75,9.0,6.503767,-2.410175,0.006806612,-0.7134104,0.075795494
975,0.17895441,6.273084,2.5046127,-0.018424727,0.23462081,4.9375,6.625305,12.0625,6.0732884,0.12577847,3.68777,1.9203568,-0.014144936,0.30785632,3.84375,5.15625,10.75,7.099603,-2.5853143,0.07323551,1.0263147,0.05317594
976,-0.53864944,9.268412,3.0444067,0.070881054,0.23173618,6.125,8.1875,14.6875,5.9969854,-0.27843454,5.7270374,2.393123,0.052080553,0.4337964,4.8125,6.5,13.25,7.0065513,-3.5413742,0.20206022,1.0095658,0.2602149
977,-0.6731767,7.0004797,2.645842,-0.04432275,0.2823112,5.375,7.25,13.125,6.079862,0.107018165,4.301923,2.0741076,-0.04578136,0.39743304,4.125,5.5625,11.0,6.738904,-2.698557,0.11512184,0.6590419,0.7801949
978,1.8330164,41.074417,6.4089327,0.08643478,0.23196793,13.125,18.125,28.75,5.447579,1.5313066,37.314095,6.108526,0.06740226,0.31287622,12.4375,17.0,29.125,5.87354,-3.7603226,0.0809083,0.42596102,0.30170977
979,0.055952583,5.831228,2.4147935,-0.008204122,0.23614168,4.78125,6.4375,10.0625,5.276643,-0.2531441,3.439695,1.8546414,0.017177572,0.38938904,3.6875,5.0625,8.125,5.525522,-2.391533,0.15324736,0.24887943,0.30909666
980,-0.40735328,6.3400235,2.5179403,-0.04745257,0.15780663,5.03125,6.75,10.5,5.199425,-0.323344,3.957322,1.9893018,0.0004212688,0.30234623,4.0,5.46875,8.5,5.359916,-2.3827016,0.1445396,0.16049099,0.08400929
981,-0.004989642,6.39707,2.529243,-0.06431082,0.16026282,5.0,6.6875,10.5,5.2353816,-0.4284219,3.7167156,1.9278785,-0.026605329,0.32606316,3.90625,5.375305,10.5,6.7276626,-2.6803544,0.16580033,1.492281,0.42343226
982,0.15385386,8.204478,2.864346,0.07398873,0.20211172,5.6875,7.625305,11.9375,5.26172,0.45422032,4.868777,2.2065306,0.034228917,0.2503314,4.46875,6.062805,10.0,5.617265,-3.3357015,0.04821968,0.35554504,0.30036646
983,-0.007386713,9.350342,3.057833,-0.08793477,0.47257757,6.0625,8.5625,16.875,7.0555587,-0.17886558,6.600317,2.5691082,-0.14159682,0.6672845,5.125,7.21875,14.375,7.1794825,-2.7500248,0.19470692,0.12392378,0.17147887
984,1.0201844,6.7807016,2.6039782,0.1446748,0.26810265,5.53125,7.5625,13.0,5.9026647,0.107559815,3.8710544,1.9674995,0.13405389,0.23510957,3.90625,5.25,8.6875,5.5998054,-2.9096472,-0.03299308,-0.3028593,0.9126246
985,-0.09813858,6.465752,2.5427842,0.028463416,0.16534448,5.03125,6.781555,10.875,5.3822727,0.27746367,3.916523,1.9790207,0.05243916,0.27205825,3.96875,5.34375,10.125,6.433628,-2.5492291,0.10671377,1.0513554,0.37560225
986,-0.12170278,8.669843,2.9444597,-0.037240457,0.16679192,5.78125,7.78125,13.0,5.551601,-0.17074081,5.9966717,2.4488103,-0.077526316,0.3002305,4.875,6.625305,10.5,5.431327,-2.673171,0.13343859,-0.12027407,0.04903803
987,-5.549578,154.10266,12.413809,-0.25539654,0.10158205,27.875,36.75,56.5,5.358053,-3.6465516,145.82054,12.075618,-0.2926475,0.20630884,25.75,34.75,53.25,5.448186,-8.28212,0.10472679,0.09013271,1.9030266
988,4.493221,41.47352,6.439994,0.181662,-0.15418124,15.565552,20.0,29.0,4.671009,3.138492,38.583305,6.211546,0.15668824,0.042636156,13.9375,18.375,28.875,5.3024077,-2.890213,0.1968174,0.6313987,1.3547287
989,-0.99306023,80.97234,8.998464,0.006358305,0.2840054,18.0,24.375,37.0,5.192171,-0.723166,76.3978,8.740583,0.029319473,0.39752626,17.625,23.62622,39.75,5.786598,-4.574547,0.11352086,0.5944271,0.26989424
990,0.1496973,6.2450943,2.4990187,0.059672773,0.21385026,4.90625,6.6875,11.75,5.9283547,0.06621712,3.6818738,1.918821,0.10774042,0.15661621,3.828125,5.09375,7.96875,5.2532854,-2.5632205,-0.05723405,-0.67506933,0.08348019
991,-0.34596193,7.4248548,2.7248588,-0.045593895,0.124464035,5.4375,7.28125,11.1875,5.1537285,-0.36161616,4.4993305,2.1211627,-0.07184576,0.19599628,4.28125,5.75,9.25,5.4472847,-2.9255242,0.07153225,0.2935562,0.015654236
992,-0.6435804,5.969986,2.4433556,-0.12518863,0.25586438,5.0625,6.750305,11.75,5.919918,-0.2656445,3.5381188,1.8809888,-0.11209332,0.3222494,3.765625,5.1875,9.25,6.197497,-2.4318671,0.06638503,0.27757883,0.3779359
993,0.2540475,7.2295594,2.6887841,0.026895102,0.1278069,5.3125,7.0625,13.0625,6.0842876,0.12249683,4.389341,2.0950754,0.09904678,0.19326615,4.1875,5.625,8.6875,5.2648883,-2.8402185,0.06545925,-0.81939936,0.13155068
994,-0.89227927,7.3596063,2.7128594,0.07016094,0.3566227,5.59375,7.594055,13.3125,5.872538,-0.40580797,4.545111,2.1319265,0.12335063,0.35396767,4.3125,5.8125,10.0,5.8344827,-2.814495,-0.0026550293,-0.03805542,0.4864713
995,-0.5245101,5.862647,2.4212904,-0.038083345,0.23938727,4.875,6.5625,11.375,5.8075876,-0.17654732,3.3397892,1.827509,-0.061595775,0.27301002,3.625,4.90625,9.75,6.7274876,-2.522858,0.03362274,0.91989994,0.34796277
996,0.43937403,5.72924,2.393583,-0.019629199,0.15876651,4.78125,6.375,11.1875,5.7831354,0.575096,3.286908,1.8129832,-0.024773901,0.28642178,3.71875,5.0625,8.375,5.5567975,-2.442332,0.12765527,-0.22633791,0.13572198
997,-0.2203562,14.005417,3.742381,-0.12678802,0.43701005,7.625,10.25,15.625,5.366279,-0.080802,11.7919035,3.4339342,-0.18737583,0.63852787,7.125,9.6875,15.8125,5.996618,-2.2135134,0.20151782,0.63033867,0.1395542
998,1.0159028,6.4456105,2.5388207,-0.015044651,0.25142384,5.40625,7.1875,12.125,5.586343,0.23100865,3.8024433,1.9499855,-0.045551926,0.38781238,3.921875,5.3125,8.9375,5.787209,-2.6431673,0.13638854,0.20086622,0.7848941
999,-0.04478562,6.3613477,2.5221713,-0.03300779,0.1036396,5.0,6.5625,10.8125,5.4022336,-0.19727632,3.5843759,1.8932447,-0.020752322,0.20589423,3.71875,5.0625,8.75,5.80716,-2.7769718,0.10225463,0.4049263,0.1524907
1000,0.3555223,7.350602,2.7111993,-0.048953593,0.09029293,5.375,7.03125,11.875,5.4612627,-0.2166309,4.391006,2.0954728,0.0046110754,0.14931297,4.125,5.53125,9.375,5.6197667,-2.9595962,0.059020042,0.15850401,0.5721532
1001,-0.5587786,7.01598,2.6487694,-0.0016264834,0.03476119,5.34375,6.96875,10.5,4.875064,-0.2093639,3.823804,1.955455,-0.037153415,0.2852428,3.9375,5.3125,8.0625,5.2242036,-3.1921759,0.2504816,0.3491397,0.3494147
1002,1.037815,18.246487,4.2715907,0.040530887,0.12928104,8.5625,11.5,20.5,5.8750505,0.36366695,13.747905,3.7078166,0.049476583,0.2968874,7.28125,10.0,17.25,5.865075,-4.498582,0.16760635,-0.009975433,0.674148
1003,-0.05158701,6.199547,2.489889,0.0016844429,0.15753317,4.90625,6.5625,11.625,5.88422,0.17189983,3.588117,1.8942325,0.010497081,0.25979328,3.78125,5.125,8.0625,5.376676,-2.61143,0.10226011,-0.50754404,0.22348684
1004,-0.23115356,5.9804096,2.4454875,0.008152944,0.19272375,4.875,6.5625,10.4375,5.379897,-0.16827969,3.6296015,1.9051512,0.057197765,0.27924562,3.78125,5.09375,9.125,6.043862,-2.3508081,0.086521864,0.66396475,0.06287387
1005,-0.6134564,17.76245,4.214552,0.2348854,0.6222205,8.625,11.625,20.5,6.1930094,-0.3498783,14.737167,3.8389018,0.27602148,0.82001543,7.875,10.9375,19.25,6.5081396,-3.025282,0.19779491,0.31513023,0.26357812
1006,0.6093468,6.324036,2.5147636,-0.0051652687,0.19651365,5.125,6.75,11.3125,5.524138,0.22538994,3.8718414,1.9676995,-0.08028093,0.27258253,3.921875,5.3125,9.0625,5.793752,-2.4521947,0.07606888,0.26961422,0.38395685
1007,-0.3899359,13.938486,3.7334282,0.08010448,0.6054292,7.5625,10.375,18.125,6.209484,-0.15980327,11.266003,3.3564866,0.13576625,0.6549628,6.875,9.375,17.25,6.627908,-2.6724834,0.049533606,0.41842413,0.23013264
1008,-0.22665945,6.8724585,2.6215374,0.014076351,0.17263484,5.25,7.0,10.6875,5.1382704,-0.18727207,4.012638,2.0031571,0.0915656,0.2521863,3.96875,5.40625,7.96875,5.023061,-2.8598204,0.07955146,-0.11520958,0.039387375
1009,-0.83446145,13.870242,3.7242775,0.061841913,0.2346406,7.4375,10.125,16.5,5.44653,-0.4639706,11.125719,3.3355238,0.09103864,0.3564527,6.6875,9.0625,15.75,5.950238,-2.744523,0.121812105,0.50370836,0.37049085
1010,0.020314356,7.2065835,2.684508,-0.03868743,0.2316978,5.3125,7.156555,13.75,6.4960237,0.3149122,4.7261677,2.173975,0.000882082,0.23328829,4.34375,5.8125,10.0625,5.8077826,-2.4804158,0.0015904903,-0.688241,0.29459783
1011,-0.18401389,6.715895,2.5915043,-0.023752848,0.21895313,5.125,6.9375,11.125,5.4121394,-0.02054812,3.837846,1.9590421,-0.058051284,0.39787316,3.890625,5.312805,9.25,6.0169353,-2.8780491,0.17892003,0.60479593,0.16346577
1012,-0.7545544,6.625576,2.5740194,-0.053554118,0.30669928,5.28125,7.1875,11.875,5.6098022,-0.1751813,3.7178712,1.9281782,-0.05572967,0.4311626,3.890625,5.3125,8.625,5.7073984,-2.9077048,0.12446332,0.09759617,0.5793731
1013,0.86139727,6.4205,2.5338705,-0.019558406,0.28517532,5.25,7.125,11.6875,5.511686,0.6755059,3.8064532,1.9510133,0.034726415,0.36378717,4.0625,5.53125,10.25,6.290691,-2.6140466,0.07861185,0.77900505,0.18589139
1014,1.3069711,6.975608,2.6411376,0.047160454,0.2110424,5.75,7.71875,14.0,5.9807334,0.8615131,4.685614,2.164628,0.04958804,0.23229146,4.5625,6.21875,9.6875,5.2582393,-2.2899938,0.021249056,-0.7224941,0.445458
1015,0.6548792,7.8336477,2.7988653,0.022819549,0.15451407,5.6875,7.594055,13.125,5.754185,0.31447843,4.75992,2.181724,0.05695646,0.18839335,4.40625,5.84375,9.1875,5.2710857,-3.0737276,0.03387928,-0.48309946,0.3404008
1016,-1.5156399,17.747082,4.2127285,-0.00091395585,0.05929756,8.75,11.625,18.125,5.069338,-0.6578628,13.529808,3.6782887,-0.03847539,0.19096947,7.40625,10.0,16.875,5.709337,-4.2172737,0.1316719,0.6399994,0.8577771
1017,-0.052938372,6.9005604,2.6268919,0.056252692,0.18942547,5.125,6.906555,11.625,5.5849605,0.31368068,4.2133107,2.052635,0.11442627,0.16866255,4.09375,5.5,9.1875,5.6073503,-2.6872497,-0.02076292,0.022389889,0.36661905
1018,0.25103316,14.147415,3.761305,0.07691396,0.628706,7.6875,10.625,18.875,6.5086303,0.16695723,11.800656,3.4352083,0.12454365,0.7972412,7.0,9.875,18.125,6.8570633,-2.3467588,0.16853523,0.34843302,0.08407593
1019,0.8093581,7.910689,2.8125947,0.033040732,0.11538792,5.78125,7.625,13.875,5.985925,0.6833703,4.9375286,2.222055,0.07598918,0.15293312,4.65625,6.125,9.9375,5.41903,-2.9731603,0.037545204,-0.566895,0.12598783
1020,0.035594627,7.01433,2.648458,0.04024273,0.22793436,5.21875,7.0625,12.75,6.0726304,-0.1724115,4.832663,2.1983318,0.057979938,0.3064139,4.34375,5.84375,10.875,6.2487245,-2.1816669,0.07847953,0.17609406,0.20800613
1021,0.21290413,9.291064,3.0481248,0.116828255,0.31098914,6.03125,8.31311,15.0,6.2411737,0.11958288,6.8693485,2.6209443,0.17713402,0.41600752,5.25,7.1875,12.3125,5.9934287,-2.4217157,0.10501838,-0.24774504,0.09332125
1022,0.021893464,8.567222,2.9269817,0.10893827,0.6476662,5.90625,8.1875,13.6875,6.035518,-0.1326958,6.128511,2.4755828,0.14498793,0.62627125,4.96875,6.844055,12.375,6.423893,-2.4387107,-0.021394968,0.3883748,0.15458927
1023,1.2039586,6.673013,2.5832176,0.030913932,0.20489693,5.59375,7.46875,13.3125,5.889843,0.52902365,4.0695353,2.017309,0.012681129,0.28165364,4.125,5.5625,10.375,6.29871,-2.603478,0.076756716,0.40886688,0.674935
1024,-0.4862145,7.298907,2.701649,0.10934582,0.26306057,5.40625,7.250305,11.25,5.180736,-0.43126914,4.2937517,2.0721369,0.13198708,0.32368517,4.1875,5.5625,9.5625,5.706526,-3.005155,0.0606246,0.52578974,0.05494535
1025,0.09909449,7.93645,2.8171706,0.059542302,0.16986823,5.5625,7.5,12.375,5.546806,0.13999118,5.343021,2.3114974,0.095341384,0.3084762,4.59375,6.25,11.0625,6.0668406,-2.593429,0.13860798,0.5200348,0.04089669
1026,-3.6284504,73.45955,8.570854,0.14499107,-0.02884078,17.75,23.25,33.5,4.4408345,-1.1787586,67.86443,8.2379875,0.106796905,0.030797958,16.25,21.37622,36.25,5.450523,-5.5951157,0.05963874,1.0096884,2.4496918
1027,-0.72594213,6.1498384,2.4798868,0.089951895,0.15803075,5.09375,6.6875,10.75,5.2226253,-0.5746785,3.7396603,1.9338201,0.11591996,0.35710645,3.96875,5.375,8.125,5.083433,-2.4101782,0.1990757,-0.1391921,0.15126365
1028,0.2533871,7.087345,2.662207,-0.043934654,0.21016693,5.3125,7.125,10.5,4.97054,0.19605088,4.2101607,2.0518677,-0.06478401,0.31800318,4.09375,5.53125,9.4375,5.8150187,-2.8771844,0.10783625,0.8444786,0.05733621
1029,0.588759,5.9328003,2.435734,-0.02314995,0.267797,4.9375,6.6875,13.0,6.5449753,0.20367397,3.3915255,1.8416095,0.0019221447,0.26108146,3.671875,4.90625,8.5625,5.849887,-2.5412748,-0.006715536,-0.6950884,0.38508505
1030,0.63133895,7.07709,2.66028,-0.06492755,0.2560866,5.40625,7.312805,12.5625,5.810601,0.25804842,4.689301,2.1654794,-0.2327736,0.84807515,4.25,5.84375,11.625,6.8012714,-2.3877888,0.59198856,0.9906702,0.37329054
1031,-0.59312385,6.0778522,2.4653301,0.07832248,0.1782434,4.96875,6.625,11.75,5.8231177,0.0046446105,3.8034093,1.9502331,0.070286304,0.27618217,3.859375,5.21875,8.6875,5.6441526,-2.274443,0.097938776,-0.17896509,0.5977685
1032,-0.10828772,6.413956,2.532579,-0.008519804,0.21499205,5.0,6.71875,11.1875,5.5744634,0.010357568,3.7350097,1.9326173,0.06143384,0.4571731,3.796875,5.250305,10.125,6.667198,-2.6789465,0.24218106,1.0927348,0.11864529
1033,-0.47976258,14.681398,3.8316312,0.008546667,0.38274598,7.75,10.3125,19.875,6.569163,-0.18947929,12.313734,3.509093,0.022818968,0.36676455,7.03125,9.375,18.375,6.692463,-2.3676643,-0.015981436,0.123300076,0.2902833
1034,0.060348444,6.917844,2.6301794,0.07546937,0.25719714,5.1875,7.0625,11.875,5.7148347,0.14494294,4.2246466,2.0553944,0.06305996,0.49798656,4.0625,5.656555,10.25,6.3622518,-2.6931973,0.24078941,0.64741707,0.084594496
1035,-0.0039710877,6.124412,2.474755,-0.03333594,0.25263977,4.875,6.53125,11.9375,6.10474,-0.15098076,3.2661915,1.8072608,-0.050828543,0.36721802,3.609375,4.875,9.0,6.328714,-2.8582206,0.11457825,0.22397375,0.14700967
1036,-0.42254668,7.416604,2.7233443,-0.0014159454,0.14088678,5.375,7.25,12.125,5.5436187,0.3303222,4.556455,2.1345854,-0.020337632,0.18562198,4.25,5.75,9.9375,5.8009157,-2.860149,0.044735193,0.25729704,0.7528689
1037,-0.92958516,20.080317,4.4811068,-0.1789987,0.46359324,9.1875,12.6875,21.375,5.9958262,-0.26830626,16.918766,4.1132426,-0.1936277,0.58048725,8.375,11.5,19.0,5.923473,-3.1615505,0.11689401,-0.07235336,0.6612789
1038,0.70701486,15.214643,3.9005952,0.15007494,0.05088544,7.875,10.3125,17.5,5.5576463,0.74571365,12.583895,3.5473785,0.1870199,0.086283684,7.25,9.4375,17.625,6.1513405,-2.6307478,0.035398245,0.5936942,0.038698792
1039,0.15118279,5.7389007,2.3956003,0.038017835,0.2034502,4.75,6.34375,11.75,6.188969,0.037624046,3.2378135,1.7993926,0.013682197,0.3149252,3.578125,4.875,7.78125,5.5060406,-2.5010872,0.11147499,-0.68292856,0.11355874
1040,0.21346572,6.228646,2.4957254,0.059445255,0.26627278,4.96875,6.6875,12.625,6.3906236,0.49442777,3.471511,1.8631991,0.15037595,0.2596159,3.828125,5.1875,9.0625,5.980644,-2.757135,-0.006656885,-0.40997934,0.28096205
1041,-0.40568322,7.4848866,2.735852,-0.12686022,0.28318262,5.4375,7.406555,15.4375,7.0709023,-0.42493573,4.702169,2.1684484,-0.059622638,0.10212636,4.375,5.875,11.0,6.2860174,-2.7827177,-0.18105626,-0.7848849,0.019252509
1042,0.47922388,6.1881037,2.4875898,0.023217281,0.38544893,5.0,6.844055,12.625,6.3454256,0.23173562,3.425408,1.8507857,0.023017935,0.3890016,3.688263,5.09375,9.0,6.1399107,-2.7626958,0.0035526752,-0.20551491,0.24748826
1043,-0.40945283,6.502248,2.5499506,-0.017270131,0.22115993,5.125,6.875,10.875,5.3427544,-0.42838398,3.5838125,1.893096,-0.070803896,0.29414225,3.875,5.21875,9.0,5.897853,-2.9184353,0.07298231,0.55509853,0.01893115
1044,0.33870924,6.327342,2.515421,0.0449191,0.12356758,4.9375,6.71875,11.625,5.776087,-0.27872053,3.451865,1.8579196,0.041855108,0.15772223,3.703125,4.9375,8.5625,5.7277093,-2.875477,0.034154654,-0.048377514,0.61742973
1045,-0.6488941,8.793226,2.9653375,0.06829777,0.21023297,5.96875,7.9375,13.0625,5.421562,-0.47727704,6.2153363,2.4930577,0.091484115,0.49714613,5.09375,6.9375,11.4375,5.7553473,-2.57789,0.28691316,0.33378506,0.17161703
1046,16.263512,517.55884,22.74992,-0.20265053,-0.47182035,51.75,62.75,84.0,3.5859785,15.24735,504.7403,22.466427,-0.1806279,-0.4613521,50.5,61.5,82.5,3.6396956,-12.8185425,0.010468245,0.053717136,1.0161619
1047,-0.26249528,6.4996424,2.5494397,-0.04677475,0.2231586,5.0625,6.75,12.5625,6.216837,-0.25589302,3.9871516,1.9967853,-0.023102067,0.32255745,3.984375,5.406555,10.25,6.4804173,-2.5124907,0.09939885,0.26358032,0.0066022575
1048,0.4618948,6.2215734,2.4943082,0.05081949,0.13555479,4.96875,6.6875,11.1875,5.561859,0.2449617,3.7145262,1.9273106,0.073595256,0.31720018,3.828125,5.281555,10.25,6.6887674,-2.5070472,0.1816454,1.1269083,0.21693312
1049,-0.5122319,6.4661345,2.5428596,0.011745919,0.34994602,5.125,6.969055,11.8125,5.7836494,-0.40304992,3.7430985,1.9347088,0.023486255,0.32463408,3.90625,5.25,9.3125,5.961433,-2.723036,-0.025311947,0.17778349,0.10918197
1050,1.284389,7.765367,2.786641,0.03286137,0.28976035,6.0,8.0,14.75,6.0684285,0.67261404,5.231678,2.2872863,0.054376837,0.36301804,4.71875,6.5,11.125,5.9447465,-2.533689,0.073257685,-0.12368202,0.611775
1051,-0.6319042,6.9704084,2.6401532,-0.0050000795,0.19349527,5.407776,7.15625,11.75,5.4793696,0.014211035,4.209956,2.0518177,0.018732505,0.32618546,4.095276,5.5625,8.75,5.441297,-2.7604523,0.13269019,-0.038072586,0.64611524
1052,0.2684051,7.02227,2.6499567,-0.010394219,0.093323946,5.3125,6.875,11.125,5.2564583,0.06926605,4.1088,2.0270176,0.023552852,0.28164458,4.0625,5.46875,8.5625,5.357258,-2.9134703,0.18832064,0.10079956,0.19913906
1053,-0.09055279,6.3213525,2.51423,-0.015598609,0.2204616,5.0,6.75,10.875,5.486667,-0.22658406,3.5185046,1.8757677,-0.101559065,0.33483672,3.796875,5.125,9.25,6.2342596,-2.8028479,0.114375114,0.74759245,0.13603127
1054,-1.5444243,7.35716,2.7124085,-0.024398858,0.25462985,6.15625,8.125,14.0,5.62961,-0.92821467,4.473424,2.115047,-0.007395307,0.25700188,4.564026,6.000305,11.0,6.0071187,-2.8837361,0.0023720264,0.37750864,0.6162096
1055,-0.44967294,6.330654,2.5160792,0.027423363,0.2016356,5.0625,6.75,10.625,5.26159,-0.47152597,3.6432116,1.9087199,0.036455084,0.28055167,3.875,5.25,8.0,5.145847,-2.6874425,0.07891607,-0.11574316,0.02185303
1056,-0.03281971,6.376241,2.525122,0.03271524,0.16717839,4.96875,6.71875,10.25,5.1241136,0.14727817,3.7531843,1.9373137,0.043334473,0.35149765,3.859375,5.21875,9.75,6.392223,-2.623057,0.18431926,1.2681093,0.18009788
1057,-0.6421812,6.6500273,2.5787647,-0.0011914658,0.14094877,5.25,6.96875,11.75,5.576134,-0.34521586,3.845071,1.9608853,0.09007548,0.34251451,3.953125,5.3125,9.375,5.9689274,-2.8049562,0.20156574,0.39279318,0.29696536
1058,0.84135646,6.8614197,2.6194313,-0.060335144,0.15165734,5.4375,7.125,12.1875,5.5651283,0.12328323,4.1122055,2.0278573,0.020592822,0.2315259,4.03125,5.46875,9.0625,5.654093,-2.7492142,0.079868555,0.08896446,0.71807325
1059,-0.3907808,6.5677624,2.5627646,-0.048840236,0.2088654,5.15625,6.875,11.75,5.7502155,-0.3903248,4.1508985,2.0373755,-0.04238053,0.25289798,4.09375,5.5625,8.6875,5.3109913,-2.416864,0.044032574,-0.43922424,0.00045600533
1060,0.7331635,6.558831,2.5610216,-0.12510447,0.18231845,5.1875,6.9375,12.625,5.932178,0.39677373,3.7309284,1.9315611,-0.13305826,0.45687342,3.921875,5.34375,9.0625,5.842611,-2.8279028,0.27455497,-0.089567184,0.33638975
1061,0.40906993,6.6430087,2.5774035,-0.060025595,0.19274688,5.15625,6.84375,11.8125,5.707704,-0.29348573,3.8928216,1.9730234,-0.0713523,0.22795749,3.984375,5.312805,9.625,6.119692,-2.7501872,0.03521061,0.41198778,0.70255566
1062,-1.2515477,8.567687,2.927061,-0.05196857,0.23214269,6.28125,8.5,13.3125,5.2930927,-0.8096037,5.8851457,2.425932,-0.12863825,0.41397572,5.09375,7.03125,12.4375,6.2254047,-2.6825414,0.18183303,0.932312,0.441944
1063,1.0385348,6.2805595,2.5061045,-0.0665668,0.22363734,5.3125,7.09375,10.75,4.978332,0.5159514,3.528493,1.8784283,-0.051123098,0.34044194,3.860138,5.28125,8.3125,5.4008603,-2.7520666,0.1168046,0.42252827,0.52258337
1064,0.881079,6.6397185,2.576765,0.045625247,0.24200654,5.375,7.21875,11.5,5.343754,0.4075965,4.0084143,2.0021024,0.017038204,0.35687375,4.0625,5.53125,9.5625,5.9582763,-2.6313043,0.11486721,0.61452246,0.47348252
1065,0.40736806,6.4162655,2.5330348,0.024856247,0.048725605,5.0,6.625,11.75,5.7566137,-0.34442875,3.6645575,1.9143034,-0.049528554,0.30808783,3.859375,5.28125,9.5625,6.2598443,-2.751708,0.25936222,0.5032306,0.75179684
1066,-0.22999546,7.056633,2.6564324,0.0063216058,0.25248766,5.28125,7.09375,13.0625,6.208141,0.13184083,4.127986,2.0317445,0.008312431,0.32213378,4.0625,5.5,8.875,5.546126,-2.928647,0.06964612,-0.66201496,0.36183628
1067,-0.2960254,6.441143,2.5379407,-0.12342973,0.18479681,5.0625,6.75,12.8125,6.345527,0.11119043,3.644814,1.9091396,-0.14347976,0.24212861,3.796875,5.09375,8.3125,5.502586,-2.796329,0.0573318,-0.8429413,0.40721583
1068,23.164742,628.5334,25.070568,-0.0026839706,-0.8935747,62.75,71.5,96.5,3.477356,23.712122,641.80176,25.333807,-0.04937046,-0.8559692,63.25,71.5,97.0,3.4238405,13.268372,0.037605524,-0.053515434,0.54738045
1069,-0.078348026,6.976838,2.6413705,-0.045754485,0.16979599,5.1875,7.031555,12.75,6.0861406,-0.21011601,4.4268703,2.104013,-0.033689503,0.2625444,4.189026,5.65625,9.3125,5.589594,-2.5499678,0.0927484,-0.49654675,0.13176799
1070,-1.0925545,14.7620325,3.842139,0.031951483,0.70042396,8.0,11.3125,17.75,5.6906013,-0.45807457,12.400946,3.5214977,0.03620137,0.8170693,7.25,10.25,16.125,5.880763,-2.3610868,0.116645336,0.1901617,0.6344799
1071,0.8351662,8.296337,2.8803363,-0.028717179,0.2541132,5.875,7.8125,16.25,6.828178,0.8718488,5.390156,2.321671,-0.021715248,0.34055042,4.84375,6.5625,13.0625,6.6420817,-2.9061813,0.086437225,-0.18609619,0.036682606
1072,-0.688517,8.43625,2.9045222,0.06535905,0.3053403,5.875,7.96875,13.5625,5.748749,0.08355449,5.5690384,2.359881,0.123830914,0.44979954,4.71875,6.46875,11.5,6.2226458,-2.8672113,0.14445925,0.47389698,0.7720715
1073,-0.6661011,12.573962,3.5459783,-0.012342142,0.6681504,7.34375,10.0625,17.25,6.203153,-0.3583278,9.995195,3.1615179,0.044858735,0.868021,6.5,9.00061,17.375,7.13574,-2.5787668,0.19987059,0.93258667,0.3077733
1074,0.4923173,6.5170693,2.5528553,-0.015615252,0.17795205,5.125,6.90625,12.1875,5.9027767,0.12813218,3.812629,1.9525955,-0.053673796,0.367198,3.875,5.21875,10.6875,6.9337373,-2.7044404,0.18924594,1.0309606,0.3641851
1075,0.5259608,7.3530045,2.7116425,-0.09020731,0.2508211,5.40625,7.28125,12.4375,5.6735554,0.014160254,4.6113687,2.1474097,-0.09911997,0.35250473,4.220276,5.71875,10.5625,6.251021,-2.7416358,0.10168362,0.57746553,0.5118005
1076,0.446139,7.0705905,2.659058,0.012654697,0.1018126,5.375,7.125,11.25,5.2685003,0.71243733,4.1181417,2.0293205,0.0036206073,0.16581368,4.25,5.625,10.1875,5.973389,-2.9524488,0.06400108,0.7048888,0.26629832
1077,0.57806283,7.0966663,2.6639569,0.09101947,0.1593175,5.40625,7.21875,12.1875,5.656027,0.26928017,4.4368486,2.1063828,0.121991225,0.41980338,4.25,5.84375,11.375,6.8481317,-2.6598177,0.2604859,1.1921048,0.30878267
1078,-1.0579997,6.9584436,2.6378863,0.02886085,0.18179035,5.5625,7.4375,11.5,5.08532,-0.7808815,4.218887,2.053993,0.041646905,0.28372073,4.375,5.8125,9.1875,5.275868,-2.7395568,0.10193038,0.19054794,0.2771182
1079,0.30842936,5.957736,2.4408474,0.0745377,0.2982316,4.875,6.5625,11.5,5.938904,0.16622119,3.5173774,1.8754673,0.06145656,0.31370473,3.71875,5.0625,9.375,6.316933,-2.4403586,0.015473127,0.37802935,0.14220817
1080,0.6482937,7.45096,2.7296448,0.05527411,0.3327284,5.59375,7.46875,13.3125,6.0350146,0.24022901,4.651449,2.1567218,0.12019502,0.4511652,4.375,6.000305,10.5625,6.2352138,-2.799511,0.11843681,0.20019913,0.40806466
1081,0.40272483,5.8656487,2.42191,0.047561582,0.29450083,4.875,6.5625,12.375,6.409069,-0.17328475,3.2254813,1.7959625,0.041063536,0.55422974,3.609375,5.0,8.625,6.11524,-2.6401675,0.2597289,-0.29382896,0.5760096
1082,0.06457782,16.025705,4.003212,0.15668532,0.4441061,8.0625,11.0625,22.75,7.2540197,0.08403711,13.449987,3.6674225,0.16061664,0.4651158,7.40625,10.125,16.375,5.7221174,-2.575718,0.021009684,-1.5319023,0.019459292
1083,0.079391785,5.8148856,2.4114075,-0.0105611,0.33111358,4.75,6.5625,10.1875,5.3665156,-0.31218725,3.7643995,1.940206,-0.36387998,2.0733342,3.828125,5.28125,13.125,8.657126,-2.050486,1.7422206,3.2906108,0.39157903
1084,-0.56470066,6.866567,2.6204135,0.030299246,0.19275236,5.25,6.96875,12.0,5.6177883,-0.35308263,4.082404,2.020496,0.027219908,0.27368832,4.03125,5.34375,9.75,5.9873724,-2.784163,0.080935955,0.36958408,0.21161804
1085,0.33542863,7.5059166,2.7396927,0.0082347905,0.460675,5.4375,7.531555,12.25,5.649625,0.026034765,4.9790606,2.231381,-0.03612622,0.884604,4.40625,6.125,12.4375,7.1515107,-2.526856,0.42392898,1.5018859,0.30939385
1086,0.66601145,6.2921863,2.508423,0.05251328,0.14944434,5.0625,6.844055,10.625,5.1714334,0.7967852,3.676852,1.9175119,0.06633681,0.31457686,4.125,5.46875,10.0625,6.1360636,-2.6153343,0.16513252,0.9646301,0.13077372
1087,-0.34768647,7.3549,2.7119918,0.16540134,0.37485242,5.375,7.375,11.25,5.2207036,-0.37612948,4.3693275,2.0902936,0.23119892,0.54130244,4.1875,5.75,9.625,5.7497544,-2.9855723,0.16645002,0.5290508,0.028443009
1088,0.4712669,7.448172,2.7291338,-0.15849929,0.27806592,5.4375,7.3125,13.875,6.310779,0.32406756,5.00085,2.236258,-0.27198663,0.60254455,4.46875,6.125305,13.25,7.4500165,-2.447322,0.32447863,1.1392374,0.14719933
1089,0.39609772,6.1110783,2.4720595,-0.05459048,0.20688605,4.96875,6.625,9.875,4.978402,0.3049682,3.4575484,1.8594484,-0.032882724,0.2550838,3.703125,5.0,8.1875,5.5066032,-2.65353,0.048197746,0.5282011,0.09112951
1090,0.46740502,6.2760377,2.505202,0.0126751615,0.28409457,5.125,6.84375,11.875,5.9189973,0.18181418,3.4905164,1.8682923,0.047062837,0.3290789,3.71875,5.03125,9.5625,6.473846,-2.7855213,0.04498434,0.5548487,0.28559083
1091,-0.019342175,5.7829843,2.4047837,-0.028050018,0.2062099,4.75,6.4375,10.375,5.4577637,-0.045206934,3.3551958,1.8317194,-0.008056197,0.3233149,3.625,4.96875,8.625,5.991298,-2.4277885,0.11710501,0.5335345,0.02586476
1092,-0.87032354,6.2049747,2.4909787,0.07213027,0.15518427,5.125,6.8125,11.875,5.6334405,-0.09998779,3.7860305,1.9457725,0.051909823,0.09128809,3.859375,5.09375,7.65625,4.9500837,-2.4189441,-0.06389618,-0.68335676,0.77033573
1093,0.07672674,6.7566376,2.5993533,-0.06255585,0.13071251,5.125,6.8125,12.125,5.8823385,-0.09652582,3.9485278,1.9870902,-0.101851664,0.4299605,3.96875,5.5,9.1875,5.89739,-2.8081098,0.29924798,0.015051365,0.17325255
1094,0.22788134,14.057461,3.7493281,-0.064619035,0.7778764,7.6875,10.75,18.25,6.318023,0.18497778,11.442766,3.3827157,-0.1720568,1.0028496,6.90625,9.875,16.75,6.4770803,-2.6146946,0.2249732,0.15905714,0.042903557
1095,-0.068732925,6.464819,2.5426009,0.105934136,0.3794949,5.0625,6.9375,11.625,5.8222623,-0.2026124,4.019545,2.0048804,0.2535901,0.60869336,4.03125,5.59375,8.6875,5.5177293,-2.4452739,0.22919846,-0.304533,0.13387948
1096,-1.0573773,6.868425,2.620768,0.098450236,0.30973363,5.5625,7.375,11.75,5.2215424,-0.7482748,3.9564762,1.9890893,0.13264704,0.5024767,4.1875,5.625,9.75,5.792466,-2.9119487,0.19274306,0.5709238,0.30910254
1097,-0.15246478,8.00715,2.8296907,-0.0032934465,0.47767448,5.6875,7.625305,14.25,6.415373,-0.22620983,5.7590365,2.3997993,-0.124062575,0.8192284,4.8125,6.8125,12.5625,6.7362485,-2.2481132,0.34155393,0.32087564,0.07374506
1098,-0.7223866,6.6885023,2.5862138,0.03411767,0.264318,5.34375,7.0625,11.25,5.306271,-0.8105485,4.1346984,2.0333958,-0.003790922,0.3079269,4.375,5.75,9.9375,5.745205,-2.553804,0.043608904,0.43893385,0.088161886
1099,1.064388,6.9815655,2.6422653,-0.05732313,0.27646255,5.625,7.375,13.4375,5.9376636,0.32773477,4.3183336,2.0780602,-0.18015432,0.52967,4.15625,5.65625,10.625,6.4139204,-2.6632318,0.25320745,0.47625685,0.73665327
1100,0.32337418,6.4379296,2.5373075,-0.04119121,0.28936172,5.0625,6.8125,12.375,6.128786,0.33463907,3.9422617,1.985513,0.025964754,0.3923955,3.984375,5.375,12.8125,8.080298,-2.495668,0.10303378,1.9515123,0.01126489
1101,-1.9665977,8.946985,2.991151,-0.027656024,0.19579077,6.9375,9.125,17.0,5.91793,-1.6127987,5.4717565,2.3391786,0.01228996,0.24906588,5.5,7.1875,12.875,5.634905,-3.4752288,0.05327511,-0.28302526,0.353799
1102,0.010729577,6.588183,2.5667455,-0.0069584185,0.26283383,5.0625,6.875,11.25,5.56127,0.24945615,3.8314192,1.9574012,-0.04599709,0.357064,3.90625,5.28125,8.9375,5.7470117,-2.7567637,0.094230175,0.18574142,0.23872657
1103,-0.9174093,6.6462865,2.5780392,0.058518752,0.1856718,5.4375,7.15625,11.25,5.17252,-1.1814847,3.9965293,1.9991322,0.02787267,0.18059778,4.5,5.9375,9.3125,4.9924383,-2.6497571,-0.005074024,-0.18008184,0.2640754
1104,0.7903542,6.667343,2.58212,0.028853718,0.14546108,5.34375,6.937805,12.4375,5.812893,0.3123549,4.094828,2.0235682,0.009829711,0.33421874,4.0625,5.5625,9.875,6.1228456,-2.572515,0.18875766,0.30995274,0.4779993
1105,1.0607567,6.854861,2.6181788,0.030261979,0.17755532,5.625,7.28125,13.75,6.140796,0.56769294,4.1563077,2.0387025,0.051725376,0.40890574,4.1875,5.78125,10.125,6.087019,-2.698553,0.23135042,-0.053777218,0.49306375
1106,-0.22132446,6.5281377,2.555022,-0.028472738,0.102483034,5.0625,6.65625,10.625,5.219593,-0.058158327,3.8838992,1.9707611,-0.02087518,0.19079423,3.90625,5.125305,9.1875,5.900068,-2.6442385,0.088311195,0.68047476,0.16316614
1107,-0.35261354,6.579953,2.565142,0.014362947,0.074644804,5.125,6.75,11.0,5.346348,-0.22070488,3.7992368,1.9491631,-0.017275086,0.23577595,3.859375,5.28125,8.1875,5.277949,-2.7807164,0.16113114,-0.06839895,0.13190866
1108,-1.1526223,11.885556,3.4475434,-0.010669382,0.102797985,7.15625,9.4375,15.3125,5.2996283,-1.0481681,8.557054,2.925244,-0.071722955,0.19618249,6.15625,8.25,14.25,5.7990336,-3.3285027,0.093384504,0.49940538,0.10445428
1109,0.22677207,6.334511,2.5168455,0.04309269,0.17574286,4.970276,6.6875,11.0625,5.534683,-0.21948032,3.929865,1.9823887,0.0009885156,0.36182404,3.953125,5.4375,9.875,6.2922106,-2.404646,0.18608117,0.75752735,0.4462524
1110,0.34943384,6.254079,2.5008156,-0.0231109,0.18981957,4.96875,6.6875,12.375,6.178854,0.10245637,3.4832418,1.8663445,-0.036307443,0.36327362,3.71875,5.125,7.875,5.372456,-2.770837,0.17345405,-0.8063979,0.24697748
1111,0.3726583,6.993902,2.6445987,0.06069792,0.17814064,5.3125,7.09375,11.1875,5.302678,0.34987143,4.1512213,2.0374546,0.06469843,0.28766298,4.125,5.59375,9.0625,5.5742927,-2.842681,0.10952234,0.27161455,0.022786885
1112,-0.9669589,6.8245125,2.6123767,0.039473377,0.21111798,5.4375,7.15625,13.4375,6.0639186,-0.50654685,3.900616,1.9749978,0.12688619,0.2747531,4.03125,5.281555,8.8125,5.437269,-2.9238966,0.06363511,-0.6266494,0.46041203
1113,-0.28863072,9.756531,3.1235447,0.0108862035,0.13906837,6.1875,8.31311,14.75,5.9286547,0.032202784,6.269315,2.50386,0.008494655,0.19719195,4.9375,6.625,12.125,6.1286654,-3.487216,0.05812359,0.20001078,0.3208335
1114,0.9270504,24.241016,4.9235168,0.047511417,0.21319199,9.875,13.31311,21.25,5.3657494,1.2340198,20.15534,4.48947,0.065323666,0.2976961,9.25,12.5,22.0,5.9928584,-4.085676,0.08450413,0.62710905,0.30696934
1115,0.68265665,6.634466,2.5757458,-0.054701064,0.21904087,5.21875,7.031555,11.125,5.260216,0.21813442,3.6870754,1.9201759,0.02307367,0.32515144,3.890625,5.219055,8.4375,5.569325,-2.9473908,0.10611057,0.30910873,0.46452224
1116,0.0041892272,10.248296,3.2012959,-0.05107793,0.51680756,6.40625,8.68811,15.6875,6.2974277,-0.32283473,7.755912,2.7849438,-0.021301031,0.5925312,5.65625,7.8125,13.1875,6.0539436,-2.492384,0.07572365,-0.24348402,0.32702395
1117,-0.43939433,6.5947,2.5680149,0.06510721,0.23555446,5.125,6.84375,11.0,5.339139,-0.31881768,3.702431,1.9241703,0.024802033,0.3115399,3.84375,5.28125,8.5,5.5327187,-2.892269,0.07598543,0.19357967,0.12057665
1118,0.5132154,6.5171447,2.5528698,0.03456465,0.14943624,5.125,6.812805,10.5,5.087137,0.18902005,3.799077,1.9491221,0.06412623,0.22738314,3.921875,5.1875,8.8125,5.6985373,-2.7180676,0.0779469,0.6114001,0.32419538
1119,-0.4403275,8.693944,2.9485495,-0.008625902,0.107405186,5.84375,7.75,13.6875,5.7590537,-0.43360233,6.046964,2.4590576,-0.02414535,0.050372362,4.84375,6.5,10.6875,5.369515,-2.6469798,-0.057032824,-0.38953876,0.0067251623
1120,0.5416958,6.833966,2.6141856,0.087623395,0.13883853,5.3125,7.125,11.4375,5.4276013,0.41955316,3.7981546,1.9488854,0.053198177,0.26758122,3.984375,5.375,9.0625,5.781704,-3.0358112,0.1287427,0.3541026,0.12214261
1121,-1.0288215,6.562864,2.5618086,0.0022759004,0.23401642,5.40625,7.25,12.75,5.8079195,-0.32203087,3.4138863,1.8476706,-0.037685078,0.18772411,3.71875,4.9375,9.875,6.6597543,-3.1489775,-0.046292305,0.8518348,0.70679057
1122,0.04915559,7.329869,2.7073731,-0.040653683,0.25565076,5.375,7.28125,11.25,5.2664604,0.011398779,4.4067855,2.0992346,-0.22451666,0.69351244,4.125,5.8125,10.8125,6.595696,-2.9230833,0.43786168,1.3292356,0.037756808
1123,-0.50349915,6.7382545,2.5958147,-0.041091647,0.18507862,5.1875,6.906555,13.875,6.624859,-0.18742539,4.2694163,2.0662565,0.008554526,0.30289197,4.15625,5.5625,10.25,6.2809544,-2.4688382,0.11781335,-0.3439045,0.31607378
1124,-1.0119561,10.44051,3.2311778,-0.033669934,0.4860804,6.78125,9.25,17.625,6.6322255,-0.70138234,7.251306,2.6928248,-0.12442694,0.49533677,5.625,7.75,12.0,5.533324,-3.1892037,0.009256363,-1.0989017,0.31057376
1125,-0.18858063,7.01341,2.6482844,0.009948202,0.17253447,5.25,7.0,11.0625,5.2682533,-0.14295773,4.410517,2.1001232,0.09207419,0.34827304,4.1875,5.6875,9.125,5.5007615,-2.6028929,0.17573857,0.23250818,0.0456229
1126,0.3172758,22.2413,4.7160683,0.0897145,0.06981182,9.25,12.375,22.25,5.8881545,0.3774063,19.45265,4.410516,0.12368172,0.26020265,8.8125,11.9375,20.375,5.8219724,-2.7886505,0.19039083,-0.06618214,0.060130507
1127,0.12179399,11.353812,3.369542,-0.09522425,0.7772205,7.0,9.56311,19.0,7.3673205,0.2259912,9.333368,3.055056,-0.11602957,0.89879274,6.40625,8.75,14.5625,6.2751555,-2.020444,0.121572256,-1.092165,0.10419721
1128,0.22825688,16.287062,4.035723,0.027385315,0.4699614,8.125,10.87561,19.25,6.161573,-0.005080127,13.650476,3.6946552,-0.005920827,0.56040406,7.53125,10.125,17.875,6.291213,-2.6365852,0.09044266,0.1296401,0.23333701
1129,0.8451682,5.8259087,2.413692,-0.021958262,0.16197395,5.001526,6.6875,10.6875,5.252695,0.29453748,3.4426534,1.8554388,-0.05859213,0.36967158,3.71875,5.09375,9.125,6.1689878,-2.3832552,0.20769763,0.91629267,0.5506307
1130,-0.17464498,6.591765,2.5674434,0.00496834,0.37789893,5.0625,7.0,11.25,5.5502205,0.25105387,3.7111504,1.9264346,-0.09994859,0.27014613,3.828125,5.15625,9.3125,6.04919,-2.8806145,-0.1077528,0.49896955,0.42569885
1131,0.7608302,12.818448,3.580286,-0.06471036,0.3095069,7.28125,9.75,16.375,5.673966,0.5798575,10.495262,3.2396393,-0.043299023,0.39412522,6.53125,8.87561,15.1875,5.8709345,-2.323186,0.08461833,0.19696856,0.1809727
1132,-0.2536551,6.83295,2.6139913,-0.005620296,0.291152,5.28125,7.031555,11.625,5.6349983,0.21323365,4.4588017,2.1115875,0.003408901,0.5248575,4.28125,5.875,11.1875,6.7707467,-2.3741484,0.23370552,1.1357484,0.46688876
1133,0.30643186,6.320613,2.514083,0.024246868,0.17930174,4.970276,6.719055,11.5,5.738453,-0.30022493,3.6724617,1.9163668,-0.0356238,0.25450993,3.828125,5.15625,9.25,6.0341,-2.6481512,0.07520819,0.29564714,0.6066568
1134,-0.3207855,6.7481937,2.5977285,-0.09054281,0.23312402,5.15625,7.0,12.0,5.8091497,-0.19164887,3.8300898,1.9570615,-0.16859996,0.25438404,3.890625,5.25,9.3125,6.0086837,-2.918104,0.021260023,0.19953394,0.12913662
1135,-0.6670526,12.728945,3.5677648,-0.051045805,0.3604622,7.1875,9.8125,16.125,5.650514,-0.38538375,9.903428,3.1469712,-0.11915135,0.49819946,6.375,8.8125,16.125,6.5309844,-2.8255167,0.13773727,0.8804703,0.28166887
1136,-0.23356526,6.6972117,2.587897,0.035190146,0.18885589,5.125,6.9375,11.0,5.336657,-0.25694647,4.1628647,2.04031,-0.007466925,0.3476467,4.0625,5.53125,9.9375,6.127642,-2.534347,0.15879083,0.7909851,0.023381218
1137,-0.6000548,10.302106,3.2096894,0.07239823,0.17726707,6.375,8.5,14.25,5.4903803,-0.13797094,7.06825,2.6586182,0.12580302,0.35678506,5.282776,7.15625,12.3125,5.8809037,-3.2338557,0.17951798,0.39052343,0.46208388
1138,-0.31760466,6.4977508,2.5490687,-0.028126948,0.17269611,5.0625,6.84375,10.6875,5.2520504,-0.093416624,3.9202726,1.9799678,0.015845578,0.22379923,3.9375,5.28125,8.8125,5.637694,-2.5774782,0.051103115,0.38564348,0.22418803
1139,0.0769866,9.748791,3.1223054,-0.036855355,0.54617405,6.28125,8.5625,15.9375,6.56246,-0.2115876,7.5311713,2.744298,-0.036933277,0.635406,5.5,7.65625,15.25,7.1507716,-2.2176194,0.08923197,0.5883117,0.2885742
1140,-0.48013437,6.397176,2.529264,0.024008857,0.20877242,5.0625,6.8125,12.0625,5.9089484,-0.45519406,3.4844477,1.8666675,-0.008261247,0.34326744,3.828125,5.125,9.75,6.4374714,-2.912728,0.13449502,0.52852297,0.024940312
1141,-0.05723546,6.9375377,2.6339207,0.061572142,0.20093465,5.1875,7.03125,10.75,5.150092,0.3347747,4.1592155,2.0394154,0.09939946,0.2197535,4.09375,5.5,9.0625,5.5584617,-2.7783222,0.018818855,0.40836954,0.39201015
1142,-0.023617571,10.246117,3.2009556,-0.09154101,0.13470197,6.3125,8.375,13.8125,5.4339643,0.043565135,6.7527556,2.5986066,-0.079236306,0.28821373,5.15625,6.96875,12.75,6.2239547,-3.493361,0.15351176,0.7899904,0.067182705
1143,-0.27453986,6.18474,2.4869137,-0.043420214,0.24130297,4.9375,6.625,11.0,5.5713754,-0.1594366,3.3987343,1.8435657,-0.13773349,0.40328145,3.6875,5.031555,9.875,6.797803,-2.7860057,0.16197848,1.2264276,0.11510326
1144,-0.4097323,7.5128474,2.7409575,-0.107135415,0.07843518,5.46875,7.34375,12.4375,5.665172,-0.019403368,5.029408,2.242634,-0.18523686,0.21569252,4.4375,6.0625,9.5,5.36569,-2.4834394,0.13725734,-0.29948187,0.39032894
1145,-0.41370732,7.3716836,2.7150846,-0.011185962,0.29818773,5.46875,7.375,12.375,5.7247114,-0.21299912,4.904809,2.2146804,-0.03710147,0.46352625,4.40625,6.0625,10.4375,5.9934983,-2.4668746,0.16533852,0.2687869,0.2007082
1146,-0.20192693,6.1844306,2.4868515,0.08513869,0.24904537,4.875,6.625,12.5625,6.360423,0.0087771,3.5226753,1.8768791,0.120335415,0.28229237,3.71875,5.0625,9.75,6.5942163,-2.6617553,0.033246994,0.23379326,0.21070403
1147,-0.9693377,7.1599874,2.6758153,-0.0049416074,0.12533379,5.564026,7.375,13.25,5.84204,-0.4197211,4.533952,2.129308,-0.055269007,0.23343754,4.28125,5.75,9.5625,5.5665283,-2.6260352,0.10810375,-0.27551174,0.5496166
1148,0.5818415,42.97443,6.5554886,-0.5391222,0.44876456,12.8125,17.5,30.0,5.707699,0.24259141,39.029694,6.247375,-0.55312467,0.63494325,12.5,17.25,28.625,5.830493,-3.9447365,0.18617868,0.12279415,0.33925012
1149,9.074739,131.7815,11.479612,1.3060359,2.2415423,33.0,47.75,63.25,6.050489,7.734381,133.17592,11.540187,1.5205836,3.131123,31.25,49.0,69.0,7.266028,1.3944244,0.8895807,1.215539,1.3403583
1150,1.4351833,25.495937,5.0493503,-0.0073371935,-0.14073253,10.375,13.125,21.875,5.155153,0.8273513,23.158928,4.812372,-0.06433419,0.0021789074,9.6875,12.5625,18.75,4.7806177,-2.3370094,0.14291143,-0.37453508,0.607832
1151,-0.37592494,6.952037,2.6366715,0.009075909,0.08190155,5.1875,6.9375,11.625,5.477484,-0.37010816,4.286025,2.0702717,0.02848762,0.19817114,4.1875,5.625,9.125,5.4874015,-2.6660118,0.11626959,0.009917259,0.0058167875
1152,-0.70563877,6.4947357,2.5484772,0.008880492,0.2337482,5.21875,7.0625,10.6875,5.125552,-0.22391216,3.768105,1.9411608,-0.108663306,0.47288132,3.875,5.375,9.5,6.2171793,-2.7266307,0.23913312,1.0916271,0.4817266
1153,-1.1599498,6.703857,2.5891807,-0.014101608,0.15168,5.53125,7.34375,13.875,6.134781,-0.7265464,3.8249328,1.9557436,0.017531058,0.22722292,4.0625,5.5,9.625,5.8000937,-2.8789241,0.07554293,-0.33468723,0.43340337
1154,-0.9173153,6.5932584,2.567734,0.10581643,0.30334258,5.3125,7.125,12.0,5.5233684,-0.44897667,3.7064106,1.925204,0.063087545,0.402076,3.9375,5.21875,9.5625,6.129258,-2.8868477,0.098733425,0.6058898,0.46833864
1155,-0.9020184,10.719379,3.2740464,0.0077526136,0.23273134,6.65625,9.0625,14.4375,5.3472567,-0.767859,7.2207804,2.687151,-0.031852935,0.2700932,5.5,7.406555,13.1875,5.962143,-3.498599,0.03736186,0.6148863,0.13415945
1156,-2.3445354,27.564959,5.250234,-0.040401753,0.3965211,11.5,15.25,27.0,5.9554343,-1.726952,24.34584,4.93415,-0.078363396,0.54340816,10.4375,14.25,27.75,6.7847695,-3.219118,0.14688706,0.8293352,0.6175834
1157,-0.10693432,6.0587754,2.461458,-0.03780968,0.14596772,4.875,6.5625,10.125,5.203871,-0.07754756,3.350373,1.8304024,-0.13569474,0.33206677,3.640625,4.9375,9.0625,6.2835007,-2.7084024,0.18609905,1.0796299,0.029386759
1158,-0.12988919,10.114743,3.1803684,0.05381365,0.6579728,6.5625,8.8125,14.9375,6.0986586,0.13776301,7.816143,2.7957366,0.11680252,0.8413987,5.75,8.0,13.0,6.0729175,-2.2986002,0.1834259,-0.0257411,0.2676522
1159,-0.45232663,9.293356,3.0485005,0.034992248,0.086188555,6.0625,8.0,12.1875,4.975084,0.41241747,5.7471666,2.3973248,-0.008725837,0.23330092,4.84375,6.4375,12.25,6.385098,-3.5461893,0.14711237,1.4100142,0.86474407
1160,-0.72192687,5.7220955,2.39209,-0.035062026,0.13113832,4.9375,6.59375,11.0,5.5578003,-0.5040646,3.3793237,1.8382937,-0.03334133,0.29990625,3.796875,5.1875,9.375,6.251696,-2.3427718,0.16876793,0.6938958,0.21786225
1161,-0.14088497,6.4826546,2.5461059,-0.018660547,0.1505034,5.0625,6.625,12.0625,5.9716496,0.079330444,3.8763871,1.9688543,-0.042832773,0.27500892,3.844513,5.25,9.875,6.3511157,-2.6062675,0.12450552,0.37946606,0.22021541
1162,-0.6079334,7.066115,2.6582165,0.029480504,0.1712668,5.375,7.21875,13.0,6.0089407,-0.46276948,4.3421383,2.0837798,0.052183587,0.20391893,4.1875,5.5625,10.5625,6.2354345,-2.7239766,0.03265214,0.22649384,0.14516392
1163,-0.015977075,8.721938,2.9532928,0.041169006,0.18075418,5.84375,7.844055,13.625,5.8310595,0.100499466,6.07217,2.4641774,0.058644988,0.17055011,4.875,6.46875,10.5,5.3919206,-2.6497684,-0.010204077,-0.4391389,0.11647654
1164,-0.19552454,7.0329413,2.6519694,-0.031848762,0.29837394,5.25,7.1875,12.125,5.786479,-0.4175147,3.8921907,1.9728636,0.025926024,0.4385147,4.03125,5.437805,9.8125,6.1923976,-3.1407506,0.14014077,0.4059186,0.22199017
1165,-0.2587296,6.9832735,2.6425884,-0.04802874,0.21795583,5.28125,7.09375,12.0,5.732161,-0.20144063,4.285016,2.070028,-0.091781616,0.3445506,4.125,5.59375,9.375,5.742339,-2.6982574,0.12659478,0.010178089,0.057288975
1166,0.04165227,5.513466,2.348077,0.018306738,0.13102078,4.625,6.21875,10.0625,5.403467,-0.04908242,3.2127872,1.7924249,0.022728639,0.2718475,3.546875,4.75,8.125,5.742635,-2.3006787,0.1408267,0.3391676,0.09073469
1167,-0.36940542,7.547499,2.7472713,0.021300469,0.16041946,5.5,7.25,12.25,5.5734873,-0.05865884,4.876387,2.2082543,0.042308107,0.4054029,4.40625,6.0625,10.25,5.920366,-2.671112,0.24498343,0.34687853,0.31074658
1168,0.21024272,5.850425,2.418765,-0.12653983,0.19907379,4.8125,6.3125,12.6875,6.5956926,-0.23898257,3.333502,1.825788,-0.03744225,0.14632058,3.65625,4.78125,8.625,5.9135795,-2.5169227,-0.05275321,-0.6821132,0.4492253
1169,-0.4750539,7.132764,2.6707234,-0.01996342,0.17102623,5.375,7.21875,11.6875,5.4464006,-0.32795003,4.635741,2.1530771,-0.04035277,0.25018716,4.34375,5.875,9.125,5.32565,-2.4970226,0.07916093,-0.12075043,0.14710388
1170,0.08966885,262.97076,16.216373,-19.04102,383.93634,7.0,10.6875,380.0,110.45065,0.28395155,206.8821,14.383396,-19.228985,396.70416,6.84375,10.75,352.0,109.38834,-56.08867,12.767822,-1.0623093,0.19428271
1171,0.2017717,5.9757037,2.4445252,0.05051916,0.20962214,4.875,6.5,11.375,5.866674,0.291089,3.5060143,1.8724355,0.01029793,0.40668154,3.765625,5.15625,9.5,6.379011,-2.4696894,0.1970594,0.5123372,0.08931729
1172,0.8112054,6.141725,2.4782505,0.041876096,0.2304616,5.125,6.875,13.625,6.613714,0.048784863,3.4342446,1.8531715,0.018374825,0.35692716,3.703125,4.96875,10.25,7.03924,-2.7074804,0.12646556,0.42552567,0.76242054
1173,1.4502422,8.223822,2.8677206,0.07594481,0.12117815,6.25,8.5,14.0,5.471121,0.7602628,5.284384,2.2987788,-0.011867538,0.2777462,4.75,6.5,10.9375,5.704717,-2.9394379,0.15656805,0.23359632,0.6899794
1174,0.028768377,6.0544424,2.4605777,0.031559225,0.11145258,4.84375,6.40625,10.1875,5.220491,0.3477646,3.6843035,1.919454,0.024971854,0.25326753,3.859375,5.25,8.25,5.363831,-2.370139,0.14181495,0.14334011,0.31899622
1175,-0.7903455,6.3657823,2.52305,0.009531866,0.20869923,5.15625,7.0625,11.0625,5.273161,-0.15076,3.6968875,1.9227291,-0.074235946,0.27129054,3.828125,5.1875,9.4375,6.208346,-2.6688948,0.062591314,0.93518496,0.6395855
1176,0.35740444,6.6019516,2.5694263,-0.008201071,0.17607903,5.125,6.781555,10.75,5.2359242,-0.12950805,3.6621594,1.913677,-0.0062665916,0.27527046,3.8125,5.187805,8.25,5.476257,-2.9397922,0.09919143,0.2403326,0.4869125
1177,1.0358666,7.264982,2.695363,-0.037253164,0.27308035,5.6875,7.5625,13.0,5.6763062,0.8204546,4.6358156,2.1530945,0.030901352,0.4510789,4.5625,6.25,12.5,6.887402,-2.6291666,0.17799854,1.2110958,0.21541202
1178,0.60135645,5.727636,2.393248,0.016648004,0.14074588,4.84375,6.5,10.875,5.5546336,0.46805343,3.6109238,1.900243,0.035450973,0.2668066,3.891388,5.21875,8.375,5.4284496,-2.116712,0.12606072,-0.12618399,0.13330302
1179,-0.9018278,6.7459674,2.5973,-0.020311376,0.17057443,5.375,7.25,13.25,6.058697,-0.5144488,3.934071,1.9834493,-0.03219194,0.282068,4.0625,5.406555,10.4375,6.459468,-2.8118963,0.11149359,0.40077066,0.387379
1180,-0.5588116,6.50031,2.5495706,-0.05907208,0.22858334,5.15625,7.0,12.1875,5.9227695,-0.18769248,3.7336714,1.932271,-0.09150956,0.31752682,3.875,5.3125,8.0,5.253702,-2.7666385,0.08894348,-0.6690674,0.37111914
1181,-0.40228638,6.84129,2.615586,0.005633997,0.15568066,5.25,7.031555,11.375,5.421386,0.16723262,4.130003,2.0322409,-0.051871937,0.23011708,4.03125,5.4375,8.9375,5.5473948,-2.711287,0.074436426,0.12600899,0.569519
1182,0.82244337,6.6963377,2.5877283,0.113688014,0.19104242,5.375,7.34375,12.75,5.9417562,0.44189596,4.00015,2.0000374,0.1200687,0.3290987,4.0625,5.59375,8.9375,5.558473,-2.6961875,0.13805628,-0.38328314,0.3805474
1183,0.19920468,6.733592,2.5949166,-0.025700143,0.15806603,5.125,6.875,11.375,5.5188074,0.31402734,3.9145308,1.9785173,-0.010986989,0.3626914,4.0,5.406555,10.375,6.5936284,-2.8190613,0.20462537,1.074821,0.114822656
1184,-0.57186866,6.1751943,2.4849937,0.023352722,0.15811014,5.0,6.6875,11.4375,5.6480384,-0.099771045,3.6114333,1.9003772,0.15769695,0.5459926,3.765625,5.125,9.6875,6.482739,-2.563761,0.38788247,0.8347006,0.4720976
1185,-1.0462126,7.176874,2.678969,-0.038676746,0.15249681,5.595276,7.594055,13.75,6.0112476,-0.5814243,4.6913424,2.1659508,-0.10517577,0.35391688,4.46875,6.09375,9.9375,5.6494455,-2.4855318,0.20142007,-0.3618021,0.46478826
1186,-0.10055513,6.781939,2.6042156,-0.0432332,0.20777583,5.15625,6.9375,11.8125,5.7510066,0.37550172,4.044523,2.0110998,-0.059327696,0.30658078,4.0625,5.40625,11.6875,7.226929,-2.7374163,0.09880495,1.4759226,0.47605684
1187,0.37921637,6.3406544,2.5180657,0.017494865,0.14544392,5.0625,6.75,11.0,5.4659276,0.24651617,3.924722,1.9810911,-0.052824836,0.3054459,3.953125,5.40625,8.125,5.16201,-2.4159324,0.160002,-0.3039174,0.1327002
1188,-0.24996091,6.6178327,2.5725148,0.06175909,0.12107062,5.125,6.78125,10.3125,5.01547,0.24521628,4.2459707,2.0605752,0.36721367,1.4631734,4.001526,5.59375,12.9375,8.051396,-2.371862,1.3421028,3.0359263,0.4951772
1189,-0.29796377,6.336803,2.5173008,0.01694929,0.14145136,4.96875,6.65625,11.1875,5.5669584,0.03211914,3.521695,1.8766179,0.013146791,0.27263975,3.703125,5.031555,8.125,5.4914894,-2.815108,0.1311884,-0.07546902,0.3300829
1190,0.62056494,6.9995885,2.6456735,0.032635953,0.19336009,5.34375,7.125,12.9375,6.0188475,0.119795285,4.347633,2.0850978,0.06067837,0.25861168,4.09375,5.59375,9.9375,6.0179353,-2.6519556,0.06525159,-0.0009121895,0.5007697
1191,0.15530017,8.191736,2.8621209,0.091062315,0.20739722,5.6875,7.5625,15.0,6.6151423,0.32593802,5.863166,2.4213974,0.2350893,0.5910804,4.8125,6.625305,12.9375,6.7651157,-2.3285704,0.3836832,0.14997339,0.17063785
1192,-0.49278402,6.0388103,2.4573991,-0.07383531,0.26610422,4.9375,6.65625,11.0625,5.595858,-0.70507663,3.6315997,1.9056756,-0.017794158,0.27812052,4.0,5.34375,9.25,5.755136,-2.4072106,0.012016296,0.15927792,0.21229261
1193,0.8674717,9.232329,3.0384748,0.1369711,0.11868787,6.25,8.4375,15.625,6.2455487,1.0524559,6.1364655,2.477189,0.052855235,0.09031057,5.34375,7.03125,11.5625,5.4049034,-3.0958638,-0.028377295,-0.8406453,0.1849842
1194,0.29463667,8.271136,2.8759582,-0.010182783,0.28854322,5.6875,7.78125,14.125,6.183973,-0.35160825,5.105422,2.2595181,-0.043655742,0.4033165,4.53125,6.15625,12.1875,6.769615,-3.1657143,0.11477327,0.58564234,0.6462449
1195,0.09345793,7.6247416,2.7612934,0.04982653,0.19677496,5.5,7.375,11.3125,5.2021103,0.36143845,4.385398,2.094134,0.07118087,0.21442246,4.25,5.6875,8.6875,5.197646,-3.2393436,0.017647505,-0.0044641495,0.26798052
1196,-0.29707423,6.7876506,2.605312,-0.059004404,0.17592096,5.15625,6.969055,11.5625,5.5759544,-0.4032809,4.0442395,2.0110295,-0.12891513,0.25177646,4.0625,5.5,9.0,5.5803256,-2.743411,0.07585549,0.004371166,0.106206685
1197,0.4480948,11.32977,3.3659723,-0.02096897,0.54263353,6.8125,9.375,19.0,7.1642356,0.13729644,8.6687155,2.9442682,-0.047177568,0.56320095,5.96875,8.1875,13.0625,5.7029467,-2.6610546,0.020567417,-1.4612889,0.31079835
1198,-0.6656809,7.4207454,2.7241044,-0.020432688,0.24031496,5.5,7.4375,12.3125,5.551006,-0.060079616,4.6190248,2.1491916,0.0076962677,0.38346004,4.28125,5.84375,10.1875,6.042169,-2.8017206,0.14314508,0.49116325,0.60560125
1199,0.31828848,6.8134913,2.6102664,0.039139803,0.23585606,5.21875,7.09375,11.5,5.554977,0.32552862,4.2868304,2.0704663,0.0748423,0.44336486,4.1875,5.75,9.25,5.6325703,-2.526661,0.2075088,0.07759333,0.0072401464
1200,-0.38669917,6.406265,2.53106,0.038699638,0.24859834,5.0625,6.78125,13.125,6.4845977,0.06912878,3.6465456,1.9095931,0.0067532957,0.25795102,3.78125,5.15625,8.5,5.6440353,-2.7597191,0.009352684,-0.84056234,0.45582795
1201,-0.93943185,8.20416,2.8642905,0.025451101,0.18527699,5.96875,7.9375,11.75,4.9207954,-0.42139393,5.355303,2.3141527,0.02978184,0.26235676,4.6875,6.25,10.9375,5.8946705,-2.848857,0.07707977,0.97387505,0.5180379
1202,-0.85359013,5.434631,2.3312294,-0.074717365,0.20434523,4.90625,6.625,11.0,5.6211643,-0.61585003,3.1242583,1.7675571,-0.03479447,0.22034693,3.6875,4.875305,9.1875,6.2002773,-2.3103726,0.016001701,0.579113,0.2377401
1203,-1.299529,6.716092,2.5915425,-0.023194028,0.14778996,5.625,7.375305,14.1875,6.1431866,-0.8411002,4.287804,2.0707014,-0.13336891,0.41295743,4.40625,6.03125,10.25,5.8271694,-2.428288,0.26516747,-0.31601715,0.45842874
1204,0.023029711,7.015187,2.64862,-0.008120979,0.25668168,5.28125,7.09375,12.625,6.035949,0.14646177,4.0395803,2.0098708,-0.0067378823,0.3231578,3.985138,5.406555,11.0,6.9225836,-2.9756064,0.06647611,0.88663435,0.123432055
1205,0.8084777,14.634318,3.8254828,0.015384437,0.30284214,7.75,10.4375,17.125,5.552632,0.25455368,12.01594,3.4664016,-0.00908309,0.338207,6.9375,9.4375,16.375,6.009922,-2.6183786,0.035364866,0.45729017,0.553924
1206,0.110493496,6.428274,2.5354042,0.0628911,0.16852474,5.0625,6.75,10.375,5.1683292,0.61310333,3.9295218,1.9823022,0.10245968,0.2766323,4.09375,5.625,8.6875,5.3269024,-2.4987524,0.10810757,0.15857315,0.50260985
1207,-0.09397007,11.306482,3.3625114,-0.002897875,0.23510456,6.71875,8.9375,15.0,5.6836724,-0.3205938,8.736789,2.955806,-0.034076843,0.34166574,6.0,8.125,13.0,5.589814,-2.5696936,0.106561184,-0.09385824,0.22662374
1208,-0.2015661,6.7787232,2.603598,-0.08666565,0.15107775,5.09375,6.875,11.5625,5.5829787,0.06449814,4.1422796,2.035259,-0.120480895,0.33808422,3.984375,5.53125,10.0,6.2150264,-2.6364436,0.18700647,0.63204765,0.26606423
1209,-0.15888062,5.640893,2.3750565,0.05665862,0.29852223,4.6875,6.4375,11.1875,5.962803,-0.3512617,3.4944987,1.8693578,0.010619117,0.31546783,3.796875,5.125305,8.5,5.6723456,-2.1463943,0.0169456,-0.29045725,0.19238108
1210,0.12668401,6.6352463,2.5758972,-0.05623585,0.17032814,5.09375,6.8125,11.875,5.8237596,0.12081066,4.030966,2.0077264,-0.093668215,0.30161524,3.96875,5.375,9.375,5.9181347,-2.6042805,0.1312871,0.09437513,0.0058733523
1211,0.33927426,8.274554,2.8765526,0.013446229,0.20511651,5.75,7.594055,13.125,5.7361608,0.53498876,5.736744,2.3951502,-0.044229385,0.3275187,4.84375,6.5625,10.625,5.470061,-2.5378103,0.12240219,-0.26609993,0.1957145
1212,0.806415,6.1392727,2.4777555,-0.04602447,0.23636532,5.125,6.844055,12.625,6.0909247,0.33270803,3.6600573,1.9131277,-0.0074841822,0.36307597,3.828125,5.21875,9.5,6.2031407,-2.4792154,0.12671065,0.112215996,0.473707
1213,-0.21921182,7.781244,2.789488,0.08671881,0.3705969,5.5625,7.46875,15.4375,7.0142274,0.16121897,5.371529,2.317656,0.10671197,0.4100604,4.65625,6.375,11.25,6.183636,-2.4097147,0.03946352,-0.8305912,0.3804308
1214,0.2664541,6.4840713,2.5463839,-0.08045354,0.17869616,5.0625,6.78125,10.625,5.2337546,0.17847021,3.860781,1.964887,-0.06676734,0.25286484,3.921875,5.219055,8.5,5.45964,-2.6232903,0.07416868,0.22588539,0.08798389
1215,-0.17308575,12.120626,3.481469,-0.1475642,0.6051035,7.09375,9.62561,17.25,6.4001164,-0.10002173,9.747302,3.122067,-0.24292734,0.62321043,6.34375,8.5625,15.0,6.226513,-2.3733244,0.018106937,-0.17360353,0.07306402
1216,0.101534694,7.1602674,2.6758676,0.01618827,0.22928572,5.34375,7.156555,11.5,5.4486833,0.24832837,4.45257,2.1101115,-0.1001894,0.4478197,4.1875,5.8125,9.75,5.8425407,-2.7076974,0.218534,0.39385748,0.14679368
1217,0.40035236,8.662102,2.9431448,0.0684981,0.18919206,5.875,7.812805,14.125,6.031189,0.41354766,5.905828,2.430191,-0.00613413,0.305717,4.9375,6.5625,11.0625,5.7133517,-2.7562737,0.116524935,-0.31783724,0.013195306
1218,0.0036709167,5.9787865,2.4451556,0.06979154,0.23177028,4.84375,6.53125,11.0625,5.7256556,-0.32315975,3.567114,1.8886806,0.17256409,0.6143768,3.78125,5.25,11.3125,7.501133,-2.4116724,0.3826065,1.7754774,0.3268307
1219,-0.49783286,6.9928155,2.6443932,-0.03474284,0.16090608,5.40625,7.0625,11.5625,5.4398513,-0.18707643,4.2108808,2.052043,-0.012591386,0.1557486,4.09375,5.4375,8.6875,5.3436112,-2.7819347,-0.0051574707,-0.09624004,0.31075644
1220,0.54356766,6.7066545,2.589721,0.0011588368,0.22699356,5.25,7.09375,12.75,6.0861874,0.105439015,4.163029,2.0403502,0.025966194,0.27384996,4.0625,5.4375,10.8125,6.7291527,-2.5436254,0.046856403,0.6429653,0.43812865
1221,-0.53277504,6.169381,2.4838238,-0.06438053,0.19813848,5.0,6.75,11.5625,5.7600346,0.09344936,3.457653,1.8594766,-0.031353034,0.38441372,3.65625,5.0,10.4375,7.11478,-2.711728,0.18627524,1.3547454,0.6262244
1222,0.6275933,6.0615396,2.4620194,0.1020106,0.15739465,5.03125,6.75,13.875,6.915672,0.6338833,3.533895,1.8798656,0.07580473,0.34519935,3.953125,5.40625,9.625,6.183284,-2.5276446,0.1878047,-0.732388,0.0062900186
1223,-1.3745259,6.5106683,2.5516012,-0.040633008,0.26791883,5.71875,7.625,12.4375,5.403559,-0.63732004,3.9173863,1.9792389,0.035562783,0.320637,4.09375,5.53125,8.9375,5.4380836,-2.593282,0.052718163,0.03452444,0.73720586
1224,0.60609263,5.9898896,2.4474251,0.0668692,0.13178682,5.0,6.5625,11.5,5.7604465,0.32049102,3.5032222,1.8716897,0.08623537,0.29669023,3.796875,5.125,8.625,5.7812066,-2.4866674,0.1649034,0.02076006,0.28560162
1225,-0.30936527,6.3818564,2.5262337,0.081131384,0.19533324,5.03125,6.6875,11.75,5.8286233,0.024402369,3.805209,1.9506944,0.027571643,0.34105396,3.9375,5.25,8.625,5.6381254,-2.5766475,0.14572072,-0.19049788,0.33376765
1226,0.59570295,6.7327976,2.5947635,0.009130218,0.2765696,5.25,6.937805,11.4375,5.4438214,0.09628004,4.0397224,2.009906,-0.066792935,0.42459488,4.03125,5.46875,10.8125,6.8547764,-2.6930752,0.14802527,1.410955,0.4994229
1227,-0.024989178,5.994499,2.4483666,0.082807496,0.35547733,4.84375,6.625,10.875,5.647899,0.2529819,3.315817,1.8209385,-0.00812175,0.38991928,3.640625,5.0,8.5625,5.9224954,-2.678682,0.034441948,0.2745962,0.2779711
1228,-0.83918035,27.441376,5.2384515,0.32516217,0.50787735,10.375,14.125,25.125,6.0220556,-0.48659122,24.785763,4.9785304,0.36422575,0.62248206,10.0,13.6875,21.25,5.4462543,-2.655613,0.11460471,-0.5758014,0.35258913
1229,-0.8516962,6.5677037,2.5627532,0.07373786,0.25418139,5.3125,7.0625,12.5625,5.860736,-0.12054458,3.8087435,1.9516002,0.17464297,0.47454858,3.890625,5.4375,10.75,6.995786,-2.7589602,0.2203672,1.1350503,0.7311516
1230,-0.21019307,6.599153,2.5688818,-0.009107755,0.2369287,5.125,6.875305,11.6875,5.749778,0.11095,4.052256,2.0130217,0.0674416,0.37556028,4.03125,5.5625,9.5,6.0059485,-2.546897,0.13863158,0.25617075,0.32114306
1231,-0.51432556,6.5060773,2.5507014,0.026690733,0.14449859,5.125,6.78125,13.125,6.3674397,-0.3970952,3.7555563,1.9379258,-0.091000274,0.27636647,3.9375,5.34375,8.3125,5.3383937,-2.750521,0.13186789,-1.029046,0.117230356
1232,0.4542003,6.5796328,2.5650795,0.08361539,0.17923284,5.15625,6.84375,12.75,6.1778784,0.31271377,3.7028232,1.9242721,0.041043557,0.21631289,3.875,5.187805,9.5625,6.208629,-2.8768096,0.03708005,0.030750751,0.14148653
1233,-0.56149507,6.4989543,2.5493047,0.06850486,0.13905358,5.125,6.719055,10.6875,5.13863,-0.16892901,3.7482324,1.9360353,0.039800342,0.25990963,3.8125,5.25,8.375,5.446914,-2.750722,0.12085605,0.30828428,0.39256606
1234,-10.344832,10.96201,3.3108926,0.10670752,0.13504982,15.625,17.875,22.125,2.1380131,-13.212495,7.0666256,2.6583126,0.011597422,0.4271326,17.5,19.5,25.5,1.9299912,-3.8953848,0.2920828,-0.20802188,2.8676624
1235,0.49008125,6.0730634,2.4643586,-0.0023483932,0.13645267,5.0,6.625,10.5,5.2774796,0.10763052,3.574445,1.8906202,-0.08893175,0.7056353,3.765625,5.1875,10.0,6.770629,-2.4986184,0.56918263,1.4931493,0.38245073
1236,-0.027537292,11.447869,3.38347,-0.006306669,0.0743525,6.625,8.75,16.375,6.0872765,-0.4969227,8.33702,2.88739,-0.01825873,0.18585205,5.78125,7.65625,13.5,5.8237495,-3.1108494,0.11149955,-0.26352692,0.46938542
1237,-0.6149183,7.6901617,2.773114,-0.012044502,0.17717266,5.625,7.5,12.3125,5.46402,-0.44038343,4.933694,2.221192,0.032460235,0.20314336,4.5,5.9375,10.0,5.588978,-2.7564678,0.025970697,0.12495804,0.17453486
1238,-0.8858336,6.020498,2.4536703,0.06653135,0.07929635,5.0625,6.625305,11.0,5.27205,-0.43611315,3.4031472,1.8447621,0.06970337,0.10648537,3.734375,4.90625,7.625,5.0634055,-2.6173506,0.027189016,-0.20864439,0.44972047
1239,0.29996964,6.298147,2.509611,0.058674466,0.16081715,4.96875,6.625,11.375,5.674646,0.18373147,3.8329911,1.9578027,0.07654508,0.21526742,3.921875,5.187805,8.9375,5.765944,-2.465156,0.054450274,0.0912981,0.11623818
1240,-0.9808302,8.961417,2.9935627,-0.07943601,0.10471511,6.1875,8.375,12.8125,5.132632,-0.22908096,6.009583,2.451445,-0.10479362,0.27500176,4.875,6.65625,9.8125,5.0604806,-2.9518342,0.17028666,-0.072151184,0.7517492
1241,-0.17896642,5.9299073,2.4351401,-0.027441356,0.29891396,4.8125,6.4375,16.125,8.367548,-0.038797528,3.2044976,1.7901111,-0.021400604,0.35532618,3.53125,4.875305,8.25,5.876822,-2.7254097,0.05641222,-2.490726,0.14016889
1242,-0.23799899,6.52572,2.554549,0.023380425,0.2247858,5.0625,6.8125,10.6875,5.266615,0.017516358,4.1334844,2.0330973,0.10357746,0.29315734,4.03125,5.4375,9.125,5.70258,-2.3922358,0.068371534,0.43596506,0.25551534
1243,-0.53826815,6.5784492,2.5648487,0.040472403,0.15523672,5.1875,6.875,11.1875,5.38635,0.045601398,3.956039,1.9889793,0.20436162,0.9492619,3.90625,5.4375,12.25,7.9014964,-2.6224103,0.7940252,2.5151463,0.5838696
1244,-0.3250753,6.9281173,2.6321318,-0.08000722,0.10350633,5.1875,7.0,11.6875,5.547268,-0.14372823,4.4360647,2.1061966,-0.051970005,0.105490446,4.1875,5.59375,8.625,5.1416516,-2.4920526,0.0019841194,-0.40561628,0.18134707
1245,0.73189616,7.5038686,2.739319,-0.025670715,0.34487724,5.625,7.562805,12.4375,5.550698,0.39550498,4.87018,2.2068484,-0.14093843,0.5156369,4.46875,6.09375,10.375,5.9086733,-2.6336884,0.17075968,0.35797548,0.33639118
1246,0.039558332,13.401438,3.6607974,0.059060447,0.6532495,7.40625,10.375,18.375,6.490389,-0.18229981,10.903282,3.3020117,0.1230512,0.86544204,6.65625,9.5,15.625,6.1481433,-2.4981556,0.21219254,-0.34224558,0.22185814
1247,-0.60175866,6.5632405,2.5618823,-0.002258658,0.13067913,5.21875,6.875,10.5,5.0309696,-0.290557,3.874786,1.9684476,-0.007560735,0.2650435,3.984375,5.3131104,9.1875,5.856397,-2.6884546,0.13436437,0.82542753,0.31120166
1248,0.70146567,6.179248,2.4858093,-0.044635814,0.15266323,5.09375,6.6875,11.375,5.5322714,0.6433417,3.5670383,1.8886604,-0.021161102,0.2471385,3.953888,5.25,9.4375,5.973197,-2.6122096,0.09447527,0.4409256,0.058123946
1249,-0.4121297,7.2594686,2.69434,-0.054599557,0.23089194,5.4375,7.25,12.5625,5.8366113,-0.4590575,4.427244,2.1041017,-0.0675727,0.244488,4.25,5.71875,11.1875,6.576004,-2.8322244,0.013596058,0.73939276,0.04692781
1250,-2.9782224,47.46888,6.889766,-0.060056414,-0.021971703,14.625,19.5,34.0,5.681894,-2.632032,43.265415,6.5776453,-0.082070254,0.03991127,13.875,18.625,30.625,5.4382977,-4.2034645,0.061882973,-0.24359608,0.34619045
1251,0.29525277,6.968811,2.6398506,0.0408432,0.20585132,5.25,7.03125,11.375,5.414269,-0.024859034,4.5157814,2.1250367,0.10569984,0.23452139,4.21875,5.59375,9.3125,5.559582,-2.4530296,0.028670073,0.14531326,0.3201118
1252,0.8215006,11.759668,3.4292374,0.19205607,0.2162571,6.96875,9.5625,18.875,6.793166,0.47282138,9.74759,3.122113,0.42783582,1.1474457,6.1875,9.0,19.375,7.953774,-2.0120783,0.9311886,1.1606078,0.3486792
1253,0.4729936,11.590942,3.4045472,-0.006243442,0.73666406,6.875,9.625,19.0,7.10506,0.2901993,9.581188,3.0953496,-0.050433658,0.68917227,6.34375,8.625,16.0,6.667676,-2.0097542,-0.04749179,-0.43738413,0.1827943
1254,-0.21034351,7.022456,2.6499918,-0.05079887,0.2210741,5.25,7.125,10.875,5.1703253,-0.25554493,4.3148565,2.0772233,-0.06770602,0.297513,4.157776,5.625,9.375,5.6991434,-2.7075996,0.076438904,0.52881813,0.04520142
1255,0.29376602,19.696285,4.43805,0.12690622,0.122876644,8.875,11.8125,18.5,5.2884455,0.16203408,17.09318,4.13439,0.106575005,0.19901633,8.3125,11.0,16.875,5.188373,-2.6031055,0.07613969,-0.100072384,0.13173194
1256,-1.3287334,21.440825,4.630424,-0.02877966,0.33339405,9.4375,12.875,24.75,6.5014343,-0.5505998,19.084661,4.3685994,-0.0762168,0.5350225,8.690552,12.125,21.75,6.3353934,-2.356163,0.20162845,-0.1660409,0.77813363
1257,-1.0297263,6.9855766,2.6430242,-0.030089535,0.15074444,5.5625,7.375,13.125,5.815336,-0.67464036,4.629413,2.151607,-0.08918125,0.34382677,4.439026,6.15625,11.125,6.263189,-2.3561635,0.19308233,0.4478526,0.3550859
1258,-0.2682984,6.411928,2.5321786,-0.10100702,0.14939642,5.0625,6.75,10.5625,5.2419353,-0.28563336,3.78539,1.9456079,-0.21298948,0.44514227,3.921875,5.4375,9.125,5.938942,-2.6265383,0.29574585,0.6970067,0.017334968
1259,-0.44251022,6.2894616,2.50788,-0.0622727,0.17201543,5.03125,6.71875,11.3125,5.6191425,-0.2749555,3.527761,1.8782334,-0.07261379,0.28635383,3.734375,5.15625,8.0625,5.399296,-2.7617006,0.1143384,-0.21984673,0.1675547
1260,0.15693477,6.9448314,2.6353047,0.02121057,0.20856953,5.15625,7.03125,12.0625,5.771147,-0.19862396,3.8718202,1.9676942,0.060693014,0.40688157,3.921875,5.34375,10.125,6.512017,-3.0730112,0.19831204,0.74087,0.35555872
1261,-5.3620367,107.57409,10.371793,-0.4615711,-0.19347525,24.375,31.0,45.0,5.101182,-5.910675,115.69239,10.75604,-0.49184403,-0.10896993,25.75,33.0,45.25,4.918388,8.118301,0.08450532,-0.1827941,0.54863834
1262,0.5339091,6.438052,2.5373318,0.002159261,0.2257998,5.15625,6.875,11.375,5.564236,0.03409746,3.8445153,1.9607435,-0.013372811,0.344203,3.875,5.28125,9.9375,6.446447,-2.5935369,0.1184032,0.88221073,0.49981162
1263,-0.10004749,7.148311,2.6736326,-0.02830862,0.29880786,5.34375,7.125305,12.25,5.8205986,0.08567927,4.61758,2.1488554,0.0072231977,0.29608274,4.28125,5.8125,9.8125,5.7988567,-2.5307312,-0.0027251244,-0.021741867,0.18572676
1264,0.6885941,7.4211507,2.7241788,0.0025702456,0.049551964,5.53125,7.28125,11.75,5.255802,0.27311736,4.4470124,2.108794,-0.032809958,0.27015376,4.21875,5.75,9.0625,5.3960595,-2.9741383,0.2206018,0.14025736,0.41547674
1265,0.09555305,10.795803,3.2856967,-0.077997856,0.60909224,6.625,9.25,15.0,5.8748703,0.102009274,8.578806,2.9289598,-0.05616506,0.70491266,6.0,8.25,14.375,6.3583646,-2.2169971,0.09582043,0.48349428,0.006456226
1266,0.21870178,6.1155257,2.4729588,0.014327574,0.1935544,4.9375,6.46875,11.5,5.8478355,0.049909912,3.6855164,1.9197699,-0.013202809,0.28694272,3.78125,5.15625,9.0625,5.9829054,-2.4300094,0.09338832,0.13506985,0.16879186
1267,-1.0118146,7.6499095,2.765847,-0.018833427,0.34893656,5.8125,7.84375,14.0,6.0186853,-0.6426878,4.7228713,2.1732168,0.058085285,0.6724627,4.46875,6.15625,10.0,5.6181355,-2.9270382,0.32352614,-0.4005499,0.3691268
1268,-0.87896466,8.446641,2.9063106,-0.09826633,0.38731503,5.9375,8.3125,14.5625,6.0760036,-0.67960066,5.2392645,2.288944,-0.25980428,0.98603034,4.65625,6.625305,13.0,6.9875956,-3.2073765,0.5987153,0.911592,0.199364
1269,-0.21153702,5.1882086,2.2777638,0.034692,0.25150704,4.5,6.094055,10.375,5.7508035,-0.4986589,2.8467526,1.6872323,0.009787615,0.2365241,3.46875,4.71875,6.875,4.9364777,-2.341456,-0.014982939,-0.8143258,0.2871219
1270,0.7699473,6.7640514,2.600779,0.058042604,0.12605906,5.40625,7.125305,11.25,5.2463255,0.64816785,3.985297,1.9963208,0.07317,0.2999854,4.1875,5.59375,10.375,6.2753553,-2.7787545,0.17392635,1.0290298,0.12177944
1271,-0.7503984,7.012783,2.648166,-0.011983525,0.21916294,5.4375,7.1875,12.6875,5.822719,-0.32303405,4.136104,2.0337415,-0.034472387,0.39313436,4.125,5.53125,9.9375,6.1555386,-2.876679,0.17397141,0.33281946,0.42736435
1272,-0.83679384,17.381037,4.169057,-0.12499796,0.2800336,8.4375,11.56311,22.75,6.818674,-0.5097108,14.539003,3.8130045,-0.10493797,0.34330988,7.65625,10.5,20.0,6.6442914,-2.8420334,0.06327629,-0.17438269,0.32708305
1273,-0.7776166,7.104808,2.6654844,0.00645983,0.1307888,5.46875,7.25,12.1875,5.5263925,-0.6410502,4.285823,2.0702229,-0.013499977,0.23229766,4.3125,5.6875,10.375,6.0498037,-2.818985,0.101508856,0.5234113,0.1365664
1274,-0.04082593,6.19106,2.488184,-0.029709749,0.23394847,4.9375,6.65625,10.375,5.285272,-0.26589963,3.6446884,1.9091067,-0.15457833,0.45799994,3.796875,5.3125,9.4375,6.253737,-2.5463717,0.22405148,0.96846485,0.2250737
1275,0.12217303,12.170172,3.4885774,0.10013409,0.32881165,6.90625,9.375,17.25,6.2676573,-0.07707474,9.067362,3.0112062,0.26874337,0.88159037,5.84375,8.1875,19.125,8.089452,-3.10281,0.5527787,1.8217945,0.19924778
1276,0.2285025,13.2398,3.6386538,0.13277262,0.57750964,7.375,10.125,18.625,6.615398,0.36878908,10.409007,3.2262993,0.06309226,0.83067703,6.65625,9.12561,16.875,6.7874722,-2.8307934,0.2531674,0.17207432,0.14028658
1277,-0.14006181,6.1727037,2.4844925,0.080783404,0.11904597,4.875,6.5,11.25,5.6780834,0.03494081,3.5940387,1.895795,0.10254175,0.3124256,3.78125,5.0625,8.5,5.70189,-2.578665,0.19337964,0.023806572,0.17500262
1278,0.13259608,6.9493904,2.6361697,-0.010524566,0.18431139,5.21875,6.9375,11.25,5.387239,0.04377717,4.164108,2.0406146,0.018639468,0.29231262,4.0625,5.46875,11.8125,7.3516474,-2.7852826,0.10800123,1.9644084,0.08881891
1279,-0.023469934,12.080746,3.4757366,-0.024235746,0.31676483,6.96875,9.375,14.75,5.418316,0.23093633,9.483082,3.0794613,0.051868226,0.41889215,6.28125,8.43811,13.75,5.709452,-2.5976639,0.10212731,0.29113626,0.25440627
1280,-1.4171133,6.8314877,2.6137114,-0.08708152,0.22231174,5.78125,7.875,12.0625,5.1037726,-1.2118692,4.0454597,2.0113328,-0.24750543,0.6822574,4.59375,6.34375,11.5625,6.270888,-2.786028,0.45994568,1.1671152,0.20524406
1281,-2.3603997,57.920288,7.610538,0.1289043,0.0978539,15.625,20.25,31.625,4.9659796,-1.2280703,52.144966,7.221147,0.10858247,0.14443254,14.5,19.25,30.875,5.30327,-5.775322,0.046578646,0.3372903,1.1323295
1282,-2.1343281,7.035115,2.652379,-0.050063103,0.12542415,6.59375,8.5625,12.75,4.631643,-1.2757607,4.1280737,2.0317662,-0.16482425,0.497041,4.657776,6.375,11.0,5.7862296,-2.907041,0.37161684,1.1545868,0.8585675
1283,-0.45543012,6.205859,2.491156,0.01502654,0.22100854,5.0,6.71875,12.5625,6.2848496,-0.3154791,3.9545367,1.9886017,-0.014490702,0.30233502,3.96875,5.34375,10.0,6.2940273,-2.2513225,0.081326485,0.009177685,0.13995102
1284,0.942943,7.412888,2.722662,-0.026406413,0.17621088,5.6875,7.53125,12.5,5.459332,0.19299006,4.661525,2.1590564,0.026356839,0.24588704,4.3125,5.78125,9.125,5.3449793,-2.7513633,0.06967616,-0.1143527,0.7499529
1285,-0.47917384,6.4518957,2.5400581,-0.094151445,0.27269173,5.125,6.84375,12.75,6.2633615,-0.1852438,3.8277695,1.9564686,-0.006409117,0.43169427,3.84375,5.28125,9.25,5.975344,-2.6241262,0.15900254,-0.28801727,0.29393005
1286,0.02744873,11.626128,3.409711,-0.09950862,0.62501,6.96875,9.625,16.125,6.1352644,-0.16537842,9.085055,3.0141425,-0.19352074,0.6949327,6.21875,8.5625,14.5625,6.3084564,-2.5410728,0.069922686,0.17319202,0.19282715
1287,0.9547872,6.8230767,2.612102,0.10617396,0.24430704,5.501526,7.46875,15.125,6.8916535,0.9782905,4.1673007,2.0413969,0.082212545,0.38392973,4.46875,6.0625,10.4375,5.8359,-2.655776,0.13962269,-1.0557537,0.023503304
1288,-0.26545405,6.92881,2.6322634,-0.10819263,0.114667654,5.25,6.9375,11.3125,5.402883,-0.030619044,3.9394636,1.9848082,-0.08193373,0.23605013,3.953125,5.28125,8.6875,5.5550632,-2.9893465,0.121382475,0.1521802,0.23483501
1289,0.6544882,5.8558235,2.4198809,0.0108457785,0.19944,4.9375,6.625,11.875,5.972243,0.7324502,3.6156938,1.9014977,0.024374148,0.30761623,4.0625,5.375305,9.875,6.1272717,-2.2401297,0.10817623,0.15502882,0.07796198
1290,0.44494912,7.1739984,2.678432,-0.011148161,0.10142779,5.34375,7.125,11.625,5.386318,0.1389231,4.5034375,2.1221304,-0.027665596,0.26505327,4.21875,5.625,9.25,5.5220747,-2.6705608,0.16362548,0.1357565,0.30602604
1291,-0.35034153,6.042785,2.4582076,0.027014604,0.25331473,4.90625,6.46875,12.5,6.3578053,-0.5441267,3.4965935,1.869918,0.066389665,0.22772717,3.828125,5.094055,9.375,6.05,-2.5461917,-0.025587559,-0.30780506,0.19378516
1292,-0.21865627,9.648922,3.1062715,0.11970672,0.28728557,6.125,8.375,15.375,6.248388,-0.24928667,6.994252,2.6446648,0.12706311,0.3185115,5.25,7.15625,11.3125,5.4034495,-2.6546698,0.03122592,-0.8449383,0.030630395
1293,-0.36025846,18.354395,4.284203,0.0713874,0.37159586,8.625,11.6875,20.875,6.1883645,-0.26958543,15.771188,3.9712956,0.072440326,0.4347086,7.90625,10.9375,17.75,5.6833615,-2.5832071,0.063112736,-0.505003,0.09067303
1294,-0.12242415,6.5480704,2.5589197,-0.013168989,0.25423717,5.03125,6.875,11.75,5.8060904,-0.3079906,3.628924,1.9049735,-0.018177915,0.28926492,3.84375,5.21875,8.1875,5.3777423,-2.9191465,0.035027742,-0.42834806,0.18556646
1295,-0.39248946,6.4835467,2.5462809,0.11255587,0.3262453,5.0625,6.90625,13.125,6.455957,0.09329912,3.53818,1.881005,-0.2387827,1.6485496,3.609375,5.031555,13.8125,9.421147,-2.9453666,1.3223042,2.9651904,0.48578858
1296,0.7547531,7.091972,2.6630757,-0.029910568,0.07919502,5.4375,7.1875,10.375,4.7041626,0.26793796,4.496775,2.1205602,-0.033353716,0.2271347,4.21875,5.65625,9.4375,5.586598,-2.5951967,0.14793968,0.8824353,0.48681515
1297,0.045529105,6.299859,2.509952,-0.073808864,0.18765712,4.9375,6.59375,11.1875,5.6266484,0.20380136,3.656134,1.912102,-0.08451238,0.22439814,3.828888,5.09375,7.84375,5.162747,-2.6437252,0.03674102,-0.46390152,0.15827227
1298,-0.7416237,6.129484,2.4757795,-0.00032273974,0.1590352,5.125,6.75,11.625,5.6700506,-0.6822395,3.635971,1.9068222,0.028223058,0.28668284,3.96875,5.28125,11.25,6.984667,-2.493513,0.12764764,1.3146162,0.059384227
1299,1.360552,8.130392,2.8513842,0.029936872,0.111676455,6.25,8.125,13.5625,5.3951836,0.6982741,5.009927,2.2382865,-0.004909622,0.20793891,4.59375,6.15625,10.125,5.4494014,-3.1204653,0.096262455,0.054217815,0.6622779
1300,0.35647967,6.677147,2.5840175,0.001601668,0.19111705,5.15625,6.8125,12.5,6.0536323,0.27187598,3.9799242,1.9949747,-0.0337935,0.25972748,3.96875,5.34375,11.125,6.994139,-2.6972227,0.06861043,0.94050694,0.0846037
1301,-0.2784043,6.0255213,2.4546938,0.014507542,0.2007451,4.875,6.5625,12.0,6.13411,-0.026909497,3.6773036,1.9176297,0.011777355,0.12438774,3.78125,5.03125,7.90625,5.2077413,-2.3482177,-0.076357365,-0.9263687,0.2514948
1302,-0.98955685,7.0911484,2.662921,-0.0252928,0.06420469,5.5625,7.375,12.9375,5.7184486,-0.7437,4.2285886,2.0563533,-0.008075962,0.05755806,4.3125,5.6875,8.875,5.0915318,-2.8625598,-0.006646633,-0.6269169,0.24585682
1303,0.36346266,6.2197556,2.4939437,-0.01531079,0.14651752,4.96875,6.625,10.9375,5.473142,0.56633127,3.5553308,1.8855585,-0.04315218,0.23861575,3.90625,5.1875,9.0,5.773449,-2.664425,0.092098236,0.3003068,0.20286861
1304,0.7847799,10.58605,3.253621,-0.036765683,0.2179451,6.59375,8.75,14.75,5.5701013,0.5111328,7.0880094,2.6623316,-0.025211116,0.20733452,5.34375,7.1875,11.8125,5.501433,-3.4980407,-0.01061058,-0.068668365,0.27364713
1305,0.04898984,6.3899856,2.527842,-0.028612163,0.1571374,5.0,6.65625,11.5,5.74362,0.012496484,3.7263136,1.9303662,0.032091923,0.25468993,3.782013,5.15625,8.8125,5.7830534,-2.663672,0.09755254,0.03943348,0.036493354
1306,-0.07424615,7.185831,2.68064,-0.017125776,0.240762,5.28125,7.09375,12.25,5.7874317,-0.103523776,4.31654,2.0776284,0.037072353,0.41878462,4.15625,5.75,9.25,5.6735883,-2.8692913,0.17802262,-0.11384344,0.029277623
1307,0.39306983,6.894564,2.6257503,0.035880055,0.20785666,5.21875,7.09375,12.9375,6.152659,0.0032927247,4.0045114,2.0011275,-0.009108232,0.36216116,3.96875,5.375,9.6875,6.170849,-2.8900528,0.1543045,0.018189907,0.3897771
1308,0.002713507,6.726146,2.5934815,-0.005635131,0.26121783,5.15625,6.90625,12.875,6.2948194,0.20172478,3.9931958,1.9982982,0.04925132,0.30605435,4.0,5.375,9.6875,6.12787,-2.7329504,0.04483652,-0.16694927,0.19901128
1309,-0.11592664,8.329183,2.8860323,0.008659758,0.22077489,5.75,7.6875,13.25,5.81257,-0.040954053,5.631885,2.3731594,0.023980422,0.39852786,4.720276,6.46875,11.0,5.916718,-2.6972976,0.17775297,0.10414791,0.074972585
1310,0.23025192,7.0833526,2.6614568,0.045842152,0.12539959,5.3125,7.0,11.5,5.440381,0.3953848,4.195188,2.0482159,0.026455248,0.31699085,4.21875,5.625,8.875,5.420347,-2.8881645,0.19159126,-0.020033836,0.16513287
1311,0.23524107,7.2761345,2.697431,-0.006540689,0.15264821,5.375,7.125,11.25,5.244802,0.17849316,4.1463304,2.036254,-0.03570823,0.23486042,4.0625,5.40625,8.8125,5.465385,-3.1298041,0.08221221,0.22058296,0.056747913
1312,-0.2368626,5.757027,2.3993807,0.09727397,0.18220186,4.78125,6.34375,10.0625,5.2515416,0.082919486,3.5672286,1.8887109,0.22646086,0.87903166,3.71875,5.1875,10.6875,7.262446,-2.1897986,0.6968298,2.0109043,0.31978208
1313,0.29099146,14.104172,3.755552,0.011278782,0.38549185,7.501526,10.3125,16.0,5.4233813,-0.0849095,11.863413,3.4443305,0.10482297,0.6504011,6.875,9.5625,17.0,6.39689,-2.240759,0.26490927,0.97350883,0.37590095
1314,0.12911586,7.0775867,2.6603734,-0.040753197,0.11297321,5.1875,6.96875,12.375,5.8366804,-0.21929319,4.0775304,2.0192895,-0.0803064,0.31930542,4.03125,5.5,8.75,5.479134,-3.0000563,0.2063322,-0.35754633,0.34840906
1315,0.25662088,6.2705507,2.5041068,-0.014858582,0.35141873,5.03125,6.75,11.3125,5.7156734,0.009520166,3.5525672,1.8848255,-0.07705891,0.49130917,3.75,5.1875,9.1875,6.2386913,-2.7179835,0.13989043,0.5230179,0.24710071
1316,0.529362,6.6413283,2.5770774,-0.009816582,0.22519517,5.125,6.9375,11.4375,5.483051,0.36711368,3.8682258,1.9667805,-0.04196384,0.19835114,3.953888,5.34375,8.625,5.4375024,-2.7731025,-0.026844025,-0.04554844,0.16224834
1317,0.10588586,6.0890574,2.4676015,-0.05233706,0.17049885,4.9375,6.5,11.0625,5.662774,0.12293603,3.8842692,1.970855,-0.15784745,0.8644836,3.859375,5.375,12.5,8.081235,-2.2047882,0.69398475,2.4184608,0.01705017
1318,-0.011461267,7.499489,2.7385194,0.052770633,0.1721406,5.40625,7.219055,13.25,6.107377,-0.23029697,4.7600017,2.181743,0.1759721,0.24171925,4.34375,5.687805,11.0625,6.3637104,-2.7394872,0.06957865,0.25633335,0.2188357
1319,-0.5236077,6.313249,2.512618,0.040721685,0.23005414,5.03125,6.78125,11.3125,5.555493,-0.06745387,3.975459,1.9938554,0.015733475,0.18127131,3.921875,5.3125,7.96875,5.0582767,-2.33779,-0.048782825,-0.49721622,0.4561538
1320,0.4971186,8.203454,2.8641672,-0.02556642,0.1721201,5.6875,7.6875,12.5625,5.449424,0.3190849,4.9623137,2.2276251,0.006415133,0.20151544,4.46875,5.969055,10.125,5.7027745,-3.2411404,0.029395342,0.25335073,0.17803368
1321,-0.59116876,7.0505033,2.6552784,-0.017317139,0.15634036,5.34375,7.15625,12.0625,5.6023374,-0.51067644,4.272465,2.0669942,-0.0347947,0.1711576,4.21875,5.59375,10.25,6.0793443,-2.778038,0.014817238,0.4770069,0.08049232
1322,0.6298925,8.431246,2.9036608,-0.017335663,0.15900111,5.875,7.875,13.3125,5.643189,0.3404173,5.1475472,2.2688208,-0.07699656,0.24089241,4.5625,6.0,10.5625,5.8194623,-3.2836986,0.0818913,0.17627335,0.28947523
1323,0.7308948,7.256154,2.6937249,0.082592346,0.21592927,5.53125,7.5,12.9375,5.8741784,0.41490898,4.5386724,2.130416,0.1435524,0.3439932,4.3125,5.8125,10.875,6.3812118,-2.7174816,0.12806392,0.50703335,0.31598583
1324,-0.16932523,6.102151,2.4702532,0.021618607,0.2167697,4.875,6.5625,14.25,7.268668,0.17124464,3.6007922,1.8975754,0.073718384,0.27537036,3.765625,5.125,9.5625,6.3625135,-2.5013587,0.058600664,-0.90615463,0.34056985
1325,0.076390415,7.391293,2.7186933,0.08215045,0.15286422,5.34375,7.125,13.1875,6.12325,0.1879286,4.0569077,2.0141766,0.08185799,0.16443992,3.984375,5.34375,9.625,6.0176826,-3.3343854,0.011575699,-0.105567455,0.11153819
1326,0.06754273,6.689419,2.586391,0.0648745,0.17182565,5.126526,6.750305,13.25,6.4794755,-0.089083046,3.9877102,1.9969252,0.04027347,0.29298425,3.9375,5.28125,9.8125,6.230703,-2.7017086,0.1211586,-0.24877262,0.15662578
1327,0.12772702,13.06925,3.6151419,-0.086237356,0.2513628,7.25,9.6875,16.625,5.8340373,0.26472676,10.1418,3.1846192,-0.07522139,0.294976,6.345276,8.5,14.5,5.7613645,-2.9274502,0.043613195,-0.072672844,0.13699974
1328,0.055713158,8.564093,2.9264472,0.020328956,0.30664444,5.8125,7.84375,13.625,5.9108853,0.09703247,5.3754716,2.3185062,0.024285471,0.32340503,4.625,6.21875,10.9375,5.9929914,-3.188621,0.016760588,0.08210611,0.041319314
1329,-0.8734331,11.951094,3.4570353,-0.14243136,0.5855274,7.28125,9.9375,16.375,5.9757137,-0.42315924,9.515809,3.0847704,-0.14766029,0.6436548,6.40625,8.75,13.25,5.583888,-2.4352846,0.058127403,-0.39182568,0.45027387
1330,-0.89713633,7.1490846,2.673777,0.043776475,0.19048452,5.53125,7.34375,11.8125,5.2794886,-0.4945376,4.275028,2.067614,0.036925443,0.25918984,4.1875,5.5625,9.625,5.720744,-2.8740563,0.06870532,0.44125557,0.40259874
1331,-0.48251358,10.019687,3.1653888,0.03858709,0.44430494,6.40625,8.75,14.875,5.9215846,0.02979641,7.7651772,2.7866068,0.023101678,0.48369288,5.59375,7.656555,12.8125,5.9042153,-2.2545094,0.03938794,-0.01736927,0.51230997
1332,-0.025452249,8.099797,2.8460143,-0.050857462,0.106708765,5.59375,7.5,14.5,6.4032164,-0.34875262,5.096417,2.2575245,-0.05805147,0.123673916,4.53125,6.0,9.375,5.1882014,-3.0033803,0.01696515,-1.2150149,0.32330036
1333,0.2373042,6.436757,2.5370765,-0.046384472,0.23815966,5.0,6.8125,11.375,5.6493917,0.29725933,3.762012,1.9395907,-0.1462805,0.56060123,3.859375,5.344055,9.625,6.2496023,-2.674745,0.32244158,0.60021067,0.059955135
1334,-0.2870169,6.475422,2.5446851,0.06779663,0.44998813,5.03125,7.0,13.4375,6.663002,0.0841701,3.8724446,1.9678528,0.16291434,0.75698566,3.891388,5.5,10.5625,6.8819375,-2.6029773,0.30699754,0.21893549,0.371187
1335,-0.10861837,11.4747925,3.3874464,0.027872307,0.64500594,7.0,9.5625,15.0625,5.784159,-0.09246543,8.841615,2.9734852,0.056890655,0.84707904,6.15625,8.375,14.3125,6.299998,-2.6331778,0.2020731,0.5158386,0.01615294
1336,-0.62423843,6.7074366,2.589872,-0.054259196,0.14737177,5.28125,7.000305,11.5,5.45756,-0.68060744,4.0593877,2.0147922,-0.11038511,0.27893615,4.21875,5.75,9.5,5.6885576,-2.6480489,0.13156438,0.23099756,0.056369007
1337,0.12879612,7.0731955,2.659548,0.011716516,0.23181176,5.25,7.09375,12.875,6.1100326,0.20297712,4.3562393,2.0871606,0.040920068,0.24690437,4.125,5.65625,9.875,5.954021,-2.7169561,0.015092611,-0.15601158,0.074181005
1338,-0.34335902,5.3517966,2.313395,0.116563,0.18018603,4.625,6.09375,10.0625,5.409904,-0.19774483,3.2909093,1.8140863,0.17754826,0.24568176,3.578125,4.875,8.25,5.6984677,-2.0608873,0.06549573,0.28856373,0.14561419
1339,-0.028991653,5.524502,2.350426,-0.029262083,0.15380311,4.625,6.21875,9.9375,5.3314095,-0.25193408,3.2734141,1.8092579,-0.18965626,0.7893975,3.578125,4.96875,10.125,7.1035833,-2.2510877,0.63559437,1.7721739,0.22294243
1340,-0.43634385,6.2540503,2.50081,0.06289597,0.1834979,4.970276,6.625,12.8125,6.353537,-0.26489645,3.7045434,1.924719,0.043024324,0.2675779,3.8125,5.1875,9.25,6.026813,-2.549507,0.08407998,-0.32672405,0.1714474
1341,0.6888621,6.9968266,2.6451516,-0.0772146,0.31817102,5.375,7.3125,12.75,5.88902,0.8724601,4.278313,2.0684083,-0.07447062,0.2785039,4.40625,5.84375,8.75,4.8928547,-2.7185135,-0.03966713,-0.9961653,0.18359804
1342,0.23056902,5.923154,2.433753,-0.014379563,0.19036579,4.84375,6.437805,13.375,6.9271784,0.3032839,3.383056,1.8393085,0.04271698,0.19765306,3.6875,4.969055,8.5625,5.814521,-2.540098,0.007287264,-1.1126575,0.07271488
1343,0.36498588,7.530668,2.7442062,0.03858505,0.26468325,5.46875,7.4375,12.375,5.660606,0.4647624,4.795844,2.1899416,0.05689215,0.4371562,4.46875,6.0625,10.8125,6.174683,-2.7348237,0.17247295,0.5140772,0.09977651
1344,-0.26591718,6.4343357,2.5365992,-0.08090999,0.13810563,5.0625,6.6875,11.125,5.5102954,-0.029437598,3.7171586,1.9279934,-0.1156427,0.28519583,3.796875,5.1875,8.0625,5.297703,-2.7171772,0.1470902,-0.2125926,0.23647958
1345,-0.1809986,7.300145,2.701878,-0.022390746,0.12807941,5.375,7.125,11.0,5.1293473,-0.24793564,4.539545,2.1306207,-0.0041983193,0.1786151,4.21875,5.71875,9.3125,5.4899907,-2.7606,0.05053568,0.3606434,0.066937044
1346,-0.62061954,10.674801,3.2672315,-0.104509376,0.48319626,6.625,9.125,19.5,7.506266,-0.46201387,8.477995,2.9116998,-0.09487925,0.510396,5.90625,8.1875,13.8125,6.016335,-2.196806,0.027199745,-1.4899311,0.15860566
1347,-1.3078487,6.938182,2.634043,-0.00496743,0.18265104,5.71875,7.656555,12.8125,5.4662027,-0.93113196,4.478044,2.116139,-0.08979093,0.19039798,4.53125,6.28125,9.875,5.399311,-2.4601378,0.007746935,-0.06689167,0.37671673
1348,-0.96549314,6.65365,2.579467,-0.0007099121,0.27647805,5.4375,7.28125,12.375,5.6852865,-0.7742946,3.8188934,1.954199,-0.0271641,0.26913404,4.125,5.625,9.0,5.4132385,-2.8347564,-0.0073440075,-0.272048,0.19119853
1349,0.7804345,7.774064,2.7882009,0.02625305,0.363513,5.71875,7.7506104,13.8125,6.0627694,0.80678207,4.7690015,2.1838043,0.03782986,0.42412353,4.625,6.25,12.5625,6.8707004,-3.0050626,0.060610533,0.80793095,0.026347578
1350,0.1655841,6.9607162,2.6383169,-0.028676497,0.15675545,5.1875,7.062805,12.375,5.9014554,-0.09387605,3.812525,1.9525688,-0.055682942,0.34092164,3.90625,5.2506104,9.875,6.4271693,-3.1481912,0.1841662,0.5257139,0.25946015
1351,0.29186586,6.2834663,2.5066843,0.030337172,0.10889721,4.96875,6.5625,11.375,5.6723166,-0.14584282,3.8546321,1.9633217,-0.0019079169,0.2687528,3.890625,5.21875,9.125,5.872035,-2.4288342,0.1598556,0.19971848,0.43770868
1352,-0.67136633,7.2176924,2.6865764,0.016583532,0.17939687,5.375,7.28125,11.125,5.0621448,-0.27424768,4.25385,2.0624864,0.050358213,0.25612593,4.09375,5.46875,11.125,6.748437,-2.9638424,0.07672906,1.6862922,0.39711866
1353,0.67633826,6.3066783,2.51131,0.03085475,0.3121705,5.125,6.9375,12.3125,6.007751,0.5138844,3.5210507,1.8764462,0.040671494,0.38593578,3.875,5.21875,10.0625,6.597157,-2.7856276,0.07376528,0.589406,0.16245383
1354,0.5206896,6.655525,2.5798304,-0.031569853,0.30509472,5.25,7.0,12.5625,6.049277,0.41481006,3.9607055,1.9901521,-0.04384283,0.3157196,4.03125,5.46875,8.4375,5.253354,-2.6948197,0.010624886,-0.79592276,0.105879545
1355,0.122410424,6.5705595,2.5633101,-0.005164179,0.16530395,5.0625,6.75,11.5625,5.689547,0.29773504,3.7917726,1.9472474,0.056469545,0.18078232,3.890625,5.21875,8.25,5.310077,-2.778787,0.015478373,-0.37946987,0.17532462
1356,-0.02183465,6.5286226,2.555117,-0.0021237582,0.19005036,5.0,6.8125,13.125,6.4771814,0.36216474,3.8736968,1.9681709,0.02555703,0.19336414,3.969513,5.25,9.3125,5.8833594,-2.6549258,0.0033137798,-0.593822,0.38399938
1357,-0.22296597,11.195533,3.3459725,-0.023396341,0.15122128,6.626526,8.8125,15.125,5.694296,-0.6965644,8.295967,2.8802722,-0.022646151,0.35683346,5.875,8.125,12.625,5.4182706,-2.8995657,0.20561218,-0.2760253,0.47359842
1358,-0.24437764,8.250344,2.8723412,0.008976719,0.21501303,5.6875,7.6875,12.9375,5.6886253,0.053247027,5.412899,2.3265638,-0.088455684,0.40963292,4.65625,6.3125,11.625,6.3672338,-2.8374453,0.1946199,0.6786084,0.29762468
1359,-0.04536419,6.5944858,2.5679731,0.013588415,0.16157913,5.03125,6.8125,13.75,6.745996,0.069236524,4.0568147,2.0141535,-0.06346657,0.18798089,3.953888,5.3125,10.375,6.486364,-2.537671,0.026401758,-0.2596321,0.11460072
1360,0.6533083,5.824545,2.4134095,0.027688848,0.21423721,4.9375,6.6875,11.25,5.6981077,0.38603488,3.4344738,1.8532333,0.020648308,0.3486719,3.75,5.125,7.90625,5.314617,-2.3900712,0.1344347,-0.38349056,0.2672734
1361,-0.32417426,9.21023,3.034836,-0.1587104,0.45705485,6.15625,8.375,14.6875,6.164736,-0.25949198,6.5318646,2.5557513,-0.12813848,0.7648208,5.1875,7.28125,13.625,6.8604555,-2.6783652,0.30776596,0.6957197,0.064682275
1362,-1.1148697,7.3710093,2.7149603,-0.06512977,0.07444596,5.8125,7.6875,12.5625,5.393246,-0.57757527,4.8303757,2.1978116,-0.042762436,0.14536929,4.5625,5.96875,9.25,5.1570764,-2.5406337,0.07092333,-0.23616982,0.53729445
1363,0.018383328,6.921014,2.630782,-0.020919345,0.18394184,5.1875,6.9375,11.875,5.689844,-0.13436967,4.223374,2.055085,-0.0038395235,0.26822305,4.0625,5.5625,8.875,5.4644194,-2.69764,0.084281206,-0.22542477,0.152753
1364,1.0776125,6.4014373,2.530106,-0.006027859,0.23700762,5.40625,7.21875,13.0625,5.9753613,0.7759711,3.6744387,1.9168825,0.07195368,0.31227708,4.09375,5.53125,10.75,6.5723915,-2.7269986,0.07526946,0.59703016,0.3016414
1365,-0.07212338,7.099568,2.6645014,0.0066361,0.17233992,5.28125,7.031555,11.6875,5.544932,0.044234734,4.512487,2.1242616,0.0069294577,0.2955234,4.21875,5.750305,8.625,5.1479087,-2.587081,0.12318349,-0.3970232,0.116358116
1366,0.32380208,11.822919,3.4384472,-0.08827422,0.52114487,6.90625,9.5,17.125,6.3616877,0.008679761,9.652802,3.106896,-0.14313315,0.5412121,6.25,8.5,16.875,6.9985857,-2.1701164,0.020067215,0.63689804,0.31512234
1367,-0.4184914,6.789699,2.605705,0.007486643,0.21649885,5.1875,7.03125,11.375,5.4482584,-0.65173495,4.0589275,2.014678,-0.029828323,0.30957484,4.21875,5.6875,8.6875,5.218092,-2.7307715,0.09307599,-0.23016644,0.23324355
1368,0.19821167,6.6436477,2.5775275,0.001997181,0.22571063,5.125,6.875305,11.5,5.6420684,0.34522685,4.136547,2.0338502,-0.39056227,2.5572553,3.984375,5.65625,14.375,9.014865,-2.5071006,2.3315446,3.3727965,0.14701518
1369,-0.8616044,7.0257564,2.6506143,0.061931435,0.31140828,5.5,7.312805,12.0,5.4268255,-0.21722654,4.0141907,2.0035446,0.05258278,0.46716475,4.03125,5.5,9.75,6.187959,-3.0115657,0.15575647,0.7611337,0.6443778
1370,0.64981,6.7819266,2.6042132,-0.052214917,0.21449184,5.3125,7.09375,12.6875,5.9709144,0.24335249,3.8789785,1.9695122,-0.043249067,0.27514315,3.921875,5.312805,8.4375,5.392852,-2.9029481,0.060651302,-0.57806253,0.40645754
1371,-0.43790445,7.9511266,2.8197742,-0.016686687,0.22478127,5.6875,7.59375,13.4375,5.9659934,-0.31694576,5.113949,2.2614043,-0.015428896,0.34320474,4.53125,6.15625,10.6875,5.945435,-2.8371778,0.11842346,-0.020558357,0.120958686
1372,0.46222255,6.237606,2.49752,0.058729507,0.20684719,5.03125,6.781555,11.0625,5.5091596,0.07649502,3.591268,1.8950641,0.034568015,0.32974076,3.797638,5.125,9.0625,6.0773034,-2.646338,0.12289357,0.56814384,0.38572752
1373,0.42293647,7.97301,2.8236518,-0.05792065,0.22009277,5.59375,7.59375,12.4375,5.498773,0.15267798,4.667052,2.160336,-0.06239718,0.2736745,4.25,5.812805,10.625,6.2177954,-3.3059583,0.053581715,0.7190223,0.2702585
1374,-0.33878037,6.5476837,2.5588443,-0.00155244,0.16243267,5.0625,6.6875,10.8125,5.2896214,-0.51666003,3.966429,1.9915895,0.038539946,0.16497993,4.03125,5.34375,8.5,5.2079053,-2.5812547,0.002547264,-0.08171606,0.17787966
1375,0.3221496,20.755703,4.555843,0.06973158,0.4305086,9.25,12.5625,19.5,5.4776063,0.5581035,17.340624,4.1642075,0.10103241,0.602752,8.5625,11.87561,19.625,6.0468006,-3.415079,0.17224336,0.5691943,0.2359539
1376,-0.2558134,6.141719,2.478249,0.08345054,0.31756902,4.9375,6.6875,11.625,5.925753,-0.118403174,3.788818,1.9464886,0.08071307,0.38687277,3.828888,5.28125,9.5,6.2076674,-2.352901,0.06930375,0.28191423,0.13741022
1377,-0.46247628,6.4062257,2.5310524,0.03092654,0.27339077,5.09375,6.875,12.0625,5.937519,-0.10794375,3.9335828,1.9833262,-0.0575987,0.2589984,3.921875,5.28125,9.1875,5.852599,-2.472643,-0.014392376,-0.08491993,0.35453254
1378,0.35416654,7.920223,2.814289,-0.0113400435,0.15013933,5.625,7.46875,11.0,4.8962345,-0.18075264,4.7760005,2.1854062,-0.036578767,0.21522689,4.3125,5.906555,9.25,5.334315,-3.1442227,0.06508756,0.4380803,0.53491914
1379,-0.116385624,6.893936,2.6256306,-0.024094217,0.09576821,5.1875,6.875,11.375,5.454624,-0.05436089,3.8356383,1.9584786,-0.036073048,0.28634572,3.890625,5.25,9.875,6.396995,-3.0582979,0.1905775,0.9423709,0.062024735
1380,-0.58323884,6.203705,2.4907238,-0.006302932,0.05099106,5.03125,6.5625,12.25,6.010384,-0.4448268,4.074589,2.0185611,-0.02484949,0.19319415,4.03125,5.40625,10.875,6.619177,-2.129116,0.1422031,0.6087928,0.13841203
1381,-0.13266924,6.136428,2.4771814,-0.037855186,0.39010453,4.875,6.59375,13.8125,7.06278,0.28140453,3.371702,1.8362194,-0.052040447,0.39466882,3.640625,5.03125,8.625,5.887469,-2.764726,0.0045642853,-1.1753111,0.41407377
1382,1.1012598,6.2652936,2.5030568,-0.022917371,0.08964038,5.375,7.0,12.125,5.562112,0.8479385,3.7234151,1.9296153,-0.068284504,0.35932183,4.15625,5.53125,9.625,5.7525473,-2.5418785,0.26968145,0.19043541,0.25332135
1383,-0.8465861,6.786194,2.6050324,0.040007,0.24275374,5.375,7.156555,11.625,5.3541384,-0.5706315,3.8331156,1.9578344,0.011757819,0.37589288,4.0,5.5,8.9375,5.553061,-2.9530783,0.13313913,0.19892263,0.2759546
1384,-0.17649081,6.7763295,2.6031384,-0.066650055,0.19969106,5.125,6.96875,11.25,5.460669,-0.32729664,3.935747,1.9838717,0.0069588306,0.35779738,4.03125,5.375,9.4375,5.986721,-2.8405826,0.15810633,0.526052,0.15080583
1385,0.42918384,7.9106603,2.8125896,0.05005603,0.21857977,5.626526,7.59375,14.125,6.279673,0.19976513,5.2356243,2.2881486,0.09098354,0.3624599,4.5625,6.15625,11.125,6.1479917,-2.675036,0.14388013,-0.13168144,0.22941871
1386,-0.8352892,7.8855467,2.8081214,-0.0044703977,0.34441662,5.8125,7.875,14.0,6.064737,-0.16814081,4.5053124,2.1225722,-0.022713264,0.40530252,4.25,5.781555,10.8125,6.483872,-3.3802342,0.060885906,0.4191351,0.66714835
1387,-0.47252753,6.246075,2.499215,-0.09709416,0.27539372,5.03125,6.8125,14.4375,7.1825743,-0.25356078,3.6254706,1.9040669,-0.021730792,0.318583,3.8125,5.15625,8.3125,5.494098,-2.6206045,0.043189287,-1.6884761,0.21896675
1388,0.030651215,6.431039,2.5359492,-0.04784475,0.33130407,4.9375,6.84375,12.0,5.9936523,0.31665817,3.7768073,1.943401,0.014408511,0.5820615,3.890625,5.25,10.0,6.4649568,-2.6542315,0.25075746,0.47130442,0.28600696
1389,-0.37206337,6.6837482,2.5852947,0.019869195,0.31407285,5.1875,7.031555,11.5625,5.6202035,0.07160908,4.270539,2.0665283,0.115993,0.8642509,4.0,5.6875,11.625,7.1901994,-2.4132094,0.55017805,1.5699959,0.44367245
1390,-0.018962745,6.8156905,2.6106877,0.0059351386,0.19863701,5.1875,6.96875,12.375,5.9878173,0.14298272,4.0122123,2.0030508,-0.03339835,0.48752618,4.0,5.53125,9.3125,5.9269037,-2.8034782,0.28888917,-0.060913563,0.16194546
1391,0.19470797,6.327275,2.5154076,-0.065533094,0.28046322,4.9375,6.6875,11.5625,5.782139,0.4479683,3.7746086,1.9428352,-0.11052628,0.34050393,3.90625,5.28125,9.1875,5.8214364,-2.5526662,0.060040712,0.03929758,0.2532603
1392,0.40077984,7.598928,2.7566154,0.055608828,0.33899403,5.625,7.531555,12.75,5.850209,0.3080853,5.224133,2.2856362,-0.042631015,0.60956216,4.6875,6.4375,10.0,5.579025,-2.374795,0.27056813,-0.27118444,0.09269455
1393,0.51259446,44.3615,6.660443,0.041768134,0.13245201,13.0625,17.37622,36.0,6.7676845,-0.3971969,39.499264,6.284844,0.13222004,0.16457939,12.25,16.25,36.0,7.178283,-4.862236,0.03212738,0.41059875,0.90979135
1394,-0.796821,6.5853186,2.5661876,0.03376459,0.058829784,5.3125,6.875,10.125,4.740713,-0.97050977,4.4118533,2.1004412,0.19581375,0.77231383,4.53125,6.125,10.5,5.7222404,-2.1734653,0.71348405,0.9815273,0.17368877
1395,-0.2349673,7.2321696,2.6892693,-0.026300488,0.1883955,5.3125,7.1875,13.5,6.322011,-0.29162982,4.234453,2.0577786,-0.08771635,0.33200693,4.09375,5.625,8.875,5.4301457,-2.9977164,0.14361143,-0.89186525,0.056662515
1396,0.9335231,7.0655828,2.6581163,0.078178674,0.23871017,5.5625,7.40625,13.8125,6.1975307,0.48369482,4.0752606,2.0187275,0.02045768,0.32578087,4.09375,5.5625,9.5,5.80794,-2.990322,0.0870707,-0.38959074,0.4498283
1397,0.689573,6.0845904,2.4666963,0.017596265,0.14126086,5.03125,6.71875,11.625,5.719598,0.50338703,3.7547402,1.9377152,0.049987275,0.17213583,3.9375,5.2506104,10.375,6.5483165,-2.3298502,0.030874968,0.82871866,0.18618596
1398,-0.6209519,7.5407424,2.7460413,-0.14955443,0.3298955,5.5625,7.750305,13.3125,6.029498,-0.47774273,5.2164807,2.2839615,-0.19989976,0.27795625,4.65625,6.40625,11.875,6.4904456,-2.3242617,-0.05193925,0.4609475,0.14320916
1399,-0.045781843,6.8524556,2.6177197,-0.11558416,0.36512923,5.15625,7.125,11.0625,5.372778,0.10683501,4.107658,2.0267358,-0.23406385,0.99533224,3.984375,5.59375,10.9375,6.9319124,-2.7447977,0.630203,1.5591345,0.15261686
1400,0.60056376,6.134506,2.4767935,-0.04114352,0.16784716,5.0,6.71875,11.875,5.86828,0.39225683,3.3829722,1.8392859,-0.017511193,0.32655072,3.71875,5.0,8.9375,6.0149164,-2.751534,0.15870357,0.14663649,0.20830694
1401,0.59339684,6.5585327,2.5609632,-0.105315275,0.19972491,5.15625,6.875305,10.75,5.1420493,0.16492702,3.7605078,1.9392029,-0.057617936,0.17377234,3.8125,5.125,10.4375,6.7529216,-2.798025,-0.025952578,1.6108723,0.42846984
1402,-0.2579413,20.107212,4.4841065,0.06963004,0.36065793,8.75,12.25,20.375,5.74394,-0.89037323,16.726835,4.089845,0.08771014,0.5049145,8.3125,11.31311,20.75,6.3222885,-3.3803768,0.14425659,0.57834864,0.6324319
1403,-1.1567593,7.299589,2.701775,-0.039752264,0.17195725,5.75,7.78125,13.5625,5.807341,-0.8933574,4.673006,2.1617136,-0.014632873,0.2525344,4.59375,6.1875,10.625,5.712952,-2.626583,0.080577135,-0.09438896,0.26340187
1404,-0.28583178,7.3609915,2.7131147,0.046238914,0.13513422,5.407776,7.09375,12.625,5.830805,-0.1396542,4.9390135,2.2223892,0.056336727,0.23698974,4.40625,5.906555,11.4375,6.4945765,-2.421978,0.10185552,0.6637716,0.14617757
1405,9.329371,117.99683,10.862635,0.076273665,-0.08773017,27.375,35.0,59.75,5.131775,6.4951363,113.96924,10.675637,0.053230263,-0.004106045,24.125,31.625,57.75,5.7577147,-4.0275955,0.083624125,0.62593985,2.8342352
1406,-0.86528593,7.1696267,2.677616,0.04900023,0.2806034,5.53125,7.375305,14.4375,6.4762073,-0.6054033,4.2945423,2.0723279,0.029424205,0.34597945,4.28125,5.75,10.5,6.1624174,-2.8750844,0.06537604,-0.31378984,0.25988263
1407,-0.601846,6.2066975,2.4913244,0.047504872,0.2428453,5.0625,6.8125,11.0,5.419529,-0.3136601,3.6610227,1.9133799,0.19018105,0.9941642,3.8125,5.4375,9.875,6.545171,-2.5456748,0.75131893,1.1256418,0.2881859
1408,-1.480886,6.3820257,2.526267,0.045884356,0.18217254,5.71875,7.40625,12.625,5.3774333,-1.0112367,3.712244,1.9267185,0.03545169,0.3792858,4.28125,5.6875,9.125,5.2737904,-2.6697817,0.19711328,-0.10364294,0.4696493
1409,-0.52672195,13.779353,3.7120552,-0.03474153,0.45154834,7.5625,10.1875,16.0,5.4993954,-0.28103906,11.372422,3.3723023,-0.06824227,0.6777303,6.875,9.5,16.875,6.5148516,-2.406931,0.22618198,1.0154562,0.2456829
1410,0.2069822,6.4692698,2.5434759,0.0013348182,0.14695454,5.0625,6.71875,10.875,5.374568,-0.22536066,3.6097732,1.8999403,-0.038846556,0.25823927,3.765625,5.219055,9.125,6.0414805,-2.8594966,0.11128473,0.66691256,0.43234286
1411,0.580415,8.217108,2.8665497,-0.050424293,0.1808393,5.75,7.71875,12.625,5.441619,-0.103859864,4.7766147,2.1855469,-0.05044484,0.41233397,4.375,5.9375,10.9375,6.378537,-3.440493,0.23149467,0.93691826,0.68427485
1412,0.6642378,13.143319,3.6253717,-0.09286217,0.48544002,7.34375,10.125,16.75,5.7913036,0.40542254,10.772153,3.282096,-0.108512335,0.5494764,6.65625,9.1875,15.875,6.1380434,-2.3711662,0.06403637,0.34673977,0.25881526
1413,0.57785517,15.517074,3.9391718,0.035836205,0.2347908,7.78125,10.8125,19.5,6.1795225,0.021671211,12.275833,3.5036886,0.037846602,0.34003472,6.96875,9.5625,16.625,6.027593,-3.2412405,0.10524392,-0.15192938,0.55618393
1414,0.17361464,6.571492,2.5634923,0.0034974634,0.14806628,5.09375,6.6875,10.375,5.0959964,-0.124109134,3.8974462,1.9741951,-0.0588953,0.26665688,3.921875,5.3125,9.375,6.012323,-2.674046,0.11859059,0.9163265,0.29772377
1415,-0.5765462,6.470107,2.5436406,-0.084038205,0.23528433,5.1875,6.9375,12.875,6.246579,-0.59020567,3.8105745,1.9520693,-0.10552733,0.36444855,4.0,5.46875,9.4375,5.883638,-2.6595325,0.12916422,-0.36294127,0.013659477
1416,-1.1141468,7.1334367,2.6708493,-0.121267825,0.25763917,5.65625,7.625305,16.375,7.1515703,-1.0968229,4.3889217,2.0949755,-0.13165225,0.20482945,4.6875,6.28125,12.0625,6.4516788,-2.744515,-0.052809715,-0.69989157,0.01732397
1417,0.09036507,6.9542766,2.6370962,0.102736436,0.1703074,5.25,7.0625,10.5,5.0533295,0.24337271,4.0456076,2.0113695,0.1866229,0.5974598,4.03125,5.65625,10.0,6.3429084,-2.908669,0.4271524,1.2895789,0.15300764
1418,0.7149329,6.4310145,2.5359445,0.007800929,0.17682934,5.15625,6.96875,12.5625,6.0056906,0.49139693,3.8258157,1.9559692,0.077070236,0.40430236,3.96875,5.46875,9.0,5.678949,-2.6051989,0.22747302,-0.3267417,0.22353598
1419,-0.26904938,6.619554,2.5728495,-0.09058859,0.22747755,5.15625,6.9375,12.625,6.194052,-0.72269803,3.991353,1.9978371,-0.06612284,0.22069311,4.21875,5.65625,9.9375,5.9139314,-2.628201,-0.006784439,-0.28012085,0.45364866
1420,0.7100199,6.033262,2.45627,-0.10004707,0.13088489,5.0,6.59375,10.0625,4.9244394,0.12315229,3.5676343,1.8888183,-0.11391059,0.21515131,3.734375,5.000305,8.3125,5.5497994,-2.4656274,0.084266424,0.62536,0.5868676
1421,0.38118717,7.122507,2.6688025,0.0935,0.11064243,5.25,7.125,13.25,6.1819305,0.0125924805,4.440526,2.1072555,0.07760167,0.20459962,4.1875,5.594055,10.1875,6.1237226,-2.681981,0.093957186,-0.05820799,0.36859468
1422,0.0036516786,6.17489,2.4849327,0.058674857,0.25196552,4.9375,6.6875,10.5,5.359355,-0.109360635,3.7434523,1.9348004,0.056180723,0.611557,3.84375,5.40625,8.6875,5.739866,-2.4314377,0.35959148,0.3805108,0.113012314
1423,-0.13228,10.078614,3.1746833,-0.16425425,0.5716984,6.375,8.875,15.375,6.2267694,-0.4690064,7.530393,2.7441561,-0.17918162,0.5902016,5.625,7.78125,13.4375,6.2457037,-2.548221,0.01850319,0.01893425,0.33672637
1424,0.40160897,5.9783025,2.4450567,0.08123621,0.058633327,4.84375,6.500305,10.5,5.3345685,0.1132385,3.3638637,1.8340839,0.0002876215,0.24943447,3.640625,4.90625,7.96875,5.494687,-2.6144388,0.19080114,0.16011858,0.2883705
1425,0.107185885,6.370875,2.5240593,-0.009214474,0.24416423,5.0,6.84375,13.25,6.6435733,0.23220527,3.8175101,1.9538449,-0.07683879,0.5028498,3.90625,5.344055,9.0625,5.8691616,-2.5533648,0.2586856,-0.7744117,0.12501939
1426,-0.3960552,6.155843,2.481097,-0.06768504,0.32085657,4.970276,6.875,10.5,5.3266907,0.2140038,3.5914052,1.8951004,-0.10632208,0.3891759,3.765625,5.125,8.9375,5.947238,-2.5644376,0.06831932,0.6205473,0.610059
1427,0.8490105,43.55919,6.5999384,0.040201865,0.13343048,13.1875,17.5,27.875,5.2775493,-0.08184116,38.565266,6.210094,0.05133894,0.20362353,12.1875,16.625,30.125,6.103409,-4.993923,0.07019305,0.82585955,0.9308517
1428,-0.50014883,5.9774666,2.4448857,-0.062476527,0.24667525,4.96875,6.719055,10.6875,5.4371967,-0.06853716,3.460057,1.8601228,-0.119158946,0.5430448,3.671875,5.1875,8.125,5.5687766,-2.5174096,0.29636955,0.13157988,0.43161166
1429,0.99882185,6.7042627,2.5892591,0.015104364,0.24873948,5.4375,7.281555,15.3125,6.9696474,0.1077511,3.6886933,1.9205971,0.02200775,0.21514678,3.8125,5.09375,9.6875,6.366319,-3.0155694,-0.0335927,-0.6033282,0.8910707
1430,1.0582236,6.042254,2.4580996,0.11420109,0.18854356,5.28125,7.09375,13.375,6.317343,0.80391103,3.486979,1.8673455,0.13823147,0.40931916,4.0,5.53125,9.9375,6.2262573,-2.555275,0.2207756,-0.09108591,0.25431257
1431,1.8356618,7.771943,2.7878206,-0.049887426,0.24801922,6.46875,8.5,13.9375,5.1960936,0.6342305,4.6356134,2.1530476,-0.06046456,0.3746481,4.46875,6.03125,9.5625,5.4017687,-3.1363297,0.12662888,0.20567513,1.2014313
1432,0.22860351,6.503214,2.55014,-0.031281997,0.14595127,5.09375,6.75,11.375,5.603437,-0.26904553,3.8319786,1.957544,0.005180252,0.24627614,3.90625,5.21875,10.1875,6.5246,-2.6712353,0.10032487,0.9211631,0.49764904
1433,0.09962637,7.0270796,2.650864,0.027567673,0.21835804,5.25,7.1875,11.0,5.256706,0.061716527,4.119598,2.0296793,0.0539325,0.33831835,4.0,5.46875,9.625,6.020374,-2.9074817,0.11996031,0.7636676,0.037909843
1434,-0.0107951695,7.4291787,2.725652,-0.020173976,0.08343291,5.34375,7.09375,13.0625,6.0206547,-0.25614628,4.7218776,2.1729882,-0.007819111,0.24029684,4.34375,5.8125,9.6875,5.60342,-2.7073011,0.15686393,-0.4172349,0.2453511
1435,-0.108587645,7.804369,2.7936301,0.06572409,0.13613701,5.5,7.3125,13.25,5.958382,0.27528793,4.9273295,2.219759,0.064477414,0.38548326,4.4375,6.15625,12.0625,6.8526607,-2.8770394,0.24934626,0.8942785,0.38387558
1436,0.9550911,27.51105,5.2450976,-0.005785649,0.3321786,10.6875,14.1875,23.625,5.6548433,0.39042985,24.42092,4.9417524,-0.015647955,0.43462896,10.0625,13.5,22.375,5.8092303,-3.0901299,0.10245037,0.154387,0.56466126
1437,0.44705102,5.728444,2.393417,0.14305378,0.31717277,4.8125,6.562805,11.25,5.876308,0.35828394,3.1591556,1.7774013,0.123147614,0.26213813,3.5625,4.875,8.4375,5.9046917,-2.5692885,-0.055034637,0.028383732,0.08876708
1438,0.4777172,6.2650275,2.5030036,0.013149563,0.1276257,5.0,6.65625,10.8125,5.3438315,0.087891504,3.715176,1.9274793,0.034359742,0.18478322,3.8125,5.09375,11.1875,7.3384104,-2.5498514,0.057157516,1.9945788,0.3898257
1439,0.33579928,7.067375,2.6584535,0.009839581,0.15212107,5.28125,7.0625,12.75,5.99651,0.0713813,4.32928,2.080692,-0.009172008,0.13643551,4.125,5.437805,9.0,5.4487214,-2.7380953,-0.015685558,-0.5477886,0.26441798
1440,0.35567248,6.889898,2.6248615,0.039329752,0.29759717,5.25,7.062805,12.0,5.7611356,0.54912657,4.152149,2.0376823,-0.037393298,0.55537176,4.1875,5.656555,9.9375,5.9970016,-2.7377486,0.2577746,0.23586607,0.19345409
1441,-0.1365449,9.762787,3.1245458,-0.04835874,0.25405598,6.1875,8.3125,15.6875,6.3451996,-0.1834167,6.830181,2.6134615,-0.07979191,0.33861113,5.189026,7.03125,12.1875,5.925237,-2.9326057,0.08455515,-0.4199624,0.046871796
1442,0.21871343,6.562857,2.5618074,0.01209441,0.23140454,5.0625,6.9375,11.5,5.659514,0.25352505,3.964019,1.9909844,-0.024132779,0.2649758,4.0,5.3125,8.75,5.5219283,-2.598838,0.033571243,-0.13758564,0.034811616
1443,0.121526845,48.409157,6.957669,-0.012519044,0.19525075,13.9375,18.375,28.125,5.132809,0.82397985,43.58182,6.601653,0.0002989045,0.21567178,13.3125,17.75,26.375,5.043719,-4.8273354,0.020421028,-0.08909035,0.702453
1444,0.73933494,7.272343,2.6967282,0.06424214,0.11123824,5.5625,7.375305,12.9375,5.8439636,0.514247,4.416534,2.101555,0.10768459,0.27993917,4.3125,5.875,10.75,6.313543,-2.8558092,0.16870093,0.46957922,0.22508794
1445,0.4451148,6.320559,2.5140722,0.027428808,0.19108844,5.0,6.75,10.5,5.195013,-0.2089833,4.039133,2.0097594,0.0344948,0.25841045,4.0,5.40625,9.375,5.8815093,-2.281426,0.067322016,0.68649626,0.6540981
1446,0.36550787,9.519693,3.0854,0.16906989,0.2301526,6.125,8.25,14.9375,6.078888,0.19657831,6.8813376,2.6232305,0.13994321,0.22974467,5.15625,6.84375,13.125,6.3052626,-2.6383557,-0.0004079342,0.22637463,0.16892956
1447,0.26254305,6.0846353,2.4667053,-0.042076167,0.21256256,4.875,6.5625,11.875,6.0314074,0.2174766,3.6678004,1.9151503,-0.09697114,0.37139225,3.84375,5.187805,9.0,5.9186172,-2.4168348,0.15882969,-0.11279011,0.045066446
1448,0.17663547,7.127194,2.6696806,-0.021658313,0.20888042,5.21875,7.0625,13.3125,6.266168,-0.11932715,4.2159295,2.053273,-0.046051737,0.36095238,4.0625,5.625,10.75,6.6399083,-2.9112644,0.15207195,0.3737402,0.29596263
1449,0.39002228,6.4601464,2.5416818,0.012685546,0.15834951,5.0625,6.8125,10.875,5.346088,0.1655802,3.8157914,1.953405,-0.034198668,0.1792438,3.890625,5.21875,8.5,5.496656,-2.644355,0.020894289,0.15056801,0.22444208
1450,-2.655396,155.18813,12.457453,-0.21799403,0.35412312,25.875,35.25,54.5,5.5082293,-2.3866758,155.60353,12.474114,-0.22559668,0.35229278,25.875,35.25,50.5,5.127539,0.41540527,-0.0018303394,-0.3806901,0.26872015
1451,-0.2762858,7.8578587,2.8031871,-0.020705337,0.3157661,5.59375,7.531555,15.375,6.9464507,-0.24853393,4.9888225,2.2335672,-0.04114113,0.31299543,4.46875,6.0625,12.9375,7.322945,-2.8690362,-0.0027706623,0.3764944,0.027751863
1452,0.5921441,5.6959,2.3866084,-0.043764025,0.16021228,4.875,6.406555,11.3125,5.7860336,0.23891264,3.1248188,1.7677157,-0.1163337,0.4053228,3.546875,4.8125,8.9375,6.3649716,-2.5710812,0.24511051,0.578938,0.35323143
1453,-0.6295746,7.555922,2.7488039,0.12048713,0.26074886,5.5,7.375,12.5,5.572991,0.055545826,4.4063535,2.0991316,0.03548415,0.37014532,4.15625,5.625,11.5,6.959232,-3.1495686,0.10939646,1.386241,0.6851204
1454,0.6659818,5.964682,2.4422698,0.050911494,0.30243874,5.0,6.719055,13.5,6.7459526,0.6250771,3.3455532,1.8290854,0.098259285,0.43217468,3.8125,5.1875,10.25,6.7370954,-2.619129,0.12973595,-0.00885725,0.0409047
1455,-0.47321737,10.343031,3.2160583,-0.027641082,0.17809677,6.5,8.5,14.5,5.6433005,-0.73992294,7.7940483,2.7917824,-0.062200833,0.42307472,5.78125,7.8125,13.125,5.8130727,-2.5489826,0.24497795,0.16977215,0.26670557
1456,-0.15338208,14.018797,3.7441683,-0.09303879,0.40792012,7.46875,10.25,18.75,6.385166,-0.44966444,12.02267,3.4673722,-0.07747925,0.42840457,6.96875,9.5625,16.5,6.028596,-1.9961271,0.020484447,-0.35657024,0.29628235
1457,-0.24140047,7.2597156,2.694386,0.06921883,0.1217041,5.251526,7.0625,12.75,5.914424,-0.35048246,4.3245225,2.0795486,0.028761897,0.103494406,4.125,5.53125,9.8125,5.838914,-2.935193,-0.018209696,-0.075510025,0.109082
1458,0.25229633,7.9018617,2.811025,-0.02014829,0.19310188,5.5625,7.5,13.875,6.21413,-0.20250092,4.769882,2.184006,0.00087710115,0.25015354,4.3125,5.8125,12.5625,7.2448077,-3.1319795,0.05705166,1.0306778,0.45479727
1459,-0.21000303,6.937072,2.6338322,0.09062484,0.17168474,5.1875,6.9375,10.9375,5.2197165,-0.23200344,4.2743263,2.0674443,0.1622041,0.35179758,4.15625,5.59375,8.625,5.269516,-2.6627455,0.18011284,0.049799442,0.022000402
1460,-0.8774206,9.131649,3.0218618,-0.05595112,0.06797719,6.25,8.25,12.6875,5.087317,-0.39755037,6.158244,2.481581,-0.11661448,0.3028822,4.96875,6.90625,11.25,5.6955338,-2.973405,0.234905,0.60821676,0.47987023
1461,-0.18959525,6.5919275,2.5674748,0.11941046,0.3176167,5.125,6.84375,12.125,5.967871,-0.2452584,4.111758,2.0277472,0.18136434,0.36858487,4.03125,5.4375,8.75,5.4402504,-2.4801693,0.05096817,-0.5276208,0.055663154
1462,0.051831696,5.816712,2.411786,0.024788344,0.27264667,4.78125,6.46875,11.625,6.107089,0.24491668,3.2151816,1.7930927,-0.06946365,0.5115254,3.609375,4.9375,9.25,6.530104,-2.6015303,0.23887873,0.42301512,0.19308499
1463,0.29443136,6.6997905,2.5883954,-0.01933095,0.1835568,5.15625,6.9375,11.125,5.394949,0.48043007,4.144416,2.0357838,-0.061025463,0.31188893,4.1875,5.5625,11.0,6.6519403,-2.5553746,0.12833214,1.2569914,0.18599871
1464,-0.4568203,14.715578,3.836089,-0.27268597,0.3761208,7.78125,10.62561,18.25,6.0403457,-0.6447911,11.764698,3.4299705,-0.26342466,0.5224767,7.25,9.625,18.5,6.860602,-2.95088,0.14635587,0.82025623,0.18797082
1465,0.26080117,7.112148,2.666861,-0.05155465,0.29110813,5.3125,7.125,13.3125,6.293585,0.10302257,4.534125,2.1293485,-0.06421625,0.366745,4.21875,5.78125,11.375,6.761996,-2.578023,0.07563686,0.46841097,0.15777859
1466,0.25789016,6.6529937,2.5793397,-0.0045875297,0.1310165,5.126526,6.8125,11.0,5.3507075,-0.02202804,3.4727087,1.8635205,-0.027745109,0.3449123,3.671875,5.031555,8.5625,5.8508873,-3.180285,0.2138958,0.50017977,0.2799182
1467,-0.8058282,8.07693,2.841994,0.05362621,0.19064212,5.875,7.78125,12.625,5.3836465,-1.0001131,5.224129,2.2856355,0.07165513,0.32973552,4.9375,6.53125,11.75,5.9263453,-2.8528008,0.1390934,0.54269886,0.19428492
1468,-0.2205084,6.751629,2.5983896,-0.014334034,0.18794107,5.15625,6.812805,10.875,5.281507,-0.19389232,4.051444,2.01282,0.0885511,0.3339963,4.0,5.4375,9.25,5.790427,-2.7001848,0.14605522,0.5089202,0.026616082
1469,-0.14009404,8.316162,2.8837757,0.07866322,0.39216352,5.65625,7.78125,15.625,6.861963,0.6268575,5.536605,2.3529992,0.08105853,0.54322386,4.78125,6.625305,13.75,7.194838,-2.7795572,0.15106034,0.33287525,0.76695156
1470,1.0884391,6.453644,2.5404022,0.090252794,0.1908021,5.46875,7.375,12.0,5.484409,0.7448874,3.6607137,1.9132992,0.011456211,0.28942537,4.0625,5.375,9.1875,5.6577992,-2.7929301,0.098623276,0.17339039,0.3435517
1471,0.0030594605,7.053068,2.6557612,0.037486687,0.14959717,5.25,6.906555,12.375,5.8718133,-0.2832984,4.098127,2.024383,0.046670478,0.22667503,4.03125,5.4375,10.0625,6.201074,-2.9549413,0.077077866,0.32926083,0.28635785
1472,0.5697589,6.0272107,2.4550378,0.084724754,0.17960429,4.96875,6.78125,10.4375,5.244529,0.53814006,3.388817,1.840874,0.044541877,0.26575994,3.78125,5.125,9.75,6.451592,-2.6383936,0.08615565,1.2070632,0.031618834
1473,0.9324381,9.06008,3.0099967,0.0057996158,0.18426228,6.21875,8.3125,14.1875,5.68192,0.73130697,5.953453,2.4399698,0.09878789,0.28023434,5.09375,6.9375,11.1875,5.5965724,-3.1066265,0.09597206,-0.08534765,0.2011311
1474,0.08845069,8.072773,2.8412626,0.101183824,0.2757175,5.625,7.562805,11.875,5.295887,0.37539577,5.139414,2.2670276,0.20467858,0.8184328,4.53125,6.219055,13.125,7.32888,-2.9333591,0.5427153,2.0329928,0.28694507
1475,0.67174226,6.232468,2.4964912,0.030002546,0.16410851,5.09375,6.8125,11.0625,5.388023,0.24381587,3.737191,1.9331815,-0.033878304,0.2849257,3.859375,5.125,8.75,5.686834,-2.4952772,0.120817184,0.29881096,0.4279264
1476,-0.5150642,5.7635756,2.4007447,0.003060264,0.13777661,4.84375,6.4375,9.75,5.0165296,-0.30484852,3.2954614,1.8153405,0.022300199,0.30918932,3.640625,4.9375,8.5,5.8584447,-2.4681141,0.1714127,0.84191513,0.21021566
1477,0.80277866,6.7904587,2.605851,0.061027598,0.14097977,5.40625,7.09375,11.8125,5.473676,0.671262,4.1644316,2.040694,0.021232938,0.21078086,4.21875,5.71875,9.5625,5.6118574,-2.626027,0.06980109,0.13818121,0.13151664
1478,0.2708795,6.3412747,2.5181887,0.008299337,0.16564822,4.9375,6.6875,11.375,5.6540847,0.16376981,3.716964,1.927943,-0.06892493,0.33818412,3.84375,5.125,9.25,6.0664225,-2.6243107,0.1725359,0.41233778,0.107109696
1479,0.5875787,9.51793,3.0851142,0.016499301,0.13236833,6.15625,8.3125,14.5,5.8145595,0.4002034,6.824684,2.6124096,0.11431736,0.5446503,5.157776,7.125,14.5,6.9788423,-2.693246,0.412282,1.1642828,0.1873753
1480,0.21547456,9.040846,3.0068,-0.037112255,0.16162992,6.0,7.9375,13.5,5.6487575,-0.032881007,6.2589755,2.5017943,-0.014490133,0.31743288,4.96875,6.656555,11.25,5.7129636,-2.7818704,0.15580297,0.06420612,0.24835557
1481,-0.7806782,7.950944,2.8197417,-0.043431286,0.13743138,5.75,7.75,13.8125,5.953605,-0.6820743,5.0492463,2.247053,0.006194822,0.2601788,4.65625,6.187805,10.5,5.666881,-2.9016976,0.12274742,-0.2867241,0.098603904
1482,0.7306828,7.923958,2.8149526,0.121519625,0.40536928,5.78125,7.9375,13.4375,5.9103503,0.29437074,5.142275,2.2676585,0.12532623,0.46811366,4.5625,6.28125,11.5,6.452493,-2.781683,0.06274438,0.54214287,0.43631205
1483,-0.22769208,7.4912896,2.737022,0.145908,0.25823689,5.34375,7.3125,12.3125,5.6683774,-0.2523373,4.3260403,2.0799136,0.011515688,0.49211884,4.125,5.656555,10.0625,6.1028485,-3.1652493,0.23388195,0.43447113,0.024645224
1484,-0.44534448,5.7064276,2.388813,-0.03084117,0.112252235,4.75,6.375,11.25,5.842336,-0.37702587,3.54925,1.8839453,-0.11168098,0.33171582,3.859375,5.1875,9.375,6.218943,-2.1571777,0.21946359,0.37660694,0.068318605
1485,-2.2427745,25.647352,5.0643215,-0.08852117,0.16385198,11.0,14.6875,22.0,5.025129,-0.6675784,21.258966,4.6107445,-0.12650974,0.24001145,9.3125,12.5625,21.125,5.774501,-4.388386,0.07615948,0.749372,1.575196
1486,0.08312725,6.647947,2.5783613,0.027206426,0.20186353,5.09375,6.750305,11.5625,5.66734,-0.25886038,4.0230904,2.0057642,0.0041598873,0.27548933,4.001526,5.4375,8.9375,5.6115503,-2.6248565,0.0736258,-0.05578947,0.34198764
1487,0.67666155,8.432611,2.9038959,0.0024893717,0.34560466,6.0,8.0,12.5,5.33282,0.035889696,5.952565,2.4397879,0.08780034,0.7376027,4.875,6.9375,11.8125,6.248919,-2.4800463,0.39199805,0.9160991,0.64077187
1488,0.9039872,9.143029,3.0237443,0.0024148442,0.054013252,6.1875,8.125,13.5625,5.4034915,0.41450948,6.2305393,2.4961047,0.015441683,0.16204238,4.96875,6.625,10.75,5.361378,-2.91249,0.10802913,-0.042113304,0.48947775
1489,-0.543185,6.031501,2.4559114,0.04964313,0.13287067,4.9375,6.625305,9.875,4.927576,-0.52646154,3.666247,1.9147446,0.009295292,0.27697396,3.9375,5.21875,9.5,6.058941,-2.365254,0.14410329,1.1313648,0.016723454
1490,-0.57444763,7.1569343,2.6752448,-0.12100046,0.08833599,5.4375,7.219055,11.9375,5.5221667,-0.2059413,4.1343126,2.0333009,-0.22911726,0.32641602,4.09375,5.6875,9.9375,6.2072163,-3.0226216,0.23808002,0.68504953,0.3685063
1491,0.40322003,5.384646,2.320484,0.063530624,0.1839652,4.6875,6.25,10.4375,5.5997095,0.09116213,2.9803019,1.7263551,-0.031628802,0.3683362,3.421875,4.6875,8.0625,5.930906,-2.404344,0.184371,0.3311963,0.3120579
1492,0.57761085,6.2730646,2.5046086,0.057051867,0.12187672,5.0625,6.781555,12.0,5.8862696,0.09904453,3.4991353,1.8705976,0.02181794,0.27671146,3.71875,5.0,8.25,5.593679,-2.7739294,0.15483475,-0.29259062,0.47856632
1493,-0.85848933,6.491439,2.5478303,0.019440388,0.19828343,5.3125,7.09375,11.0625,5.1824684,-0.10493389,3.7013109,1.9238791,-0.012978395,0.1526053,3.84375,5.03125,9.1875,6.0234747,-2.790128,-0.04567814,0.8410063,0.7535554
1494,0.34276232,12.043367,3.4703555,0.026023546,0.3149078,7.03125,9.4375,15.0625,5.4985476,0.1578876,8.801969,2.9668112,0.10564723,0.6433759,5.90625,8.1875,14.375,6.2149515,-3.2413988,0.32846808,0.71640396,0.18487473
1495,0.42958373,7.2189546,2.6868112,0.0340547,0.15381455,5.375,7.21875,11.875,5.5074706,-0.14589834,4.369768,2.090399,0.04581606,0.26102877,4.15625,5.59375,9.1875,5.5515313,-2.8491864,0.10721421,0.044060707,0.5754821
1496,-0.46333477,6.871697,2.6213923,-0.06799042,0.22631955,5.28125,7.09375,14.125,6.7312317,-0.1629688,4.1134562,2.0281658,-0.07492229,0.37504148,4.09375,5.53125,9.875,6.207589,-2.7582407,0.14872193,-0.52364254,0.30036598
1497,-0.99624705,8.072561,2.8412254,-0.056085713,0.15412259,5.96875,7.90625,13.6875,5.7278795,-0.27284667,4.680875,2.163533,0.03715189,0.24199104,4.375,5.84375,9.3125,5.4175897,-3.3916864,0.08786845,-0.31028986,0.72340035
1498,-1.9457886,7.335153,2.7083488,-0.0010394666,0.1419096,6.40625,8.375,13.875,5.1606126,-1.5169146,4.452588,2.1101158,-0.1223647,0.22748661,5.0625,6.71875,12.6875,6.107589,-2.882565,0.08557701,0.9469762,0.42887402
1499,-0.3443514,6.459776,2.5416088,-0.03277094,0.14560962,5.03125,6.78125,11.25,5.5339913,-0.53396934,3.7216403,1.9291553,-0.014780973,0.25831628,3.90625,5.34375,9.1875,5.7888064,-2.7381356,0.11270666,0.2548151,0.18961793
1500,0.20207812,10.137064,3.1838756,0.01987941,0.46996713,6.3125,8.75,16.625,6.640151,0.04276891,7.4124765,2.7225864,0.15357855,0.6695759,5.46875,7.656555,13.875,6.5688443,-2.7245874,0.1996088,-0.071306705,0.15930921
1501,-0.49075648,5.4949865,2.3441389,0.026184082,0.13903832,4.71875,6.3125,10.5625,5.5573173,-0.19482745,3.1681252,1.7799228,0.054041527,0.16972423,3.546875,4.75,7.84375,5.519657,-2.3268614,0.030685902,-0.037660122,0.295929
1502,-0.5481942,6.6364336,2.5761275,-0.003942391,0.2507584,5.21875,6.969055,13.5,6.483689,-0.5147611,4.0457654,2.0114088,-0.05247132,0.7173512,4.09375,5.625,10.625,6.5500064,-2.5906682,0.4665928,0.06631756,0.03343314
1503,0.62936926,5.283237,2.2985294,0.004108451,0.10202026,4.6875,6.1875,12.75,6.7240157,0.6322971,3.004569,1.7333692,0.06663391,0.20939541,3.640625,4.9375,8.4375,5.7830634,-2.278668,0.107375145,-0.9409523,0.0029278398
1504,-1.302754,7.118202,2.667996,-0.067243904,0.2323699,5.84375,7.90625,12.3125,5.229629,-0.81222034,4.1854177,2.0458293,-0.0696845,0.30199337,4.34375,5.875,9.75,5.611489,-2.9327846,0.06962347,0.38185978,0.4905337
1505,0.57491964,7.3971953,2.7197785,-0.00408822,0.33828306,5.53125,7.375,13.9375,6.3723197,0.6101453,4.2498903,2.0615263,-0.0034569325,0.482975,4.21875,5.84375,11.25,6.6446686,-3.147305,0.14469194,0.27234888,0.03522563
1506,-1.2821164,11.493684,3.3902335,-0.034111876,0.29243422,7.0625,9.75061,15.75,5.492694,-0.25754747,8.113435,2.8484092,-0.13108306,1.0553923,5.65625,7.875,16.875,7.5856314,-3.380249,0.76295805,2.0929375,1.0245689
1507,0.30973938,6.0000544,2.4495008,0.07040516,0.15141821,4.875,6.46875,10.875,5.569587,0.09582715,3.343059,1.8284035,0.0676906,0.30177116,3.640625,4.9375,8.125,5.631127,-2.6569953,0.15035295,0.06153965,0.21391223
1508,0.55424386,6.7980146,2.6073003,0.029885052,0.19702816,5.25,7.03125,13.5,6.3836536,0.35294673,3.9739215,1.9934697,0.004239995,0.29188156,4.0,5.406555,9.5,5.9487896,-2.824093,0.0948534,-0.43486404,0.20129713
1509,-0.38394657,6.3650208,2.5228994,0.0016917962,0.14896703,5.03125,6.75,10.125,5.0126987,-0.23269819,3.6671097,1.9149699,0.019454287,0.29726768,3.828125,5.15625,9.125,5.984652,-2.697911,0.14830065,0.9719534,0.15124838
1510,0.41296113,6.5771704,2.5645995,-0.06758249,0.22470713,5.125,6.8125,12.1875,5.9212527,0.48327538,4.238732,2.058818,-0.03463909,0.29064417,4.1875,5.625,10.0625,6.0164256,-2.3384385,0.06593704,0.09517288,0.07031426
1511,0.9256535,15.913981,3.9892333,-0.043806415,0.33312464,8.125,10.9375,18.0,5.575751,0.4001149,13.047261,3.6120992,0.018624634,0.42498112,7.3125,10.0,16.5,5.8151793,-2.8667202,0.09185648,0.23942852,0.5255386
1512,-0.044740453,6.499958,2.5495014,-0.0014857195,0.21581554,5.09375,6.719055,13.25,6.5748467,0.18327232,3.8015802,1.9497641,0.021981176,0.2668631,3.953125,5.1875,10.4375,6.7827964,-2.6983778,0.051047564,0.20794964,0.22801277
1513,0.60571915,6.1985874,2.4896963,-0.026604302,0.2349968,5.09375,6.78125,12.0,5.910965,0.5508376,3.5610266,1.8870683,0.008431413,0.28660965,3.875,5.187805,9.125,5.874462,-2.6375608,0.051612854,-0.036502838,0.054881573
1514,-0.44858834,6.094259,2.4686553,-0.1577893,0.14774108,5.0,6.6875,10.125,5.1224117,-0.36726785,3.319668,1.8219956,-0.14085852,0.35071373,3.703125,5.0625,9.0625,6.2233667,-2.7745907,0.20297265,1.100955,0.081320494
1515,-0.15496233,29.056675,5.3904243,-0.17817539,0.49198222,10.625,14.75,29.875,7.0560975,-0.030399414,24.9176,4.991753,-0.2355399,0.6746018,9.8125,13.8125,28.375,7.2852483,-4.1390743,0.18261957,0.22915077,0.12456292
1516,-0.08016038,7.2049384,2.6842017,-2.8747214e-05,0.27016878,5.375,7.1875,11.5,5.448766,0.013916626,4.314583,2.0771575,0.17142963,0.5592289,4.125,5.78125,10.25,6.326845,-2.8903556,0.28906012,0.87807894,0.094077006
1517,-0.094551645,6.3643866,2.5227735,-0.046003,0.25275207,5.0,6.65625,12.4375,6.238748,-0.22202541,3.8185024,1.9540988,-0.053416714,0.4229555,3.90625,5.34375,9.875,6.4062715,-2.5458841,0.17020345,0.16752338,0.12747377
1518,-0.9165391,7.550792,2.7478704,-0.104980804,0.22271538,5.75,7.781555,12.5,5.482491,-0.24644096,4.800447,2.190992,-0.13426925,0.34418106,4.40625,5.96875,11.125,6.4350333,-2.7503452,0.12146568,0.9525423,0.6700981
1519,0.307722,6.507826,2.551044,0.052606672,0.16594219,5.0625,6.75,10.75,5.2957816,0.22891682,3.7838235,1.9452052,-0.008588126,0.29517412,3.90625,5.25,9.125,5.907657,-2.7240024,0.12923193,0.61187553,0.07880518
1520,-0.010361493,7.798685,2.7926126,0.024154678,0.13506055,5.5,7.34375,13.1875,5.96202,-0.005679962,4.999194,2.2358878,-0.048744302,0.25547838,4.4375,6.0,10.5625,5.98179,-2.799491,0.12041783,0.019770145,0.0046815304
1521,1.1242001,6.569583,2.5631196,0.03662544,0.10979748,5.53125,7.25,11.5,5.188325,0.62176096,3.663718,1.9140841,0.057026945,0.28362155,3.953125,5.3125,9.625,6.0628405,-2.905865,0.17382407,0.87451553,0.50243914
1522,0.2418118,6.364542,2.5228045,-0.08766745,0.22942758,5.0,6.75,12.125,6.05473,0.22633041,3.544105,1.8825793,-0.13125455,0.25563455,3.734375,5.09375,8.4375,5.619531,-2.820437,0.02620697,-0.43519878,0.015481383
1523,-1.0481675,7.4067197,2.721529,0.06984954,0.4163201,5.71875,7.656555,13.9375,6.033801,-0.38298053,4.8174443,2.1948676,0.09062189,0.3792596,4.40625,5.96875,10.8125,6.1442914,-2.5892754,-0.0370605,0.11049032,0.66518694
1524,0.16265382,8.342154,2.8882787,0.043049823,0.122980595,5.6875,7.5625,13.0625,5.68221,0.6203239,5.948457,2.4389458,0.10016122,0.056878805,4.96875,6.6875,10.0,5.00667,-2.3936968,-0.06610179,-0.67554,0.4576701
1525,-0.87063193,5.8517513,2.4190392,-0.012971927,0.21988058,5.09375,6.75,10.5625,5.190498,-0.49294648,3.543736,1.8824813,-0.1286124,0.611048,3.828125,5.21875,10.75,7.046906,-2.3080153,0.3911674,1.8564081,0.37768546
1526,0.23836967,6.1189,2.473641,-0.00255227,0.10116935,4.90625,6.5,10.125,5.1344805,0.0068445313,3.6890516,1.9206904,0.04821205,0.16267586,3.8125,5.09375,8.75,5.754921,-2.4298482,0.06150651,0.6204405,0.23152514
1527,-0.3567206,6.4012876,2.5300765,-0.06296675,0.29683042,5.0625,6.969055,11.375,5.6472025,0.034570996,3.7947798,1.9480195,-0.109575115,0.4796908,3.859375,5.40625,10.1875,6.6839995,-2.6065078,0.18286037,1.036797,0.3912916
1528,-0.023580426,6.0180826,2.4531782,0.0047652023,0.20637083,4.875,6.5,11.25,5.804695,0.22590005,3.7135742,1.9270636,-0.017868044,0.3473425,3.859375,5.21875,8.875,5.807694,-2.3045084,0.14097166,0.002998829,0.24948049
1529,0.34793353,6.2806916,2.5061307,0.0058636963,0.24277043,5.03125,6.75,10.75,5.387957,0.18810993,3.567354,1.888744,0.08979565,0.31944418,3.78125,5.09375,8.9375,6.001163,-2.7133377,0.076673746,0.6132059,0.1598236
1530,0.1415024,6.620801,2.5730917,0.029547058,0.23859406,5.125,6.906555,11.4375,5.6275735,0.012541562,3.7125173,1.9267894,0.016478602,0.2864871,3.828125,5.15625,8.75,5.7727294,-2.9082837,0.047893047,0.1451559,0.12896083
1531,-0.0057051573,6.6386814,2.5765638,0.013061284,0.37187815,5.125,7.0625,10.75,5.3112974,0.44454473,3.9408898,1.9851675,0.017443078,0.5938778,4.0625,5.6875,9.0,5.655937,-2.6977916,0.22199965,0.34463978,0.45024988
1532,-0.070032,6.31625,2.513215,-0.095173135,0.31924057,5.0,6.8125,14.5,7.3238792,0.259798,3.4673274,1.862076,-0.080513485,0.26920795,3.75,5.0625,9.5,6.4031777,-2.8489225,-0.050032616,-0.9207015,0.32983
1533,0.45449835,6.757431,2.599506,0.060133457,0.28868914,5.25,7.0625,15.6875,7.5449543,0.43679488,3.905208,1.9761599,0.108296014,0.5180974,4.0625,5.53125,11.6875,7.4009314,-2.852223,0.22940826,-0.14402294,0.017703474
1534,0.38817182,6.8889713,2.624685,-0.039251197,0.20731926,5.25,7.03125,10.625,5.0588083,0.22897178,4.022767,2.0056837,-0.06653795,0.29694033,4.03125,5.375305,9.375,5.9074006,-2.8662043,0.08962107,0.8485923,0.15920004
1535,-0.20736416,7.4580517,2.7309434,0.15690771,0.31643748,5.40625,7.25,13.8125,6.388033,0.008548328,4.4687533,2.1139426,0.13494435,0.3697214,4.1875,5.78125,10.625,6.403029,-2.9892983,0.05328393,0.014996052,0.21591249
1536,-0.32380405,5.978845,2.4451678,-0.003912344,0.1627214,4.8125,6.46875,11.4375,5.8345227,0.09492202,3.2659028,1.8071809,-0.07309306,0.29006338,3.578125,4.84375,8.3125,5.8300405,-2.7129424,0.12734199,-0.0044822693,0.4187261
1537,-0.5793787,7.958156,2.8210204,-0.008587084,0.15633297,5.65625,7.5625,13.75,6.024196,-0.72724444,5.2229786,2.2853837,0.019963514,0.32724237,4.689026,6.312805,13.75,7.2389684,-2.7351775,0.1709094,1.2147722,0.14786571
1538,0.59746397,16.278584,4.0346727,-0.05819538,0.32824755,8.0625,11.00061,17.875,5.5657463,0.43767062,13.194547,3.6324298,-0.043503195,0.4408033,7.25,10.1875,16.125,5.6193657,-3.0840368,0.11255574,0.053619385,0.15979335
1539,-0.0942129,7.6633377,2.7682734,-0.012595786,0.32427883,5.46875,7.4375,12.0625,5.5289683,-0.2858485,4.835922,2.1990728,-0.18601699,0.7355685,4.375,6.15625,12.125,7.019821,-2.827416,0.4112897,1.4908528,0.19163561
1540,-0.43898618,6.7650156,2.6009643,0.032988686,0.14925146,5.1875,6.96875,11.4375,5.4645805,-0.38062152,3.6151862,1.9013643,0.005272238,0.46232986,3.828125,5.25,9.6875,6.342384,-3.1498294,0.3130784,0.8778033,0.05836466
1541,0.58554953,6.2973123,2.5094447,0.10397382,0.23529863,5.125,6.9375,12.5625,6.1823754,0.2985544,3.8142414,1.9530083,0.11845493,0.32731748,3.90625,5.375,9.125,5.875237,-2.4830709,0.09201884,-0.30713844,0.28699514
1542,0.081325196,6.096103,2.4690287,0.040402144,0.123458385,4.875,6.53125,10.25,5.2388005,-0.53648984,3.4378085,1.8541328,-0.01340911,0.32235432,3.8125,5.09375,10.4375,6.844073,-2.6582947,0.19889593,1.6052723,0.617815
1543,-0.4049651,6.355754,2.5210621,0.006229469,0.04660344,5.03125,6.6875,9.75,4.8003306,-0.25368622,3.673836,1.9167253,-0.061355703,0.2827785,3.859375,5.21875,8.25,5.4279165,-2.681918,0.23617506,0.6275859,0.15127888
1544,0.64218426,6.5688615,2.562979,0.049330268,0.13657022,5.25,6.96875,12.3125,5.897199,0.077112816,3.8901665,1.9723505,0.081958435,0.27471685,3.890625,5.21875,9.4375,6.0562015,-2.678695,0.13814664,0.1590023,0.56507146
1545,0.19196805,6.156751,2.48128,-0.020532444,0.1512928,4.9375,6.625,10.8125,5.491826,0.58349705,3.7285464,1.9309444,0.19245449,0.956043,3.96875,5.34375,11.5625,7.3470364,-2.4282048,0.8047502,1.8552103,0.391529
1546,-12.218694,247.72252,15.739203,0.12998448,0.042030096,38.0,47.5,63.0,3.8656452,-10.994337,251.00497,15.843137,0.17571513,0.10786104,36.75,46.25,67.0,4.26338,3.2824554,0.065830946,0.39773488,1.2243567
1547,0.53925085,6.4759674,2.5447922,-0.051770892,0.25370145,5.125,6.906555,12.625,6.130923,0.34236425,3.6827009,1.9190364,-0.035201274,0.39241385,3.875,5.21875,9.375,6.11798,-2.7932665,0.1387124,-0.012942791,0.1968866
1548,-0.52173895,5.803064,2.4089549,-0.057588544,0.22431493,4.84375,6.6875,10.125,5.202802,-0.6115989,3.4321468,1.8526055,-0.081874155,0.20663595,3.890625,5.25,9.3125,6.048315,-2.370917,-0.017678976,0.84551287,0.08985996
1549,1.1674838,8.150085,2.8548355,0.0065762894,0.25481057,6.0625,8.125,13.9375,5.6984887,0.46594566,5.3139377,2.305198,-0.0053113718,0.3501296,4.6875,6.40625,10.875,5.8825254,-2.8361478,0.09531903,0.18403673,0.70153815
1550,0.5813667,7.132854,2.6707404,0.063244216,0.2794912,5.40625,7.3125,15.0625,6.9902244,-0.14860328,4.2996736,2.0735655,0.28756696,1.2024307,4.0625,5.65625,13.3125,8.238808,-2.8331804,0.92293954,1.2485833,0.72997
1551,-0.86806846,6.426968,2.5351465,-0.1319438,0.24016547,5.375,7.125305,12.1875,5.7966866,-0.4447982,3.5298812,1.8787978,-0.0391089,0.32546663,3.84375,5.21875,8.5,5.608327,-2.8970869,0.08530116,-0.18835974,0.42327026
1552,-0.23007107,16.044987,4.0056195,0.051530324,0.70081043,8.0625,11.25,19.0,6.1343055,-0.03619353,13.877881,3.7253027,0.10836242,0.91845536,7.532776,10.6875,20.375,7.1318436,-2.1671057,0.21764493,0.9975381,0.19387753
1553,0.5988144,6.6082673,2.570655,-0.0543474,0.23186994,5.15625,7.0,11.125,5.308893,0.49180084,3.9946675,1.9986664,-0.14532603,0.77783346,4.03125,5.75,10.0,6.2081704,-2.6135998,0.5459635,0.8992772,0.10701358
1554,-0.8338608,7.3314857,2.7076716,0.01865572,0.16912961,5.625,7.5,11.875,5.27713,-0.6853782,4.340672,2.083428,0.07604417,0.24749732,4.28125,5.78125,9.125,5.2326865,-2.9908137,0.07836771,-0.044443607,0.14848262
1555,0.1366751,6.281564,2.506305,-0.016533012,0.13056135,4.9375,6.625305,12.5,6.268956,-0.06664075,3.7249777,1.9300201,-0.06857195,0.3623886,3.78125,5.1875,10.625,6.979812,-2.5565865,0.23182726,0.71085596,0.20331585
1556,0.36665595,12.248563,3.4997947,-0.062297016,0.32119083,6.9375,9.5,15.6875,5.6348634,0.18425167,9.291973,3.0482738,0.034600805,0.4181621,6.03125,8.3125,15.0,6.2580094,-2.9565897,0.09697127,0.62314606,0.18240428
1557,0.72445774,6.360207,2.521945,0.013924792,0.17240667,5.1875,6.844055,14.0,6.725915,0.62413526,3.770977,1.9419004,-0.03440413,0.25713015,4.03125,5.34375,10.875,6.717037,-2.58923,0.08472347,-0.008877754,0.100322485
1558,0.4499173,6.5025444,2.5500088,0.014141417,0.2145679,5.1875,6.875305,11.1875,5.476713,0.18426153,4.10558,2.026223,0.07900908,0.50905704,3.984375,5.500305,9.875,6.193663,-2.3969646,0.29448915,0.71694994,0.26565576
1559,-0.074481,9.523811,3.0860672,-0.06722029,0.27764583,6.125,8.1875,15.0,6.1695724,-0.13159248,6.9650116,2.6391308,-0.046516936,0.28129888,5.3125,6.96875,13.125,6.3123507,-2.5587997,0.0036530495,0.1427784,0.05711148
1560,0.56844956,10.062429,3.1721332,-0.11490009,0.6684778,6.5,8.75,17.375,6.9290657,0.3710416,7.8196373,2.7963614,-0.07118397,0.8357518,5.75,7.969055,13.875,6.3931527,-2.2427921,0.167274,-0.535913,0.19740796
1561,0.70757896,7.7080913,2.776345,0.04516432,0.24850631,5.71875,7.687805,11.8125,5.222297,-0.11245996,4.530894,2.1285896,0.07230171,0.41558218,4.25,5.875,10.8125,6.4754744,-3.1771975,0.16707587,1.2531772,0.8200389
1562,-0.06867051,6.128468,2.4755743,-0.06633186,0.2477665,4.90625,6.625,10.75,5.5015507,-0.15811785,3.6717858,1.9161905,-0.061913084,0.39506912,3.8125,5.25,9.0,5.9654527,-2.4566822,0.14730263,0.463902,0.089447334
1563,0.7710654,6.49131,2.547805,0.013636029,0.14127564,5.21875,7.0,12.75,6.0462265,-0.22945979,3.8465836,1.9612709,0.019541906,0.16358209,3.890625,5.21875,8.875,5.673956,-2.6447265,0.022306442,-0.37227058,1.0005252
1564,0.14734247,6.3749485,2.524866,-0.013446876,0.22340965,4.9375,6.75,10.625,5.3243747,0.49888623,3.9429505,1.9856864,0.0054395203,0.24120927,4.03125,5.469055,9.375,5.8009667,-2.431998,0.017799616,0.47659206,0.35154375
1565,-0.1307882,7.69711,2.7743666,-0.03412068,0.15016937,5.532776,7.25,11.875,5.4103246,0.1945791,4.716803,2.1718202,-0.02502752,0.16578913,4.3125,5.7506104,9.3125,5.3905973,-2.980307,0.015619755,-0.01972723,0.3253673
1566,-0.45059562,6.7071095,2.5898087,-0.023373365,0.26078844,5.25,7.0,11.3125,5.472521,0.05591139,3.9652843,1.9913021,-0.036794893,0.32991123,3.953125,5.3125,9.375,5.9640574,-2.741825,0.06912279,0.49153662,0.506507
1567,0.22860947,6.2828517,2.5065618,-0.0072252364,0.22481704,5.0,6.59375,11.8125,5.937793,0.39668936,3.9265132,1.9815432,-0.012192411,0.45527625,4.0625,5.5625,10.125,6.4026575,-2.3563385,0.23045921,0.46486473,0.16807988
1568,-0.48048165,6.7074127,2.5898674,0.0042748284,0.18886614,5.21875,6.96875,11.5,5.5164704,-0.011941211,4.056331,2.0140336,-0.026170777,0.3638215,4.0,5.4375,8.6875,5.4850407,-2.6510816,0.17495537,-0.031429768,0.46854043
1569,0.19867757,6.1074986,2.4713354,0.0035384034,0.12028885,4.90625,6.5,9.5625,4.8698053,0.28150663,3.4863563,1.8671787,0.011807027,0.448004,3.75,5.21875,9.25,6.2483387,-2.6211424,0.32771516,1.3785334,0.08282906
1570,30.87244,353.20856,18.793844,-0.08552004,-0.31768584,61.75,71.5,89.5,2.826041,30.68735,379.1434,19.471605,-0.19954535,0.11360717,62.5,72.0,93.5,2.9462168,25.934845,0.431293,0.12017584,0.18509102
1571,-0.18686818,5.9018936,2.4293814,0.060126938,0.18062472,4.8125,6.344055,11.875,6.138182,-0.3669962,3.2528644,1.8035699,0.043139663,0.2394576,3.625,4.78125,9.125,6.2542987,-2.6490293,0.058832884,0.116116524,0.18012802
1572,0.4442547,8.207236,2.8648274,-0.23654777,0.46646142,5.6875,7.781555,14.1875,6.1898913,0.46866298,5.7177258,2.3911767,-0.17403993,0.6288502,4.875,6.65625,13.3125,6.9730754,-2.4895105,0.1623888,0.78318405,0.02440828
1573,-0.70495266,6.7475963,2.5976136,0.10443101,0.23077202,5.25,7.0625,11.8125,5.5194955,-0.22006291,3.9054914,1.9762316,0.045352787,0.28438926,3.953125,5.21875,9.8125,6.25586,-2.842105,0.05361724,0.73636436,0.48488975
1574,0.34808525,6.3899126,2.5278277,0.083770275,0.13418889,5.0625,6.8125,10.5,5.197778,0.32159838,3.8911812,1.9726077,0.08523232,0.28197718,3.953125,5.40625,10.25,6.5261154,-2.4987314,0.14778829,1.3283372,0.026486874
1575,-0.4039581,12.724366,3.567123,0.04102773,0.4064417,7.09375,9.75,18.625,6.5827045,-0.3005975,10.073005,3.1737998,-0.046815485,0.55582285,6.375,8.9375,14.4375,5.8065944,-2.6513615,0.14938116,-0.7761102,0.10336062
1576,-0.28583017,14.656166,3.8283372,-8.606508e-05,0.55015063,7.71875,10.5625,18.25,6.109808,-0.34478614,12.44295,3.5274565,0.031228663,0.75718355,7.125,9.9375,22.625,8.227336,-2.2132158,0.20703292,2.117528,0.058955967
1577,0.9842996,6.2006717,2.4901147,-0.033233494,0.26737595,5.1875,7.0,11.6875,5.471311,0.77768874,3.8134766,1.9528124,-0.044181466,0.44561362,4.125,5.5625,10.9375,6.568,-2.387195,0.17823768,1.0966887,0.20661086
1578,0.014748559,5.6458755,2.376105,-0.009278735,0.28569555,4.71875,6.3125,10.75,5.7444067,0.022739258,3.0377567,1.7429161,0.03250873,0.3378451,3.46875,4.71875,8.9375,6.527998,-2.6081188,0.052149534,0.7835913,0.007990698
1579,-0.9081592,6.470888,2.5437942,-0.084656864,0.27002954,5.3125,7.3125,13.0625,6.13338,-0.92346483,3.775444,1.9430501,-0.038715173,0.29950213,4.28125,5.6875,9.1875,5.399445,-2.695444,0.02947259,-0.7339349,0.015305638
1580,-1.3421412,9.56115,3.0921109,0.0067283143,0.20468211,6.65625,8.75,14.0,5.22749,-0.7825964,6.8919296,2.6252484,-0.040599905,0.31452203,5.46875,7.34375,13.1875,6.1080356,-2.66922,0.109839916,0.8805456,0.55954474
1581,0.3352271,5.441832,2.3327734,0.054498464,0.21034813,4.6875,6.3125,11.25,6.0374217,0.11267987,3.2266138,1.7962778,0.23258542,1.2967834,3.484375,4.90625,10.6875,7.6653695,-2.2152183,1.0864353,1.6279478,0.22254723
1582,-0.1531875,8.768739,2.9612057,0.050399464,0.19131064,5.875,7.875305,13.625,5.8069386,0.017599976,6.374387,2.5247548,0.10421997,0.24387121,5.0,6.75,10.8125,5.431202,-2.394352,0.052560568,-0.3757367,0.17078747
1583,-0.28029984,6.9288287,2.6322668,0.023152217,0.18811703,5.25,6.937805,12.875,6.1359286,-0.3353453,4.0895295,2.0222585,0.06774174,0.24099326,4.0625,5.40625,11.4375,7.046027,-2.8392992,0.052876234,0.91009855,0.055045456
1584,0.16632137,7.307575,2.7032528,-0.021206588,0.17478776,5.3125,7.125,12.6875,5.904158,0.23641948,4.38015,2.0928807,-0.012793941,0.34863925,4.1875,5.6256104,10.5,6.3320293,-2.9274254,0.17385149,0.42787123,0.07009812
1585,0.20096804,5.486146,2.3422523,0.0013953057,0.2597983,4.625,6.25,11.0625,5.951139,0.22987573,2.9583006,1.7199711,-0.0021413763,0.26184464,3.390625,4.656555,8.1875,5.9817295,-2.5278454,0.0020463467,0.030590534,0.028907686
1586,-0.28691006,5.981874,2.445787,0.031638976,0.15345645,4.84375,6.5,10.25,5.237462,-0.22199473,3.5546684,1.8853829,0.055437386,0.22814298,3.71875,5.0,8.9375,5.9480357,-2.4272056,0.07468653,0.7105737,0.06491533
1587,0.90849924,5.8063536,2.4096377,-0.0051080333,0.16568613,5.0625,6.78125,12.0,5.845968,0.70155656,3.2649682,1.8069223,-0.0010856118,0.23143673,3.8125,5.09375,9.5625,6.224193,-2.5413854,0.0657506,0.37822533,0.20694268
1588,0.6077091,5.7494907,2.3978095,-0.027896833,0.1344204,4.875,6.46875,11.0625,5.61571,0.58687043,3.3970356,1.8431048,0.02135675,0.31911445,3.8125,5.125,8.5,5.57121,-2.3524551,0.18469405,-0.044499874,0.020838678
1589,0.05856331,7.3817444,2.7169366,-0.13581502,0.16330552,5.375,7.15625,11.9375,5.5506153,-0.026655762,4.6182895,2.1490207,-0.14394346,0.27975774,4.28125,5.75,9.5,5.6088004,-2.763455,0.11645222,0.0581851,0.08521907
1590,-0.56509846,6.133633,2.4766173,-0.016806353,0.21016312,5.0,6.6875,11.75,5.858986,-0.38892242,3.7293367,1.9311491,0.038805075,0.4007144,3.90625,5.25,9.1875,5.93035,-2.4042964,0.19055128,0.071363926,0.17617604
1591,0.37877205,6.840409,2.6154175,-0.032366212,0.21615362,5.25,7.0,13.25,6.339692,0.20510894,3.9035895,1.9757503,-0.03526306,0.360255,3.921875,5.3125,9.875,6.312372,-2.9368193,0.14410138,-0.027319908,0.17366311
1592,0.26365533,3.3282194,1.8243408,-0.0005955219,0.19050288,3.625,4.84375,8.25,5.6546354,0.35733163,2.189015,1.479532,0.09482081,0.649822,2.984375,4.125,7.84375,6.587511,-1.1392045,0.4593191,0.93287563,0.0936763
1593,-0.5101929,8.881136,2.9801235,-0.021067562,0.8831265,6.15625,8.625,15.0,6.4566646,-0.09017128,6.7566977,2.5993648,-0.0041020787,0.88645816,5.34375,7.469055,13.1875,6.651815,-2.1244383,0.0033316612,0.19515038,0.4200216
1594,0.4709868,9.368426,3.0607884,-0.06105041,0.23108101,6.09375,8.3125,14.625,5.9686675,0.13646337,7.279675,2.6980872,-0.09847825,0.17932892,5.3125,7.0631104,13.25,6.1815634,-2.0887513,-0.05175209,0.21289587,0.33452344
1595,0.62386394,6.8837314,2.6236866,0.05862968,0.12143278,5.3125,7.125,11.5625,5.413851,-0.057781346,4.131948,2.0327194,-0.03207864,0.30070686,4.032776,5.5,9.875,6.170608,-2.7517834,0.17927408,0.75675726,0.6816453
1596,-0.063192375,6.1908193,2.4881358,-0.09155548,0.28142166,4.9375,6.65625,10.625,5.429147,0.26703334,3.735559,1.9327594,-0.08620358,0.42568398,3.875,5.28125,8.8125,5.755624,-2.4552603,0.14426231,0.32647705,0.3302257
1597,-0.09792062,6.16685,2.4833143,-0.021333374,0.2536025,4.90625,6.65625,10.5625,5.38432,0.09265874,3.6183019,1.9021834,0.030064916,0.3040533,3.796875,5.125,8.5,5.6657,-2.5485482,0.0504508,0.28138018,0.19057935
1598,0.06671328,7.0218635,2.64988,-0.1598428,0.23114514,5.25,7.031555,12.375,5.8945312,0.018682849,4.511685,2.1240728,-0.12766638,0.36515164,4.1875,5.750305,10.8125,6.4682736,-2.5101786,0.1340065,0.5737424,0.048030432
1599,1.1481694,8.353765,2.8902879,-0.040690817,-0.014971018,6.09375,7.9375,11.375,4.5675607,0.2616646,5.5110693,2.3475666,-0.09016997,0.1948657,4.71875,6.21875,11.25,6.0171776,-2.8426952,0.20983672,1.4496169,0.88650477
1600,0.49960068,7.330937,2.7075703,-0.01563012,0.08178139,5.40625,7.25,13.25,6.0389466,0.79641384,4.611223,2.1473758,-0.012564302,0.32082915,4.5625,6.03125,9.4375,5.204992,-2.7197137,0.23904777,-0.8339548,0.29681316
1601,0.641664,7.947561,2.8191419,0.012170425,0.20273066,5.6875,7.75,15.8125,6.9019938,0.12083695,5.004146,2.236995,0.010106624,0.21843266,4.40625,5.96875,11.4375,6.464201,-2.9434147,0.01570201,-0.43779278,0.52082705
1602,-0.10715152,9.183762,3.0304723,0.020046894,0.41622066,6.15625,8.25,15.625,6.605193,-0.032978956,6.589731,2.567047,0.043563392,0.39879274,5.21875,7.03125,11.4375,5.7319403,-2.5940304,-0.017427921,-0.87325287,0.07417257
1603,0.1000719,6.923583,2.6312702,-0.09678032,0.26917386,5.157776,6.96875,12.9375,6.1992526,0.25633115,4.0170784,2.004265,-0.20424837,0.8224864,4.0,5.59375,11.0625,7.000985,-2.9065046,0.55331254,0.80173254,0.15625924
1604,-0.23221299,6.2322607,2.4964497,0.058574956,0.27576995,4.96875,6.75,11.625,5.884552,0.018020287,3.6890793,1.9206976,0.08920793,0.29341936,3.8125,5.1875,9.0,5.9516273,-2.5431814,0.017649412,0.06707525,0.2502333
1605,0.068610705,7.00491,2.6466792,0.038546752,0.18600297,5.21875,7.03125,10.875,5.192158,0.2715858,4.577236,2.1394477,-0.02631308,0.36227632,4.3125,5.844055,9.75,5.758056,-2.4276738,0.17627335,0.56589794,0.2029751
1606,-0.02804663,7.5437107,2.7465816,-0.036857534,0.25207734,5.4375,7.3125,16.5,7.5983286,-0.010972266,4.4808445,2.1168005,-0.053192798,0.39068413,4.1875,5.65625,13.375,8.017181,-3.0628662,0.13860679,0.4188528,0.017074365
1607,0.61575043,7.7896476,2.790994,-0.004819832,0.1421709,5.65625,7.4375,11.75,5.1964307,0.07059207,4.646288,2.155525,-0.061782204,0.36838293,4.220276,5.78125,10.625,6.2572904,-3.1433597,0.22621202,1.0608597,0.5451584
1608,0.060559046,8.029416,2.8336225,0.051058963,0.12654734,5.625,7.5625,12.375,5.5123453,-0.072252005,5.4826155,2.3414986,0.00029239795,0.251055,4.59375,6.250305,10.3125,5.571108,-2.5468006,0.124507666,0.05876255,0.13281105
1609,-0.7155368,5.9164953,2.4323847,-0.09436208,0.23953652,5.0625,6.84375,11.25,5.632867,-0.18162628,3.4741604,1.86391,-0.1232883,0.1514132,3.703125,5.0,8.3125,5.609796,-2.442335,-0.08812332,-0.023070812,0.5339105
1610,0.21041651,7.120208,2.6683717,0.005343275,0.15272164,5.28125,7.125,10.5625,4.9842443,-0.16604014,4.2346697,2.0578313,0.016750714,0.24087787,4.09375,5.5,8.4375,5.1782737,-2.885538,0.08815622,0.19402933,0.37645665
1611,-0.89906466,24.82579,4.9825487,-0.07956798,-0.060905457,9.940552,13.0,20.5,5.053902,-0.40574238,22.379389,4.7306857,-0.114589676,0.18960595,9.25,12.375,27.75,7.335242,-2.4464016,0.2505114,2.2813396,0.49332228
1612,-0.3781294,12.835485,3.5826645,0.069503814,0.88817406,7.25,10.1875,18.875,6.809785,-0.41703457,10.620986,3.2589855,0.11302448,0.9464109,6.6875,9.25,19.625,7.7772264,-2.2144995,0.058236837,0.96744156,0.038905174
1613,-0.09031625,6.701082,2.5886447,0.08419053,0.22109222,5.125,6.9375,11.625,5.6838193,-0.18777618,4.1919107,2.0474157,0.09735616,0.3752811,4.09375,5.53125,9.125,5.6469793,-2.5091715,0.15418887,-0.036839962,0.09745993
1614,-0.3894143,6.3345027,2.5168438,0.07338609,0.120223045,5.0625,6.65625,10.0625,4.9646754,-0.34199864,3.6118364,1.9004833,0.064483985,0.23699164,3.828888,5.125,7.875,5.1533394,-2.7226663,0.1167686,0.18866396,0.047415674
1615,0.839617,6.76784,2.6015072,-0.00070747966,0.13478208,5.375,7.09375,12.25,5.6366587,0.17801543,4.171282,2.0423715,-0.014606716,0.31320167,4.0,5.5625,9.6875,5.989223,-2.596558,0.17841959,0.35256433,0.6616016
1616,0.50623095,6.9172525,2.630067,-0.11642624,0.16674471,5.25,7.0,13.125,6.1600547,0.17046355,4.3254027,2.0797603,-0.18971226,0.47956324,4.125,5.65625,9.1875,5.60569,-2.5918498,0.31281853,-0.5543647,0.3357674
1617,0.630171,6.6456103,2.577908,0.03508599,0.14921498,5.25,7.0625,10.8125,5.1548014,0.16676709,4.15125,2.0374615,0.049764607,0.3448844,4.03125,5.469055,10.125,6.3051696,-2.4943604,0.19566941,1.1503682,0.4634039
1618,-0.6418663,5.967365,2.442819,0.016999189,0.18841648,5.0,6.625,10.5625,5.2792244,-0.3160906,3.7108555,1.9263581,0.054054692,0.25797367,3.860138,5.28125,11.125,7.207277,-2.2565093,0.06955719,1.9280524,0.3257757
1619,-0.36180425,11.241607,3.3528504,0.05093192,0.55300975,6.78125,9.25,16.0,6.1018457,0.05205113,8.730989,2.9548247,0.066230826,0.61343,5.96875,8.125,13.75,6.018221,-2.5106173,0.060420275,-0.08362484,0.41385537
1620,0.24810894,6.231915,2.4963803,0.013168348,0.20412016,4.9375,6.719055,11.0625,5.578039,-0.01123446,3.6025214,1.8980309,0.077148184,0.40898538,3.75,5.0625,8.625,5.770334,-2.6293936,0.20486522,0.1922946,0.2593434
1621,-0.106359474,7.6744437,2.7702787,0.035871148,0.37808347,5.5,7.5,14.1875,6.5177574,0.15023571,5.437323,2.331807,-0.013440595,0.38920093,4.625,6.40625,10.625,5.7937684,-2.2371206,0.011117458,-0.723989,0.2565952
1622,-0.7559138,9.831264,3.1354845,0.047055807,0.122475386,6.3125,8.5,12.8125,4.9908347,-0.38714287,7.47626,2.734275,0.0091159865,0.14784169,5.40625,7.281555,11.6875,5.3510275,-2.3550034,0.025366306,0.36019278,0.36877093
1623,-0.35262433,9.587317,3.0963395,0.07405481,0.01753664,6.0625,8.0,12.5,5.0220604,-0.6611495,6.8863006,2.6241763,0.10919567,0.17045593,5.375,7.0,11.0625,5.1387525,-2.701017,0.15291929,0.116692066,0.30852517
1624,0.24896838,6.7311482,2.5944457,0.14623733,0.27994728,5.1875,7.0625,12.25,5.967664,0.60412794,4.0867124,2.0215619,0.30612683,1.0545092,4.125,5.90625,11.9375,7.291262,-2.644436,0.7745619,1.3235984,0.35515958
1625,-0.30009568,6.1668487,2.483314,-0.077625565,0.15618443,5.0,6.625,11.3125,5.7318177,-0.54383713,3.7325044,1.931969,-0.07328199,0.29220963,4.0,5.4375,8.375,5.304795,-2.4343443,0.13602519,-0.42702293,0.24374145
1626,-0.14289582,6.413468,2.5324826,-0.07280096,0.22241616,5.032776,6.78125,10.8125,5.4043417,0.014284619,3.7966285,1.948494,-0.09743047,0.23967862,3.84375,5.1875,8.5625,5.5793114,-2.6168394,0.017262459,0.17496967,0.15718044
1627,-0.97241306,6.2767205,2.5053384,-0.031042172,0.18106675,5.25,7.094055,11.625,5.448233,-0.28384626,3.4890187,1.8678916,-0.039243303,0.23136568,3.71875,5.03125,8.0625,5.4068727,-2.7877018,0.05029893,-0.04136038,0.6885668
1628,0.23265195,7.0155993,2.6486976,-0.046262845,0.2426343,5.1875,7.0625,12.1875,5.7913465,0.15207048,4.105541,2.0262134,-0.048234865,0.34242225,4.03125,5.46875,9.375,5.850248,-2.910058,0.09978795,0.05890131,0.08058147
1629,-0.77596366,10.97752,3.313234,-0.025334228,0.59078264,6.875,9.625,16.0,6.0350246,-0.5032696,8.382584,2.8952692,-0.065366276,0.7096648,5.9375,8.31311,17.375,7.662156,-2.5949364,0.11888218,1.6271315,0.27269405
1630,-0.21320552,6.598703,2.568794,0.009238715,0.24480891,5.09375,6.84375,11.625,5.6977396,-0.13857993,3.799398,1.9492044,-0.07303007,0.32174516,3.890625,5.344055,9.8125,6.396776,-2.799305,0.076936245,0.6990366,0.07462558
1631,-0.10715217,6.873595,2.6217542,0.0028554476,0.4866035,5.1875,7.187805,11.1875,5.4344273,-0.3993628,4.2429338,2.0598383,-0.017635053,0.8168545,4.0625,5.75,11.4375,6.952077,-2.6306615,0.33025098,1.5176497,0.29221064
1632,0.448382,6.928039,2.6321168,0.009223092,0.17174792,5.3125,7.09375,12.1875,5.7597876,-0.034484424,4.3771243,2.0921578,0.049621046,0.31043386,4.15625,5.656555,9.5,5.75659,-2.5509148,0.13868594,-0.00319767,0.4828664
1633,-1.8028387,6.5517826,2.559645,-0.019801766,0.22597861,6.03125,7.969055,12.125,4.817333,-1.1518584,3.8734403,1.9681058,-0.06214646,0.3430946,4.46875,5.9375,10.1875,5.614935,-2.6783423,0.117115974,0.7976017,0.65098023
1634,0.059536982,5.7666078,2.4013762,0.07958637,0.10382271,4.75,6.34375,9.4375,4.962407,0.31640148,3.1512742,1.7751828,0.055109892,0.18235421,3.5625,4.8125,7.6875,5.393365,-2.6153336,0.0785315,0.4309578,0.2568645
1635,-0.1330791,7.025485,2.6505632,-0.06265806,0.30790257,5.21875,7.25,12.375,5.9139395,-0.15927695,4.432513,2.1053534,-0.2061442,0.82177615,4.125,5.625305,11.125,6.7413073,-2.5929718,0.5138736,0.8273678,0.02619785
1636,-0.36817575,7.4431634,2.7282162,0.017285893,0.13754082,5.40625,7.3125,10.5,4.810561,-0.09329901,4.631068,2.1519916,0.017220922,0.13229418,4.21875,5.65625,9.3125,5.442724,-2.8120952,-0.0052466393,0.63216305,0.27487674
1637,-0.5648207,7.287939,2.6996183,0.04688295,0.11325979,5.407776,7.125,12.625,5.754989,0.13036187,5.2154875,2.283744,0.013214995,0.16002727,4.46875,5.969055,10.375,5.7141175,-2.0724516,0.046767473,-0.04087162,0.69518256
1638,-0.6120711,6.5080633,2.5510907,0.0810982,0.13467932,5.1875,6.8125,11.3125,5.424952,-0.54365414,3.7405882,1.93406,0.15303408,0.1829083,3.921875,5.21875,7.96875,4.9759126,-2.7674751,0.04822898,-0.44903946,0.06841695
1639,0.953183,6.9478726,2.6358817,0.043304242,0.27087784,5.53125,7.375,12.625,5.702713,0.19695464,4.0431,2.010746,-0.00046046232,0.37544894,3.96875,5.40625,12.9375,8.12416,-2.9047728,0.104571104,2.4214468,0.7562283
1640,0.25474092,6.8710055,2.6212604,0.022593925,0.053416967,5.15625,6.84375,11.375,5.4158807,-0.15072832,4.2362733,2.0582209,0.019023035,0.09852457,4.03125,5.4375,8.6875,5.289262,-2.6347322,0.045107603,-0.12661886,0.40546924
1641,0.8896974,8.701341,2.9498036,0.02332928,0.13335133,6.0625,8.12561,12.625,5.173392,0.5240995,5.1992955,2.2801964,0.058304492,0.29652476,4.71875,6.21875,10.9375,5.957424,-3.5020452,0.16317344,0.78403234,0.36559784
1642,0.5255037,11.772488,3.4311059,-0.06566691,0.12839055,6.8125,9.0625,14.5,5.258082,0.48562247,8.515869,2.9181962,-0.004362461,0.1909616,5.84375,7.750305,14.375,6.1290855,-3.2566185,0.06257105,0.8710036,0.03988123
1643,0.6261709,6.329144,2.515779,-0.03247527,0.17686749,5.09375,6.781555,10.875,5.2862415,0.27574122,3.891828,1.9727716,-0.059886813,0.32361603,3.9375,5.344055,7.9375,5.0482354,-2.437316,0.14674854,-0.23800611,0.35042965
1644,-0.021189703,6.557718,2.5608041,-0.024307515,0.17231345,5.03125,6.8125,10.75,5.299117,0.08870527,4.053578,2.01335,-0.016195219,0.27016902,4.0,5.375,9.875,6.209172,-2.50414,0.09785557,0.9100547,0.109894976
1645,19.966066,195.60536,13.985899,0.19688234,-0.0877831,44.0,54.25,74.5,3.598705,19.228525,191.15573,13.825908,0.2160247,-0.07885432,43.0,53.5,76.5,3.8232388,-4.4496307,0.008928776,0.2245338,0.7375412
1646,0.89237636,6.062394,2.462193,0.07070482,0.22908807,5.25,7.0,10.25,4.9638524,0.4945174,3.3928707,1.8419746,0.11308736,0.38572478,3.797638,5.1875,9.375,6.275619,-2.6695235,0.15663671,1.3117666,0.39785898
1647,-0.18985996,7.444845,2.7285244,-0.065882005,0.22447848,5.40625,7.3125,11.875,5.4989195,0.17369731,4.373277,2.0912383,-0.06201487,0.370013,4.1875,5.65625,9.75,5.91225,-3.071568,0.14553452,0.41333055,0.36355728
1648,0.56403846,12.386141,3.5193949,0.18929902,0.4823513,7.157776,10.0,17.125,6.185215,0.4843463,10.09558,3.1773543,0.24085435,0.6808281,6.5625,9.3125,14.625,5.9364276,-2.2905607,0.19847679,-0.2487874,0.079692155
1649,0.15795805,6.9415236,2.6346772,-0.0060309717,0.15355325,5.25,6.96875,11.0,5.2771497,0.1171762,4.3009396,2.0738707,0.007105441,0.2640531,4.125,5.531555,9.75,5.946156,-2.640584,0.11049986,0.66900635,0.040781848
1650,-0.28675523,7.060436,2.6571481,-0.010994793,0.20378971,5.25,7.0625,14.6875,6.9515834,-0.053211797,4.081241,2.0202081,-0.12494011,0.5756693,3.96875,5.46875,10.0625,6.346576,-2.9791946,0.37187958,-0.6050072,0.23354344
1651,-4.0570183,78.9375,8.884678,0.19080053,0.2209158,18.875,24.625,37.5,4.761502,-2.3147871,74.70884,8.643428,0.27266127,0.29340053,17.5,23.0,38.75,5.4169064,-4.2286606,0.07248473,0.65540457,1.7422311
1652,-0.1314387,6.6897407,2.5864532,-0.09543027,0.21918106,5.125,6.90625,12.75,6.245978,-0.55054677,3.9982624,1.9995656,-0.08243293,0.33547497,4.15625,5.65625,9.75,6.002457,-2.6914783,0.11629391,-0.24352074,0.41910806
1653,1.345725,8.41291,2.9005017,0.0056609632,0.1083107,6.3125,8.25,13.4375,5.269169,0.3620254,5.8045945,2.4092727,0.077702105,0.20390749,4.84375,6.46875,10.875,5.652387,-2.608316,0.09559679,0.3832183,0.9836997
1654,0.040881786,5.92672,2.4344857,0.018056674,0.22631669,4.8125,6.375,13.375,6.9431643,-0.35854116,3.3727655,1.8365091,0.059283674,0.2990389,3.671875,4.969055,8.875,5.9938164,-2.5539546,0.0727222,-0.949348,0.39942294
1655,1.1303649,7.524978,2.7431693,0.008641213,0.14563537,5.8125,7.71875,11.875,5.0317016,0.34819308,4.4883556,2.118574,0.11266369,0.3824327,4.25,5.875,9.375,5.5599585,-3.0366225,0.23679733,0.5282569,0.78217185
1656,-0.64509475,7.474161,2.7338912,0.03269258,0.1356163,5.5,7.25,12.0625,5.406243,-0.46346647,4.691671,2.1660266,0.09827286,0.26700282,4.40625,5.875,9.4375,5.391046,-2.7824903,0.13138652,-0.0151968,0.18162829
1657,-0.6799494,19.932404,4.464572,0.22265933,0.37275362,8.875,12.25061,18.875,5.2894125,-0.61977684,17.157007,4.142102,0.4028396,1.1645412,8.25,12.18811,22.0,6.774151,-2.7753963,0.7917876,1.4847383,0.060172558
1658,-0.20981662,11.009991,3.3181305,-0.06244794,0.2471757,6.625,9.0,13.375,5.1062455,-0.06848845,7.88042,2.8072085,-0.23841286,0.6273701,5.6875,7.9375,12.875,5.924364,-3.1295705,0.38019443,0.8181186,0.14132817
1659,-0.45735517,6.2494307,2.499886,0.010503671,0.12125039,5.0,6.594055,12.0,5.944029,0.15295249,3.3862667,1.8401811,-0.041194085,0.28153968,3.65625,4.96875,9.0,6.1840954,-2.863164,0.16028929,0.24006653,0.6103077
1660,0.3996642,6.927666,2.632046,-0.0669918,0.26567268,5.28125,7.125,11.5,5.470191,0.34198076,4.0294943,2.00736,-0.072509065,0.40712953,4.0,5.4375,10.4375,6.5056477,-2.898172,0.14145684,1.0354567,0.057683438
1661,0.010340839,6.4872074,2.5469997,-0.03572755,0.23603153,5.0625,6.8125,12.375,6.141471,-0.19375087,3.7263122,1.9303658,0.050335046,0.31885862,3.8125,5.21875,10.875,7.097075,-2.7608953,0.08282709,0.9556041,0.20409171
1662,0.3359598,6.9917727,2.644196,-0.021833863,0.14403963,5.25,7.0,11.875,5.6169868,0.3728743,3.9886754,1.9971669,-0.055755224,0.1889584,4.03125,5.40625,7.90625,4.9259043,-3.0030973,0.044918776,-0.6910825,0.036914498
1663,0.05059084,6.832199,2.6138475,0.04976257,0.1485548,5.15625,6.844055,11.5,5.552693,0.6003148,4.200744,2.0495718,0.014619045,0.44554138,4.25,5.75,10.1875,6.0826344,-2.631455,0.29698658,0.52994156,0.549724
1664,0.31555435,6.791268,2.6060061,-0.020372482,0.18202496,5.28125,6.844055,11.75,5.669382,0.7865362,4.152103,2.0376709,-0.03160236,0.23538518,4.34375,5.75,9.625,5.5685363,-2.639165,0.053360224,-0.100845814,0.47098187
1665,-0.75128645,6.8201733,2.611546,-0.05437966,0.12132931,5.40625,7.1875,12.0,5.5741835,-0.66417205,4.1087456,2.027004,-0.090102434,0.35638976,4.25,5.8125,12.375,7.3836207,-2.7114277,0.23506045,1.8094373,0.08711439
1666,-1.4638323,8.462584,2.909052,-0.10300443,0.13055015,6.4375,8.56311,13.5625,5.2489777,-0.3499793,5.404736,2.3248088,-0.1086281,0.23757124,4.65625,6.375,10.3125,5.5687785,-3.0578475,0.10702109,0.31980085,1.113853
1667,0.5117756,6.2499504,2.49999,0.024829103,0.21863246,5.0625,6.8125,11.625,5.7668476,0.1212572,3.6528618,1.9112462,0.04101197,0.33949947,3.796875,5.1875,8.9375,5.944316,-2.5970886,0.120867014,0.1774683,0.39051843
1668,0.45921978,6.279897,2.5059724,-0.016498338,0.10272741,5.03125,6.625,11.4375,5.661485,0.09264211,3.4903793,1.8682557,-0.023299024,0.34353447,3.75,5.0625,8.75,5.954546,-2.7895179,0.24080706,0.29306078,0.36657768
1669,-0.053866625,6.75124,2.5983148,0.07535303,0.26417136,5.125,7.0,11.6875,5.693554,0.13072741,4.0793333,2.019736,0.15306312,0.3824756,4.0,5.53125,9.625,6.0676117,-2.6719065,0.11830425,0.37405777,0.18459404
1670,0.28521398,42.59115,6.5261893,-0.01675165,0.046360493,12.875,16.875,30.5,5.862153,0.38190135,38.026943,6.166599,-0.0047554807,0.13079596,12.1875,16.25,26.25,5.3588223,-4.564205,0.08443546,-0.5033307,0.09668738
1671,-0.030796563,22.059822,4.6967883,0.09036422,-0.07199335,9.0625,12.0625,18.25,4.8229876,-0.15408467,19.950312,4.466577,0.049295146,0.098905325,8.6875,11.68811,18.375,5.1486497,-2.1095104,0.17089868,0.32566214,0.1232881
1672,0.556348,6.5364094,2.5566401,0.03920976,0.13541722,5.125,6.84375,11.9375,5.7591662,0.21633834,3.8094044,1.9517696,0.091537856,0.2580855,3.921875,5.25,9.0625,5.86204,-2.727005,0.12266827,0.1028738,0.3400097
1673,0.27454737,7.0055556,2.646801,-0.020117834,0.099020004,5.25,6.96875,10.75,5.090781,0.25942215,4.207576,2.0512376,-0.003129955,0.2743609,4.09375,5.53125,10.6875,6.55656,-2.7979798,0.17534089,1.4657788,0.015125215
1674,0.12740992,6.812892,2.6101518,0.043474093,0.28044605,5.15625,7.0,12.5625,6.0970716,0.10019763,3.9629745,1.9907221,0.06001839,0.41773677,3.96875,5.46875,10.625,6.799489,-2.8499174,0.13729072,0.7024174,0.027212292
1675,0.7035333,6.5839186,2.5659149,-0.0081484495,0.20862865,5.25,7.0625,11.9375,5.6597853,0.191002,3.972305,1.9930643,0.092069164,0.80166435,3.953125,5.46875,12.625,8.094548,-2.6116135,0.5930357,2.434763,0.5125313
1676,-1.0019534,7.142482,2.672542,-0.0022594905,0.09353995,5.59375,7.375,11.9375,5.2430453,-0.3758617,4.171166,2.0423431,0.04001693,0.14516711,4.0625,5.40625,10.0,6.050861,-2.9713159,0.05162716,0.80781555,0.62609166
1677,-0.070419565,20.37268,4.5136104,0.24349128,-0.015198708,8.875,11.4375,18.125,4.995923,0.2405023,17.542074,4.188326,0.28124246,0.13677502,8.375,11.12561,19.375,5.8325405,-2.8306065,0.15197372,0.83661747,0.31092185
1678,-0.35289124,5.8752756,2.4238968,-0.07548726,0.26872897,4.8125,6.5625,11.5625,5.986814,-0.28348222,3.5667636,1.8885877,-0.06554362,0.44134688,3.796875,5.21875,9.3125,6.232107,-2.308512,0.17261791,0.24529314,0.06940901
1679,0.63946015,6.7581267,2.5996397,0.010182377,0.22584867,5.25,7.0625,11.6875,5.521808,0.2406726,3.9442296,1.9860084,0.03258533,0.31224132,3.953125,5.375,9.4375,5.9829597,-2.8138971,0.08639264,0.4611516,0.39878756
1680,-0.0016891968,6.533135,2.5559998,-0.040975336,0.22373772,5.03125,6.875,12.0,5.9390073,-0.059339844,4.085632,2.0212946,0.043434706,0.46767354,3.96875,5.625,9.6875,6.094618,-2.447503,0.24393582,0.15561056,0.057650648
1681,-0.30719203,7.042953,2.6538563,-0.023697132,0.1577425,5.34375,7.0,11.625,5.5052943,0.05769961,4.137016,2.0339656,0.0032443637,0.22010088,4.0,5.375,11.1875,6.966579,-2.9059372,0.06235838,1.4612846,0.36489165
1682,-0.13465804,9.356071,3.0587697,-0.019340638,0.54220986,6.064026,8.4375,15.4375,6.456939,-0.25371307,7.1901836,2.6814518,-0.06402228,0.7039454,5.46875,7.46875,14.25,6.848132,-2.1658878,0.16173553,0.3911929,0.11905503
1683,0.29207096,6.3783636,2.5255423,0.0056822556,0.1996336,5.0625,6.71875,11.375,5.6547775,-0.09587183,3.717511,1.9280847,0.04079294,0.41281438,3.78125,5.21875,10.0,6.593755,-2.6608527,0.21318078,0.93897724,0.3879428
1684,-0.059687413,6.8606014,2.619275,-0.030345598,0.23178244,5.15625,6.844055,12.75,6.1418285,-0.04535718,4.166743,2.04126,-0.041227233,0.29712558,4.09375,5.5625,9.375,5.8341603,-2.6938586,0.06534314,-0.3076682,0.014330234
1685,-1.1570499,6.9874735,2.643383,0.18500155,0.71595454,5.65625,7.625,12.6875,5.550223,-0.73204935,4.209877,2.0517986,0.36899364,2.3435593,4.1875,5.84375,13.4375,7.9283447,-2.7775965,1.6276047,2.3781219,0.42500055
1686,0.17849675,6.628745,2.574635,-0.027213162,0.26608992,5.125,6.9375,11.1875,5.4923105,-0.30023444,4.0679955,2.0169272,-0.16224405,1.0042105,4.0,5.531555,11.9375,7.5120196,-2.5607495,0.73812056,2.019709,0.4787312
1687,1.0556592,6.4422865,2.538166,0.00097683,0.18411589,5.4375,7.1875,12.4375,5.686305,0.5674393,3.766736,1.940808,0.001450755,0.3437078,3.984375,5.406555,10.1875,6.3682027,-2.6755505,0.15959191,0.68189764,0.48821986
1688,-0.08491009,7.8211555,2.796633,-0.07080311,0.19529343,5.59375,7.375,12.1875,5.5117908,-0.27785733,4.713024,2.17095,0.034809068,0.33788204,4.34375,5.9375,9.6875,5.6242423,-3.1081314,0.14258862,0.11245155,0.19294724
1689,-0.6529998,6.8031335,2.6082816,0.02271174,0.13908648,5.28125,7.0625,11.0,5.1476803,-0.2955956,4.0752754,2.018731,0.07131243,0.17094684,4.0,5.40625,9.9375,6.1270604,-2.727858,0.03186035,0.97938013,0.35740423
1690,0.79292667,8.633648,2.938307,-0.012406485,0.31002474,6.0,8.125,14.9375,6.2077055,0.33876282,6.043374,2.4583275,0.03938511,0.39760017,4.84375,6.78125,11.25,5.742064,-2.5902739,0.087575436,-0.4656415,0.45416385
1691,-0.3174746,7.3041344,2.7026162,-0.055178065,0.12345052,5.34375,7.1875,11.1875,5.1861763,-0.48945513,4.4837193,2.1174796,-0.12792557,0.29659557,4.3125,5.75,11.5,6.726933,-2.820415,0.17314506,1.5407567,0.17198053
1692,0.27277592,7.2946696,2.7008646,0.062208366,0.2255857,5.34375,7.219055,13.3125,6.1952524,0.38057992,4.51229,2.1242151,0.0071061184,0.24581313,4.28125,5.65625,11.375,6.673624,-2.7823796,0.020227432,0.47837162,0.107804
1693,0.21251938,7.590307,2.7550511,-0.09547057,0.21450377,5.4375,7.3125,12.4375,5.6924186,0.8468998,4.9055004,2.2148364,-0.094931364,0.2706797,4.65625,6.25,9.4375,5.003872,-2.6848068,0.056175947,-0.68854666,0.63438046
1694,0.08962666,14.108516,3.7561305,-0.08315089,0.6555414,7.65625,10.5,19.375,6.6953397,0.23884112,11.344846,3.368211,-0.17259905,0.8563688,6.9375,9.62561,16.5,6.4006014,-2.76367,0.20082736,-0.2947383,0.14921445
1695,-0.52777416,6.192233,2.4884198,-0.16964272,0.23732448,5.0625,6.84375,11.375,5.6945596,-0.62012106,3.488266,1.86769,-0.17489874,0.40984988,3.9375,5.375,8.75,5.6992917,-2.703967,0.1725254,0.004732132,0.09234691
1696,-1.0260718,8.164117,2.857292,0.015817545,0.41801596,6.0,8.1875,14.0,5.8550076,-1.0517846,5.2508016,2.2914627,-0.007787415,0.62037826,4.9375,6.78125,12.0,6.0265217,-2.9133153,0.2023623,0.17151403,0.025712848
1697,0.51960903,15.876376,3.984517,0.018638806,0.32634377,8.0,10.875,19.875,6.254329,0.44583145,13.767433,3.7104492,-0.010735935,0.4320619,7.5,10.1875,22.625,7.675008,-2.108943,0.105718136,1.4206786,0.073777586
1698,0.037894677,6.7360024,2.595381,0.067259826,0.33434296,5.125,6.969055,11.25,5.5030136,0.41206646,3.9463239,1.9865357,-0.071431555,0.25921488,4.03125,5.40625,9.1875,5.717367,-2.7896786,-0.07512808,0.21435356,0.3741718
1699,-2.3127208,134.47142,11.596181,0.1396164,-0.0015013218,22.875,30.125,45.75,4.824179,-2.923798,124.874214,11.174713,0.09841637,0.06634474,22.5,29.25,45.25,4.89482,-9.597206,0.06784606,0.07064104,0.6110773
1700,1.2988735,6.7484274,2.5977736,0.026167266,0.20411086,5.71875,7.59375,12.5625,5.435771,0.6865978,3.800154,1.9493984,-0.046675682,0.25961542,4.064026,5.344055,9.1875,5.602644,-2.9482734,0.05550456,0.16687298,0.6122757
1701,-0.9892901,6.402591,2.5303342,-0.090108246,0.08877945,5.375,7.156555,11.625,5.3983874,-0.59330994,3.67822,1.9178686,-0.15824877,0.30839634,3.953125,5.53125,9.875,6.2540298,-2.7243712,0.21961689,0.8556423,0.39598018
1702,0.8697955,8.360001,2.8913665,0.016874272,0.3297565,5.96875,7.969055,15.3125,6.4262557,0.2052269,5.540143,2.353751,0.04850697,0.43660164,4.65625,6.53125,11.25,6.0680904,-2.8198576,0.10684514,-0.35816526,0.6645686
1703,0.4910121,6.9254274,2.6316206,-0.058997557,0.29422736,5.3125,7.125,12.8125,6.0452776,0.17176045,4.1785054,2.0441394,-0.04987388,0.34413862,4.0625,5.5625,9.1875,5.6951637,-2.746922,0.04991126,-0.35011387,0.31925166
1704,4.8018246,100.083015,10.004149,0.23652099,0.11147475,22.875,30.0,42.25,4.8677473,4.4524436,95.59679,9.777361,0.3211853,0.32744122,22.5,30.0,42.75,5.1560984,-4.486229,0.21596646,0.28835106,0.34938097
1705,0.11986785,7.257159,2.6939116,0.09169362,0.34454632,5.3125,7.375,12.9375,6.0895524,-0.23833877,4.6223598,2.1499674,0.1589919,0.7393429,4.21875,5.906555,11.125,6.5517516,-2.6347995,0.3947966,0.4621992,0.35820663
1706,-0.25022733,6.029103,2.455423,0.023405211,0.26044822,4.84375,6.562805,12.25,6.2718587,-0.23585305,3.481529,1.8658856,0.04816868,0.3704648,3.75,5.09375,10.625,7.182085,-2.5475738,0.110016584,0.91022635,0.014374286
1707,-0.25821823,7.0258045,2.6506233,0.023102589,0.15036702,5.21875,7.000305,11.375,5.384631,0.095541134,4.267492,2.065791,0.040332112,0.16965461,4.09375,5.46875,9.25,5.648098,-2.7583127,0.019287586,0.26346684,0.35375935
1708,-0.07061676,6.4822674,2.5460298,-0.11278644,0.5715909,5.03125,6.875,12.75,6.3908806,-0.14309898,3.9575105,1.9893492,-0.16312733,1.0359836,3.890625,5.4375,11.375,7.324483,-2.524757,0.46439266,0.93360233,0.07248222
1709,0.3821802,6.2706337,2.5041234,0.021045914,0.21377873,5.0,6.719055,11.875,5.9319515,0.05064138,3.7745485,1.9428197,0.035494078,0.26608777,3.84375,5.1875,9.25,6.041574,-2.4960852,0.052309036,0.10962248,0.33153883
1710,-0.60654026,6.83138,2.6136909,-0.0018942591,0.21987057,5.3125,7.125,11.6875,5.505328,0.0245104,4.47841,2.1162252,-0.0079984395,0.21244764,4.1875,5.59375,8.8125,5.2791758,-2.3529701,-0.007422924,-0.22615242,0.63105065
1711,-1.0388691,5.154122,2.2702692,-0.013264355,0.18112993,4.875,6.437805,11.6875,5.878784,-0.9669679,3.006617,1.7339599,0.014448586,0.22164464,3.875,5.125,7.75,4.8870234,-2.1475048,0.040514708,-0.99176073,0.07190126
1712,1.059164,7.717025,2.7779534,0.045194775,0.30957866,5.875,7.8125,14.5625,6.2029366,0.4840826,4.5289526,2.1281335,0.07267059,0.3587718,4.375,5.9375,10.875,6.3430448,-3.1880722,0.049193144,0.14010811,0.57508147
1713,-0.24373859,6.194285,2.488832,-0.028412394,0.14664316,4.90625,6.531555,14.5625,7.3352475,-0.15449099,3.8478215,1.9615865,0.1141889,0.7450428,3.875,5.3125,10.0,6.4996934,-2.3464634,0.59839964,-0.8355541,0.0892476
1714,-0.48871475,6.4935737,2.5482492,-0.03936878,0.22424412,5.15625,6.969055,12.375,6.0541553,-0.433512,3.9586618,1.9896386,-0.14401045,0.42940426,4.0625,5.625,9.375,5.9044075,-2.5349119,0.20516014,-0.14974785,0.055202752
1715,0.65739805,7.010441,2.6477237,0.018556844,0.30270386,5.40625,7.25,14.25,6.6096883,0.21032917,4.2643538,2.0650313,0.13591328,0.39409256,4.125,5.625,10.875,6.6782193,-2.746087,0.0913887,0.06853104,0.44706887
1716,1.5939583,6.75128,2.5983224,-0.011674904,0.26762652,5.875,7.8125,14.375,5.872252,0.43899813,3.6883872,1.9205174,0.020321056,0.3623364,3.890625,5.312805,11.4375,7.3647323,-3.0628927,0.09470987,1.4924803,1.1549602
1717,-0.2669865,17.335562,4.1635995,-0.022695037,0.3038876,8.1875,11.25,19.125,5.8072877,0.18633208,13.350986,3.6539001,-0.048128806,0.40046978,7.1875,10.0,16.5,5.7459188,-3.9845762,0.096582174,-0.061368942,0.45331857
1718,0.43827242,6.909729,2.6286364,0.014959789,0.1990385,5.25,7.125,13.125,6.217374,0.49061137,4.1450424,2.0359378,-0.11102384,0.55647135,4.15625,5.625,9.375,5.690785,-2.7646866,0.35743284,-0.5265889,0.052338958
1719,0.12696017,6.517738,2.5529861,0.017161805,0.13737392,5.0625,6.75,11.875,5.863921,0.059721973,4.1131983,2.0281022,0.13781592,0.5461583,4.0,5.469055,10.75,6.749117,-2.4045396,0.4087844,0.88519573,0.0672382
1720,1.3092163,8.743413,2.9569263,0.013228959,0.28911924,6.40625,8.5,16.875,6.581863,0.6793804,5.867327,2.4222567,0.04005565,0.4045918,5.0,6.84375,13.375,6.766962,-2.8760858,0.115472555,0.18509912,0.62983584
1721,0.17322649,6.675223,2.5836453,-0.030379143,0.13385534,5.125,6.8125,10.75,5.2465463,-0.525619,4.1846066,2.0456312,-0.02276357,0.27612615,4.1875,5.6875,9.9375,5.962675,-2.4906163,0.1422708,0.7161288,0.69884545
1722,1.9967084,37.239017,6.102378,-0.03271704,0.27922416,12.625,17.0,28.375,5.5794754,1.683665,34.924965,5.9097347,-0.006899823,0.36528444,12.125,16.625,31.75,6.555967,-2.3140526,0.086060286,0.97649145,0.31304336
1723,0.5838125,7.0256014,2.6505852,0.09590443,0.19663215,5.375,7.25,12.0625,5.624938,0.13204291,3.9507058,1.9876382,0.11310125,0.20595407,3.96875,5.28125,8.5625,5.4430737,-3.0748956,0.009321928,-0.18186426,0.45176956
1724,-0.42043847,13.293519,3.6460278,-0.14588907,0.3986466,7.28125,10.0,16.25,5.658478,-0.34547198,10.307569,3.2105403,-0.2050121,0.4364388,6.4375,9.0,15.5625,6.1723924,-2.9859505,0.037792206,0.5139146,0.07496649
1725,1.3197592,7.3639946,2.713668,0.032180205,0.13383842,5.96875,7.844055,12.0,4.9999046,0.8896047,4.925593,2.2193677,0.14077675,0.31561565,4.78125,6.5,10.5625,5.630301,-2.4384017,0.18177724,0.63039637,0.43015456
1726,-0.5517934,14.560329,3.8158,0.10114001,0.36030006,7.6875,10.3125,19.625,6.4919424,-0.40712658,12.013742,3.4660845,0.12504207,0.53793144,7.0,9.75,15.0625,5.5439935,-2.546587,0.17763138,-0.94794893,0.14466682
1727,-0.5533628,6.5243235,2.5542755,0.11179591,0.30262375,5.15625,7.0,12.0,5.8031473,0.12832841,3.7625027,1.9397172,0.036608513,0.25675702,3.828888,5.15625,9.0,5.8655334,-2.7618208,-0.045866728,0.062386036,0.68169117
1728,0.0828884,6.3954215,2.528917,-0.03746816,0.17623782,5.001526,6.75,10.8125,5.4023366,-0.041750975,3.8451862,1.9609146,-0.045876246,0.20370626,3.890625,5.187805,8.4375,5.438408,-2.5502353,0.027468443,0.0360713,0.12463938
1729,-1.1002692,7.246319,2.6918988,-0.14726257,0.26164794,5.75,7.84375,12.25,5.353018,-0.15625371,4.415133,2.1012218,-0.30123928,0.60462594,4.21875,6.0,10.25,6.2683005,-2.8311858,0.342978,0.9152827,0.9440155
1730,-0.0051325625,7.100192,2.6646185,-0.028220627,0.2704389,5.21875,7.09375,12.8125,6.0948567,0.36344147,4.370853,2.0906584,-0.031193098,0.24292159,4.1875,5.594055,9.5,5.667336,-2.7293391,-0.027517319,-0.42752075,0.36857402
1731,-0.79845643,6.7456064,2.5972304,0.026392838,0.17686439,5.375,7.1875,11.0,5.102079,-0.24402124,3.9805126,1.9951222,-0.04578684,0.37172222,4.03125,5.46875,9.375,5.9447083,-2.7650938,0.19485784,0.84262943,0.5544352
1732,-0.66452926,5.9649506,2.4423249,-0.050310943,0.18115997,5.03125,6.78125,11.125,5.5675015,-0.28090262,3.7951417,1.9481124,-0.04908271,0.3385079,3.875,5.34375,9.4375,6.0925207,-2.1698089,0.15734792,0.52501917,0.38362664
1733,0.27572346,6.092235,2.4682453,0.022730352,0.27344894,4.90625,6.75,11.125,5.6796856,0.11106343,3.4919918,1.8686872,-0.038143016,0.21972084,3.71875,4.96875,8.4375,5.714559,-2.6002433,-0.053728104,0.034873486,0.16466004
1734,-0.15751551,5.9796405,2.4453304,0.067582734,0.20096326,4.8125,6.531555,9.875,5.089066,0.10850864,3.3931792,1.8420584,0.09240833,0.23264265,3.640625,4.9375,8.1875,5.618235,-2.5864613,0.03167939,0.5291691,0.26602414
1735,-0.35220525,6.6804733,2.5846612,-0.037190247,0.2460916,5.15625,6.8125,13.6875,6.634484,-0.17247322,3.943489,1.985822,-0.012067877,0.37115765,3.953125,5.40625,8.9375,5.7015076,-2.7369843,0.12506604,-0.93297625,0.17973202
1736,0.11782629,6.545234,2.5583656,-0.07169145,0.21612453,5.0625,6.71875,12.25,6.0427885,-0.19756064,3.8810399,1.9700356,-0.13537052,0.39054918,3.953125,5.4375,9.1875,5.9115534,-2.6641943,0.17442465,-0.13123512,0.31538692
1737,-0.7653129,6.7707577,2.602068,0.023149284,0.22493887,5.40625,7.094055,11.3125,5.2700377,-0.14000726,3.8139403,1.9529312,0.01339106,0.21885967,3.890625,5.219055,8.875,5.7373223,-2.9568174,-0.006079197,0.46728468,0.62530565
1738,-0.15853785,6.7964287,2.606996,0.10404734,0.23162746,5.1875,7.0,11.1875,5.4181666,-0.16782516,4.0356083,2.0088823,0.07329787,0.3401289,4.0,5.46875,8.8125,5.5508075,-2.7608204,0.108501434,0.13264084,0.009287313
1739,-1.5370219,9.976809,3.1586087,-0.09349047,0.055324316,6.9375,9.1875,14.4375,5.1946054,-0.96516484,6.849611,2.617176,-0.1459315,0.19611597,5.59375,7.4375,13.125,5.9924974,-3.1271977,0.14079165,0.7978921,0.57185704
1740,0.8167097,6.079799,2.465725,-0.079320446,0.3418846,5.09375,6.875305,11.125,5.392648,0.40515873,3.4340405,1.8531164,-0.09643941,0.49261713,3.703125,5.09375,9.6875,6.4765983,-2.6457586,0.15073252,1.08395,0.41155097
1741,-0.01270368,9.704691,3.1152353,0.052668437,0.41069436,6.25,8.62561,13.25,5.4403753,-0.21072817,7.1040382,2.6653402,-0.034701355,0.57921815,5.40625,7.34375,13.3125,6.4221888,-2.6006527,0.16852379,0.98181343,0.19802448
1742,0.5366747,5.3288717,2.308435,0.05888054,0.20251298,4.6875,6.28125,10.625,5.6752276,0.09361505,2.957251,1.719666,0.1004229,0.45088315,3.375763,4.75,9.8125,7.2511635,-2.3716207,0.24837017,1.5759358,0.44305962
1743,-0.104301795,7.3301053,2.7074168,0.043515097,0.18252254,5.4375,7.125,11.125,5.195806,-0.102188766,5.1043262,2.2592757,0.04326521,0.24828267,4.53125,6.0,10.125,5.683509,-2.225779,0.065760136,0.48770285,0.0021130294
1744,0.20446174,12.205686,3.4936635,-0.086984575,0.5090227,7.03125,9.6875,15.0625,5.501808,0.4536812,10.000525,3.1623607,-0.07044956,0.6149745,6.46875,8.875,14.1875,5.6925244,-2.2051601,0.105951786,0.19071627,0.24921946
1745,-0.3613517,5.797141,2.4077253,0.0056023053,0.16422081,4.75,6.3125,10.8125,5.5980253,-0.15774076,3.4640343,1.8611916,0.045119915,0.19542503,3.6875,4.875305,8.0625,5.457923,-2.3331068,0.031204224,-0.14010239,0.20361094
1746,-0.20260884,6.053033,2.4602911,0.05458606,0.27059984,4.875,6.5625,13.0625,6.705105,0.17016704,3.2615194,1.8059677,0.012661933,0.57369924,3.609375,4.90625,14.0,9.855937,-2.7915134,0.3030994,3.1508322,0.37277588
1747,-1.0291467,6.5928617,2.5676568,-0.06335391,0.18387055,5.5,7.28125,12.25,5.596027,-0.55166095,3.6212413,1.9029559,-0.039640572,0.33337402,3.96875,5.25,10.0625,6.457119,-2.9716203,0.14950347,0.8610921,0.47748572
1748,0.07558726,5.800626,2.408449,0.010867638,0.23337626,4.78125,6.375,11.3125,5.955784,0.037864137,3.347105,1.8295095,0.053856667,0.3298838,3.625,4.96875,7.75,5.387282,-2.4535208,0.09650755,-0.56850195,0.03772312
1749,-0.52096885,5.3869805,2.320987,-0.08967007,0.32247782,4.6875,6.53125,10.375,5.5517225,-0.5723595,2.9341323,1.7129309,-0.06804067,0.3736179,3.609375,4.90625,8.8125,6.2123356,-2.4528482,0.05114007,0.66061306,0.051390648
1750,0.45270982,7.097911,2.6641905,-0.020281797,0.3003521,5.34375,7.187805,13.9375,6.53343,-0.061070923,4.727686,2.1743243,-0.04539452,0.41741657,4.3125,5.96875,12.5,7.318589,-2.370225,0.117064476,0.7851591,0.5137808
1751,-1.359232,6.624625,2.5738347,-0.0831937,0.19133139,5.75,7.59375,13.75,5.967717,-0.60954285,4.1046977,2.0260053,-0.008793021,0.27839327,4.21875,5.65625,9.3125,5.5740247,-2.5199275,0.08706188,-0.3936925,0.7496891
1752,-0.30634755,6.6344967,2.5757518,-0.04959076,0.1815126,5.15625,6.90625,10.9375,5.338342,-0.11019744,4.0014358,2.0003588,-0.057894163,0.2265408,3.984375,5.34375,9.0625,5.738917,-2.633061,0.04502821,0.40057468,0.19615011
1753,0.260463,8.37584,2.8941045,0.06664369,0.1863172,5.75,7.6875,17.75,7.714152,-0.43493667,5.9807487,2.4455569,0.1352067,0.4214425,4.875,6.53125,14.8125,7.529716,-2.3950915,0.2351253,-0.18443584,0.69539964
1754,-0.40462035,7.946714,2.8189917,-0.043761235,0.116164446,5.625,7.46875,11.25,4.9790072,-0.027983008,5.261059,2.2936997,0.07238334,0.46652937,4.5,6.0625,10.9375,6.052575,-2.685655,0.35036492,1.0735679,0.37663734
1755,0.34434813,6.617774,2.5725036,-0.019717326,0.2771623,5.125,6.9375,11.625,5.663527,0.41363788,3.8148057,1.9531528,-0.014333661,0.24586082,3.9375,5.34375,8.1875,5.1980205,-2.8029683,-0.0313015,-0.46550655,0.069289744
1756,0.7140587,6.476798,2.5449555,0.06882139,0.16465116,5.21875,7.0,12.4375,5.946228,0.31382906,3.820411,1.9545871,-0.005801335,0.12644124,3.9375,5.25,8.75,5.57827,-2.656387,-0.038209915,-0.36795807,0.40022963
1757,0.5238195,6.0016775,2.4498322,-0.029316675,0.28320146,4.96875,6.6875,11.125,5.639648,-0.086973146,3.4022164,1.8445098,-0.17548847,1.177536,3.625,5.09375,10.875,7.593449,-2.599461,0.89433455,1.9538012,0.61079264
1758,-1.5897621,7.798811,2.7926352,-0.05355196,0.20695305,6.34375,8.375,13.0625,5.110898,-0.89490247,5.1054797,2.2595308,-0.22175598,0.913702,4.78125,6.6875,13.4375,7.1001825,-2.6933312,0.70674896,1.9892845,0.6948596
1759,0.34480575,6.371593,2.5242014,0.09941963,0.30232,5.0625,6.875,12.6875,6.3355546,0.15511821,3.6787105,1.9179965,0.055910163,0.44756746,3.859375,5.34375,9.75,6.47898,-2.6928825,0.14524746,0.14342546,0.18968754
1760,-1.9146239,19.475533,4.4131093,0.026698528,0.22645974,9.375,12.5625,23.125,6.0458355,-1.4104983,15.990569,3.998821,-0.00087801,0.20185351,8.4375,11.25,18.125,5.398078,-3.4849634,-0.024606228,-0.64775753,0.5041256
1761,-1.0228429,6.777121,2.6032903,-0.040530216,0.282732,5.53125,7.3125,14.0625,6.360668,-0.3906248,3.9846437,1.9961573,0.03516721,0.34374905,4.0625,5.5,9.125,5.6906524,-2.7924774,0.061017036,-0.6700158,0.6322181
1762,0.46894374,7.0496397,2.6551158,-0.07962745,0.2677319,5.34375,7.15625,13.0625,6.1241636,0.19080213,3.992209,1.9980513,-0.04096022,0.29058242,4.0,5.40625,10.125,6.3961205,-3.0574307,0.022850513,0.27195692,0.27814162
1763,0.6745356,6.566109,2.562442,0.083044596,0.12122083,5.28125,6.96875,10.75,5.1332235,0.4214587,3.7749093,1.9429126,0.07804774,0.14619184,3.921875,5.3125,8.4375,5.36701,-2.7912,0.024971008,0.23378658,0.25307688
1764,0.43291923,13.2347355,3.6379576,-0.037405103,0.24085236,7.28125,9.75,16.75,5.814336,0.04976216,10.270434,3.2047517,-0.08061505,0.2964182,6.4375,8.625,13.125,5.2260838,-2.964301,0.055565834,-0.58825207,0.38315707
1765,0.88628846,9.35102,3.0579438,0.10121522,0.10195398,6.28125,8.4375,13.625,5.413746,0.4951493,6.3921432,2.5282688,0.16377746,0.23043156,5.125,6.875,12.5,6.170137,-2.9588766,0.12847757,0.75639105,0.39113915
1766,-0.35577103,7.2526617,2.6930766,0.0250762,0.15197301,5.34375,7.125,12.75,5.913165,-0.27167955,4.316858,2.077705,0.06382373,0.25439382,4.125,5.53125,10.375,6.261297,-2.935804,0.10242081,0.34813213,0.084091485
1767,-0.17080979,6.1010914,2.4700387,-0.015851164,0.16164613,4.90625,6.5,11.5,5.8690515,-0.15569414,3.529722,1.8787555,0.08133672,0.36966348,3.703125,5.0625,8.1875,5.51484,-2.5713694,0.20801735,-0.35421133,0.0151156485
1768,1.3184264,7.1965556,2.6826396,0.087887175,0.25968742,5.84375,7.969055,14.5,6.1062784,0.38944164,3.9627688,1.9906704,0.15891272,0.36847734,4.03125,5.625,9.6875,6.103355,-3.2337868,0.10878992,-0.0029234886,0.92898476
1769,0.7182364,7.869425,2.8052495,0.01609512,0.16167617,5.75,7.594055,14.6875,6.4035254,0.6846423,5.3348327,2.3097258,0.09200096,0.28235316,4.75,6.53125,12.6875,6.679459,-2.5345922,0.120676994,0.27593374,0.033594072
1770,0.05608667,7.130525,2.6703043,0.084503576,0.270149,5.3125,7.15625,11.375,5.408507,0.14548545,4.542715,2.1313646,0.019135583,0.28385592,4.28125,5.6875,8.875,5.284234,-2.58781,0.0137069225,-0.12427282,0.08939877
1771,-0.45091465,7.3273907,2.7069154,-0.18578906,0.4578135,5.375,7.25,12.6875,5.8759313,-0.11270203,4.6664553,2.160198,-0.44491047,1.8114095,4.1875,5.78125,14.6875,8.7792,-2.6609354,1.353596,2.9032683,0.3382126
1772,0.22767447,6.9600983,2.6381998,-0.049084198,0.18376493,5.21875,7.0,12.0,5.7188582,0.048755273,4.308129,2.0756032,-0.06364122,0.22554803,4.09375,5.53125,10.4375,6.349391,-2.6519694,0.041783094,0.63053274,0.1789192
1773,0.0043445374,6.9909115,2.6440332,-0.016973224,0.21718597,5.25,7.03125,13.25,6.3434935,0.27580106,4.1880784,2.0464795,0.022423381,0.12594771,4.09375,5.375,8.875,5.431032,-2.802833,-0.09123826,-0.9124613,0.27145654
1774,-0.54613787,6.8181047,2.61115,-0.07846162,0.1421628,5.21875,7.09375,12.3125,5.8421216,-0.20601003,4.245296,2.0604117,-0.06888536,0.30298352,4.09375,5.59375,9.5,5.8297877,-2.5728087,0.16082072,-0.01233387,0.34012783
1775,0.2720339,6.409134,2.5316267,-0.022264952,0.22936845,5.0,6.6875,11.875,5.8960495,0.34875163,3.5449746,1.8828102,0.010162083,0.2907493,3.78125,5.156555,10.5625,6.9816146,-2.8641593,0.061380863,1.0855651,0.076717734
1776,-2.401182,30.696302,5.5404243,-0.053968985,0.41829014,12.0,16.5,33.25,6.989371,-0.923325,26.44386,5.1423593,-0.013233189,0.4383371,10.5,14.25,29.0,7.095226,-4.2524433,0.02004695,0.10585499,1.4778569
1777,-1.4816524,7.5668163,2.7507846,-0.057771794,0.15928125,6.15625,8.0625,13.5625,5.458283,-1.1559924,4.756886,2.1810286,-0.059294842,0.23694515,4.8125,6.4375,11.75,5.981746,-2.8099303,0.0776639,0.52346325,0.32566
1778,-0.4097172,6.4239264,2.5345466,0.0040217238,0.11957979,5.0625,6.8125,10.1875,4.994302,-0.19515422,3.8326633,1.9577188,-0.06296324,0.43089175,3.890625,5.375,9.6875,6.268971,-2.591263,0.31131196,1.2746692,0.21456298
1779,0.0006781311,6.2867827,2.5073457,-0.06404537,0.13508105,4.9375,6.625,11.3125,5.6876745,0.16623132,3.7408628,1.934131,-0.04050082,0.27038002,3.828125,5.21875,9.3125,6.070551,-2.54592,0.13529897,0.3828764,0.16555318
1780,0.5070391,7.15624,2.6751149,-0.025928004,0.26292467,5.375,7.21875,13.9375,6.4680605,0.5047418,4.088171,2.0219226,-0.002916863,0.2943492,4.125,5.5625,10.375,6.31603,-3.068069,0.031424522,-0.15203047,0.0022973418
1781,0.4472295,7.5549445,2.748626,-0.005997356,0.206949,5.46875,7.375,13.4375,6.09017,0.08317367,4.7550435,2.1806061,0.00806899,0.311373,4.3125,5.875,11.1875,6.4990034,-2.799901,0.104424,0.4088335,0.36405584
1782,0.25298998,6.4368644,2.5370977,0.019905018,0.21612978,5.03125,6.75,13.0,6.4568634,0.080017336,3.8584054,1.9642824,-0.016531523,0.3864231,3.90625,5.34375,10.5,6.78064,-2.578459,0.17029333,0.32377672,0.17297265
1783,0.030419806,7.0404124,2.6533775,0.07752996,0.308331,5.28125,7.0625,13.0625,6.2645617,-0.13415769,4.5163875,2.1251793,0.04274475,0.3463993,4.21875,5.75,9.625,5.7544317,-2.524025,0.038068295,-0.5101299,0.1645775
1784,-0.7429218,7.3084087,2.7034068,0.005480901,0.24232388,5.5625,7.4375,11.0,4.977239,0.006220557,4.7630935,2.1824512,0.052261043,0.35261297,4.3125,5.937805,10.5625,6.149444,-2.5453153,0.1102891,1.172205,0.7491424
1785,0.7449693,7.148276,2.673626,-0.040691447,0.20899343,5.4375,7.28125,11.75,5.346743,0.049060546,4.1931677,2.0477226,-0.06947299,0.36771297,4.0625,5.531555,9.625,5.9799585,-2.9551082,0.15871954,0.6332154,0.6959088
1786,-0.46239728,6.4562283,2.540911,-0.03898551,0.11608672,5.125,6.8125,11.0,5.374092,-0.46899438,3.8122468,1.9524976,0.021934872,0.62879086,3.984375,5.5625,10.9375,6.9656086,-2.6439815,0.51270413,1.5915165,0.0065971017
1787,1.1384329,9.660725,3.1081705,-0.081581056,0.51760316,6.5,8.9375,15.5,5.938654,0.58272487,6.755679,2.599169,-0.015791822,0.6389742,5.375,7.40625,12.0,5.7983704,-2.9050455,0.12137103,-0.14028358,0.555708
1788,-0.5852736,14.014551,3.7436013,-0.19513908,0.57223105,7.6875,10.5625,20.75,7.067826,-0.5604095,11.434362,3.3814733,-0.2392778,0.59648466,7.0,9.6875,15.6875,5.9512453,-2.5801888,0.024253607,-1.1165805,0.024864137
1789,0.6813218,7.187784,2.6810043,-0.0035978055,0.15148664,5.4375,7.21875,11.8125,5.3869123,0.453202,4.2120233,2.0523214,0.08295248,0.6118367,4.15625,5.59375,11.1875,6.7862587,-2.975761,0.46035004,1.3993464,0.22811979
1790,-0.14753585,5.9369783,2.4365916,0.045336362,0.18955779,4.8125,6.5,10.5,5.434878,0.20901094,3.475461,1.8642589,0.042154234,0.36537242,3.703125,5.03125,11.625,7.8912597,-2.4615173,0.17581463,2.4563818,0.3565468
1791,0.36030665,6.526282,2.554659,0.11611632,0.3494053,5.125,7.0625,11.8125,5.83187,0.10913168,3.5473876,1.883451,0.112610124,0.41368318,3.734375,5.125,8.8125,5.9562736,-2.9788942,0.06427789,0.12440348,0.251175
1792,0.7962386,7.1468,2.6733499,-0.009336758,0.23173809,5.4375,7.40625,12.125,5.4763026,0.07397092,4.6491776,2.1561952,0.04117381,0.18068147,4.220276,5.75,9.75,5.7054,-2.4976225,-0.051056623,0.22909737,0.7222677
1793,0.98546046,6.7297554,2.5941772,0.025006147,0.13389397,5.46875,7.28125,12.5625,5.6952395,0.950294,3.8655922,1.966111,0.1206838,0.2760377,4.314026,5.875,9.4375,5.4991765,-2.8641632,0.14214373,-0.19606304,0.035166442
1794,0.4659202,19.623753,4.4298706,-0.05428353,0.3513112,9.0,12.0,21.0,6.0105753,0.27719367,17.450209,4.177345,-0.072881594,0.4779303,8.5,11.4375,19.125,5.884217,-2.173544,0.1266191,-0.12635851,0.18872654
1795,-0.086918406,7.688982,2.7729013,-0.004136354,0.19454479,5.46875,7.3125,12.875,5.869756,-0.31121013,4.580511,2.1402128,0.005439149,0.20592856,4.28125,5.65625,10.75,6.290073,-3.108471,0.011383772,0.4203167,0.22429171
1796,-0.4870548,7.249131,2.692421,0.10534718,0.2460196,5.40625,7.125305,12.625,5.831606,-0.52980214,4.432733,2.1054056,0.15398517,0.3199346,4.25,5.78125,9.125,5.2888474,-2.8163981,0.073915005,-0.54275846,0.04274735
1797,0.75897396,7.323334,2.706166,-0.025001269,0.14637542,5.5,7.3125,13.4375,6.0010557,0.44160455,4.4314246,2.105095,0.046323948,0.36520553,4.25,5.8125,10.25,6.063273,-2.8919096,0.21883011,0.062217236,0.3173694
1798,0.21056628,6.2518506,2.50037,-0.07962123,0.32857275,4.96875,6.71875,10.375,5.243708,-0.009997949,3.6767192,1.9174773,-0.08911673,0.4160452,3.796875,5.1875,9.9375,6.593643,-2.5751314,0.08747244,1.349935,0.22056423
1799,-0.15473315,10.884496,3.299166,-0.0063490313,0.09176183,6.46875,8.625,15.0,5.714564,0.35162845,7.7113624,2.776934,0.06940084,0.24098301,5.5625,7.46875,12.4375,5.6440434,-3.1731334,0.14922118,-0.0705204,0.5063616
1800,-0.13842689,6.427706,2.5352921,-0.044724196,0.10147834,5.0,6.656555,10.0,4.954305,-0.033446338,3.823479,1.9553719,-0.082860194,0.12885094,3.90625,5.0625,8.875,5.741974,-2.6042268,0.027372599,0.7876687,0.10498054
1801,0.5683057,8.985667,2.9976103,-0.029804848,0.21436357,6.0,8.0,15.625,6.469021,0.32338554,6.193004,2.4885747,0.009169753,0.32644582,5.0,6.6875,13.75,6.9638114,-2.792663,0.11208224,0.49479055,0.24492013
1802,-0.29209843,18.255592,4.2726564,-0.04250781,0.3444717,8.565552,11.625,19.5,5.8111143,0.24879918,14.825457,3.850384,0.037352946,0.42399406,7.75,10.50061,17.5,5.8246093,-3.4301357,0.07952237,0.013494968,0.5408976
1803,-0.120923586,7.3441033,2.7100005,0.03499174,0.17571926,5.34375,7.15625,11.9375,5.5600653,-0.1251352,4.488034,2.118498,0.023191018,0.15183544,4.21875,5.59375,8.75,5.219262,-2.8560696,-0.02388382,-0.34080315,0.004211612
1804,-0.4781673,6.410646,2.5319254,-0.058716744,0.10187578,5.125,6.8125,11.0,5.3881154,-0.123421825,3.6816714,1.9187682,-0.09167546,0.26418638,3.78125,5.21875,8.6875,5.7190237,-2.7289746,0.1623106,0.3309083,0.35474548
1805,-0.35918993,6.7222476,2.5927298,0.08910462,0.17988038,5.15625,6.8125,11.625,5.5927305,-0.18551713,4.0748186,2.018618,0.09294059,0.43846345,4.0625,5.46875,8.375,5.26316,-2.647429,0.25858307,-0.3295703,0.1736728
1806,0.4452995,7.602118,2.7571938,0.15362358,0.24278498,5.5625,7.53125,11.25,5.130763,0.09035054,4.738307,2.1767652,0.17668803,0.4561851,4.375,6.0625,9.875,5.7934756,-2.863811,0.21340013,0.6627126,0.35494897
1807,11.148633,114.5455,10.702593,0.071628794,-0.36979342,28.75,35.5,51.25,4.03859,9.810471,106.49113,10.319454,0.102864854,-0.35752058,27.0,33.5,46.75,4.0357537,-8.054375,0.012272835,-0.0028362274,1.3381624
1808,-0.5802295,6.0822225,2.4662163,-0.04555702,0.28034806,5.03125,6.8125,11.1875,5.598718,-0.9511203,3.4422047,1.855318,-0.034019772,0.22742152,4.125,5.4375,8.5625,5.1645017,-2.6400177,-0.05292654,-0.4342165,0.3708908
1809,-0.0024558532,5.8591695,2.420572,-0.055255562,0.19395995,4.75,6.4375,11.75,6.125306,0.012385596,3.3777993,1.8378791,0.10523162,0.5190139,3.640625,5.03125,9.9375,6.8984566,-2.4813702,0.32505393,0.77315044,0.0148414485
1810,0.11208816,7.039875,2.6532762,-0.012142387,0.122581005,5.25,7.0,10.375,4.929209,0.07375576,4.5236173,2.1268797,0.02779049,0.24570537,4.25,5.6875,8.9375,5.329143,-2.5162578,0.12312436,0.39993382,0.038332395
1811,-0.34235758,6.4573493,2.5411315,0.096259214,0.22459269,5.03125,6.750305,12.8125,6.302263,-0.021092968,3.6164825,1.9017051,0.13414738,0.30564213,3.75,5.125,9.4375,6.3021216,-2.8408668,0.08104944,-0.0001411438,0.3212646
1812,0.16272676,6.5068564,2.550854,0.051850807,0.21169567,5.03125,6.75,11.625,5.75254,0.15310983,3.9754353,1.9938494,0.07950123,0.31497717,3.984375,5.375,9.375,5.952394,-2.5314212,0.1032815,0.1998539,0.009616926
1813,-0.013473834,5.5372753,2.3531415,-0.046116933,0.28688216,4.6875,6.28125,12.4375,6.7040973,0.3568707,3.1664104,1.779441,-0.012427785,0.47247243,3.59375,4.969055,8.6875,6.112671,-2.3708649,0.18559027,-0.5914264,0.37034455
1814,-0.69010353,7.7182803,2.7781794,0.037269823,0.08131838,5.5625,7.46875,12.5,5.4789786,-0.09711845,5.242197,2.2895844,0.030273933,0.13192415,4.53125,6.000305,9.1875,5.062972,-2.4760833,0.050605774,-0.41600657,0.5929851
1815,1.3286974,8.597646,2.9321742,0.023107814,0.21981049,6.34375,8.375,15.0,5.867725,0.83092326,5.943885,2.4380083,0.029332519,0.24116397,5.15625,6.75,12.625,6.207071,-2.653761,0.021353483,0.33934593,0.49777418
1816,0.67655456,10.997012,3.3161743,-0.06471445,0.30844998,6.6875,8.875,17.75,6.621736,0.80856204,7.720875,2.7786462,-0.015772808,0.41898513,5.71875,7.78125,15.0,6.561107,-3.2761374,0.110535145,-0.06062889,0.13200748
1817,-0.22138682,6.3453827,2.5190043,-0.026903387,0.08082414,5.03125,6.625,11.0625,5.51548,-0.53630674,3.7815578,1.9446228,-0.06346602,0.22468925,4.0,5.34375,9.5,5.984346,-2.563825,0.14386511,0.46886587,0.31491992
1818,-0.05377332,6.5622687,2.5616925,-0.10879607,0.39128637,5.125,7.0,12.4375,6.188774,-0.50487995,4.2847247,2.0699577,-0.117051505,0.5969827,4.28125,5.9375,9.9375,6.003119,-2.277544,0.20569634,-0.18565512,0.45110664
1819,-0.081392646,13.329222,3.6509206,0.045771252,0.5308194,7.375,10.125,19.625,6.9335866,-0.2135709,11.039875,3.3226306,0.13934863,0.63740015,6.71875,9.25,17.5,6.770768,-2.2893467,0.106580734,-0.16281843,0.13217825
1820,-0.00557265,6.9302177,2.6325307,0.01093491,0.25780773,5.1875,7.0625,11.3125,5.4375925,0.04646737,4.26709,2.0656936,0.041246943,0.2552762,4.09375,5.53125,9.0,5.5268044,-2.663128,-0.0025315285,0.08921194,0.052040022
1821,0.14569303,6.2491827,2.4998364,0.045427065,0.2656579,4.96875,6.65625,13.125,6.6498713,0.18265735,3.6653929,1.9145216,0.021274023,0.36676645,3.828125,5.1875,9.6875,6.417202,-2.5837898,0.10110855,-0.23266935,0.036964312
1822,-0.24159256,6.2034082,2.4906642,-0.035740413,0.16471243,4.96875,6.625,10.6875,5.410184,-0.2885675,3.4415019,1.8551285,-0.11178857,0.28655457,3.734375,5.09375,9.5,6.429691,-2.7619064,0.121842146,1.0195069,0.046974957
1823,0.8860799,6.8435884,2.6160252,0.037690766,0.196388,5.4375,7.3125,12.0625,5.510684,0.45390844,4.0116224,2.0029035,-0.06960891,0.27350378,4.0625,5.4375,8.8125,5.418591,-2.831966,0.077115774,-0.09209299,0.43217146
1824,11.55904,221.35452,14.877988,-0.10695316,0.1319499,35.75,46.0,66.0,4.297457,8.60135,211.17105,14.531726,-0.10620721,0.14798832,32.5,42.25,58.75,4.321829,-10.183472,0.016038418,0.024371624,2.9576902
1825,0.33122918,7.402065,2.7206736,0.045551673,0.31303024,5.46875,7.344055,12.4375,5.7621818,-0.006349658,4.572063,2.1382382,0.11154751,0.5148661,4.25,5.90625,11.25,6.740977,-2.8300018,0.20183587,0.97879505,0.33757883
1826,-0.45949247,6.521493,2.5537214,-0.028607551,0.2345612,5.1875,6.875,13.125,6.415018,-0.044965025,3.7521079,1.9370358,-0.014100274,0.31196332,3.84375,5.1875,9.6875,6.344941,-2.769385,0.077402115,-0.07007694,0.41452745
1827,0.26014438,6.8744936,2.6219256,-0.06662247,0.16244411,5.15625,6.9375,11.0,5.2768416,0.24653809,3.7589884,1.9388111,0.010154994,0.34571838,3.875,5.375,10.25,6.682239,-3.1155052,0.18327427,1.4053974,0.013606295
1828,-0.14453244,6.395286,2.5288904,0.029994851,0.23051047,5.0,6.75,11.625,5.7975774,-0.32718965,3.976874,1.9942101,0.053823218,0.33015108,4.03125,5.34375,10.25,6.4406824,-2.418412,0.09964061,0.64310503,0.18265721
1829,0.15523033,5.9426603,2.4377573,-0.029651934,0.14471745,4.8125,6.40625,11.75,6.0677342,0.1475653,3.3533628,1.831219,-0.03258329,0.28547168,3.640625,4.96875,7.78125,5.363834,-2.5892975,0.14075422,-0.70390034,0.007665023
1830,0.58205736,13.688202,3.699757,-0.046082497,0.19122577,7.40625,9.8125,16.625,5.600993,0.26141196,10.094971,3.1772583,-0.10648772,0.25749326,6.314026,8.4375,14.8125,5.878068,-3.5932312,0.06626749,0.2770748,0.3206454
1831,-0.78433526,6.5701227,2.563225,-0.15117043,0.35113597,5.282776,7.28125,11.375,5.405683,-0.2070327,3.9129496,1.9781177,-0.1110842,0.63589287,3.96875,5.46875,10.75,6.93959,-2.6571732,0.2847569,1.5339069,0.5773026
1832,0.6580172,9.885179,3.1440704,0.14708067,0.36643887,6.40625,8.75,16.0,6.358959,0.82755995,7.2601633,2.694469,0.2324248,0.80660796,5.625,7.812805,15.3125,7.0279393,-2.6250153,0.4401691,0.6689801,0.16954273
1833,-1.1830398,7.4141493,2.7228935,-0.0054109655,0.15903044,5.8125,7.687805,12.25,5.181767,-1.0026038,4.5209517,2.126253,-0.015958158,0.16158509,4.65625,6.125,10.875,5.8200946,-2.8931975,0.002554655,0.6383276,0.18043602
1834,-0.09317334,12.631649,3.5541031,0.008518344,0.25531077,7.0,9.5,16.25,5.791065,0.15082717,9.481137,3.0791454,0.011402142,0.3019259,6.125,8.375,13.0,5.3591757,-3.1505117,0.046615124,-0.43188953,0.24400051
1835,-0.58716345,7.047308,2.6546767,0.017778192,0.20499754,5.3125,7.3125,12.25,5.683789,-0.44473296,4.3820076,2.0933244,-0.06042828,0.26647806,4.21875,5.75,9.375,5.5666037,-2.6653004,0.061480522,-0.117185116,0.14243048
1836,0.050109107,5.8794227,2.424752,0.015343602,0.29961133,4.78125,6.5625,12.0,6.285821,0.3984105,3.325847,1.8236904,0.016144646,0.25071168,3.6875,4.84375,11.1875,7.5685515,-2.5535758,-0.04889965,1.2827306,0.34830138
1837,0.5523999,5.849563,2.418587,-0.014850302,0.19458055,4.90625,6.5625,10.625,5.41413,0.013223584,3.4433637,1.8556303,-0.0457194,0.50821304,3.6875,5.03125,8.5625,5.900844,-2.4061995,0.3136325,0.4867139,0.5391763
1838,-0.1467875,12.237966,3.4982803,0.007715249,0.046714306,6.875,9.125,15.375,5.5108213,-0.12484204,8.086035,2.8435955,-0.021336384,0.16213775,5.59375,7.46875,12.9375,5.7343717,-4.151931,0.11542344,0.22355032,0.021945454
1839,-0.20766096,6.2320347,2.4964044,-0.023269882,0.18945861,4.9375,6.594055,10.625,5.360647,-0.29950884,3.4289796,1.8517504,-0.050144356,0.2921121,3.71875,5.0,8.5625,5.7952857,-2.803055,0.1026535,0.4346385,0.09184788
1840,0.15026344,6.865247,2.6201615,0.012364974,0.16806245,5.15625,6.875,11.0,5.2830305,0.15286797,4.1292386,2.0320528,0.071795076,0.29233336,4.03125,5.46875,9.3125,5.7938843,-2.7360082,0.124270916,0.51085377,0.0026045293
1841,0.38247755,6.670936,2.5828156,0.03508332,0.33203197,5.21875,7.0625,11.625,5.664051,0.34396377,3.732281,1.9319112,0.09691268,0.40625286,3.90625,5.34375,8.375,5.4518843,-2.9386551,0.074220896,-0.21216679,0.03851378
1842,-0.45876402,6.5837674,2.5658853,-0.032148,0.20881844,5.125,6.9375,11.1875,5.421788,-0.36297333,4.3657746,2.0894437,-0.03911011,0.5287833,4.21875,5.812805,10.4375,6.3108816,-2.2179928,0.3199649,0.8890934,0.095790684
1843,0.5633143,5.657018,2.3784487,0.044444785,0.08204985,4.84375,6.4375,10.625,5.479909,0.071027145,3.3368769,1.826712,0.14355984,0.19809723,3.609375,4.84375,7.65625,5.3003135,-2.3201413,0.11604738,-0.17959547,0.49228716
1844,0.10910718,6.596824,2.5684283,0.03295563,0.29932475,5.09375,6.875,13.375,6.601201,0.096008085,3.8626626,1.9653658,0.008623166,0.46724105,3.921875,5.375,10.625,6.890148,-2.7341616,0.1679163,0.2889471,0.013099097
1845,-0.011497455,16.332485,4.041347,-0.24009886,0.32783914,8.125,11.0625,21.5,6.7612004,0.21503748,12.919043,3.594307,-0.27321893,0.55726266,7.3125,10.0,17.0,6.071277,-3.4134426,0.22942352,-0.6899233,0.22653493
1846,-0.5020214,9.43324,3.071358,-0.11319872,0.23688293,6.095276,8.3125,14.625,5.952813,0.22148101,6.6560564,2.5799334,-0.07200879,0.5874376,5.0625,7.125305,12.5,6.148653,-2.7771835,0.3505547,0.19583988,0.7235024
1847,-0.1626537,6.497044,2.54893,0.05749933,0.16361356,5.03125,6.781555,11.375,5.61186,-0.051875897,3.8483875,1.9617307,0.0374542,0.21969128,3.84375,5.21875,8.8125,5.678967,-2.6486566,0.05607772,0.0671072,0.1107778
1848,0.47986954,6.8926053,2.6253772,0.102880344,0.4264784,5.25,7.15625,13.4375,6.3972926,-0.055048436,4.073187,2.0182137,0.22610062,0.9063182,3.96875,5.406555,11.0,6.98287,-2.8194184,0.4798398,0.5855775,0.53491795
1849,0.036975734,6.9261603,2.63176,0.03689243,0.25645733,5.25,7.09375,12.375,5.9573455,-0.4390814,4.866603,2.2060378,0.10137548,0.41717768,4.5,6.0625,10.5,5.9424353,-2.0595574,0.16072035,-0.014910221,0.47605714
1850,0.6239248,13.142792,3.6252987,-0.19555414,0.5351994,7.375,9.875,16.125,5.597172,0.3596431,10.293502,3.2083488,-0.20279005,0.5965409,6.5,8.875,13.9375,5.548184,-2.84929,0.061341524,-0.048987865,0.2642817
1851,-0.3187382,6.2960477,2.5091927,-0.025472611,0.20139241,4.96875,6.71875,11.875,5.9293547,-0.34513226,3.7130313,1.9269228,-0.16251673,0.29408884,3.890625,5.375,9.5,6.180333,-2.5830164,0.09269643,0.25097847,0.02639407
1852,1.1140419,9.330489,3.054585,0.11943972,0.2590785,6.5,8.62561,14.0,5.479582,0.46808124,5.920387,2.4331844,0.10238447,0.38692498,5.0,6.84375,12.375,6.3912215,-3.4101024,0.12784648,0.9116397,0.6459607
1853,-0.5213638,7.3637424,2.7136216,0.11339971,0.42867565,5.4375,7.53125,12.0,5.5046024,-0.51166815,4.623042,2.150126,0.16044119,0.5504279,4.375,5.96875,10.125,5.8088865,-2.7407002,0.12175226,0.3042841,0.009695649
1854,0.1573133,6.558022,2.5608635,-0.020155404,0.23207021,5.09375,6.71875,11.875,5.8718615,0.12185801,3.7183228,1.9282953,-0.07098724,0.30830288,3.828125,5.1875,9.3125,6.102912,-2.8396993,0.07623267,0.23105049,0.035455294
1855,0.27271843,5.970236,2.4434066,0.024219329,0.14198422,4.84375,6.46875,12.25,6.2860107,0.113180466,3.6530693,1.9113004,0.05365171,0.1870606,3.765625,5.0625,8.75,5.770718,-2.3171666,0.04507637,-0.51529264,0.15953797
1856,0.36426455,12.758538,3.5719097,0.0838875,0.68651795,7.1875,10.00061,18.5,6.6275377,0.09780962,10.1922035,3.192523,0.08621482,0.6682708,6.40625,8.9375,18.25,7.337586,-2.5663347,-0.018247128,0.7100482,0.26645494
1857,-0.24434565,6.699456,2.5883307,0.023995271,0.23751354,5.09375,6.9375,12.75,6.2118845,0.078821555,3.8362849,1.9586437,0.022573479,0.41001534,3.90625,5.34375,9.8125,6.380344,-2.8631713,0.1725018,0.16845942,0.3231672
1858,-0.6115955,6.8027267,2.6082036,0.032666493,0.4129188,5.28125,7.3125,13.8125,6.551215,-0.04176748,4.176773,2.0437155,0.004557469,0.3849225,4.03125,5.5,11.375,7.0605145,-2.6259537,-0.027996302,0.5092993,0.56982803
1859,0.2868931,11.255135,3.3548672,-0.09447273,0.17712593,6.59375,8.9375,14.625,5.464341,-0.114919335,8.206569,2.864711,-0.13414918,0.2547946,5.6875,7.6256104,12.125,5.353335,-3.0485659,0.07766867,-0.11100626,0.40181243
1860,0.70416313,6.503296,2.550156,-0.02427483,0.19230723,5.21875,6.906555,10.5,5.0132008,0.5473753,3.7921574,1.9473462,0.04402972,0.25784707,4.03125,5.375,8.75,5.496087,-2.7111385,0.06553984,0.4828863,0.15678781
1861,1.0133069,8.535898,2.9216259,0.00037892917,0.1270051,6.09375,8.0,13.25,5.4125543,0.43737295,5.736759,2.3951533,0.019762501,0.22702885,4.84375,6.4375,11.4375,5.955001,-2.799139,0.10002375,0.5424466,0.57593393
1862,0.2193911,7.694718,2.7739356,0.09375677,0.16034007,5.5,7.3125,13.5625,6.1714807,-0.20656885,5.092451,2.256646,-0.006919437,0.19785953,4.53125,5.969055,12.0625,6.7528067,-2.6022668,0.037519455,0.581326,0.42595994
1863,-0.35775703,6.8025217,2.6081645,0.04761558,0.1291914,5.25,6.937805,10.8125,5.1879478,-0.029583838,4.3051047,2.0748746,0.07116565,0.2461443,4.125,5.562805,9.375,5.740454,-2.497417,0.116952896,0.55250645,0.3281732
1864,-0.70858806,7.0173078,2.6490202,-0.040092267,0.17730021,5.4375,7.28125,13.875,6.3944616,-0.17535937,3.9118004,1.9778272,-0.0540623,0.30575657,3.9375,5.312805,9.25,5.919635,-3.1055074,0.12845635,-0.4748268,0.5332287
1865,0.15549187,5.938227,2.4368477,-0.003020355,0.27613425,4.8125,6.53125,11.625,6.0379963,-0.23627834,3.6943107,1.9220589,0.04648188,0.3158331,3.84375,5.1875,9.1875,6.0105295,-2.2439165,0.03969884,-0.027466774,0.3917702
1866,-0.6855503,6.692989,2.5870812,0.06561509,0.2657063,5.3125,7.09375,11.9375,5.635735,-0.11633589,3.897122,1.974113,0.14364429,0.7520423,3.859375,5.375,11.1875,7.204851,-2.795867,0.486336,1.5691161,0.5692144
1867,-0.67588574,6.260975,2.502194,-0.09104108,0.18240619,5.125,6.8125,15.25,7.442829,-0.5152797,3.5659676,1.888377,-0.05222141,0.34490108,3.859375,5.21875,11.3125,7.329885,-2.6950073,0.1624949,-0.112944126,0.16060603
1868,-0.6855496,5.9331217,2.4358,0.0008569899,0.22358918,5.03125,6.6875,12.5625,6.2814317,-0.37658685,3.4708917,1.8630329,0.035569444,0.3645227,3.765625,5.0625,9.5625,6.3807096,-2.46223,0.14093351,0.09927797,0.30896276
1869,-0.22473216,5.6615863,2.3794088,0.055109177,0.16892552,4.71875,6.25,11.625,6.1527786,-0.061797973,3.3713183,1.836115,-0.23515533,1.3649182,3.59375,5.094055,11.625,8.176925,-2.290268,1.1959927,2.024146,0.16293418
1870,0.27723634,6.2671146,2.5034206,-0.082359806,0.3327341,5.0,6.625305,16.125,8.102604,0.5748958,3.6309953,1.9055171,-0.08350631,0.27166605,3.921875,5.1875,8.875,5.6191745,-2.6361194,-0.061068058,-2.4834294,0.29765946
1871,-1.4801722,6.722057,2.592693,-0.034581576,0.20290327,5.8125,7.656555,12.625,5.307301,-0.75316006,3.8015437,1.9497548,-0.024543354,0.24496984,4.15625,5.53125,9.5625,5.7714534,-2.9205132,0.042066574,0.46415234,0.7270121
1872,0.67639357,13.015562,3.6077087,0.20319355,0.5302017,7.53125,10.3125,17.875,6.344731,0.26526552,10.905271,3.3023129,0.28119135,0.6284528,6.8125,9.4375,16.5,6.5513105,-2.1102915,0.098251104,0.20657969,0.41112804
1873,0.5744651,6.057503,2.4611995,0.13838796,0.18052769,5.0,6.8125,10.8125,5.425567,0.57840186,3.6316469,1.905688,0.11172959,0.18938279,3.921875,5.3125,8.5625,5.4547954,-2.4258564,0.008855104,0.02922821,0.0039367676
1874,1.1485641,6.521915,2.553804,-0.023807183,0.15426302,5.5,7.1875,14.125,6.3219447,0.48812482,3.9860191,1.9965017,0.011610631,0.23431897,4.0625,5.406555,10.625,6.5322747,-2.5358958,0.08005595,0.21033001,0.66043925
1875,0.17599474,6.8453064,2.6163538,-0.0025676764,0.1877389,5.125,7.0,10.875,5.250513,-0.04370454,4.0641465,2.0159729,-0.061944634,0.26144624,4.03125,5.40625,9.1875,5.785327,-2.7811599,0.07370734,0.5348139,0.21969928
1876,-0.17311715,6.361137,2.5221295,-0.0015417021,0.2142663,5.0,6.625,11.8125,5.9001584,-0.11324087,3.7794876,1.9440905,0.009103292,0.27146554,3.828888,5.15625,9.3125,6.0469975,-2.5816493,0.05719924,0.14683914,0.059876278
1877,-0.99435574,6.3838477,2.5266278,0.00021617643,0.15988088,5.3125,7.09375,11.5,5.318483,-0.41694126,3.50103,1.871104,0.027901296,0.22416806,3.828125,5.0,9.375,6.183682,-2.8828177,0.064287186,0.8651991,0.5774145
1878,-0.4550245,6.078783,2.4655187,0.06837247,0.21898198,4.9375,6.5625,11.5625,5.8205447,-0.36336774,3.4525745,1.8581104,0.06306023,0.31155944,3.75,5.0625,8.5625,5.736295,-2.6262085,0.09257746,-0.0842495,0.091656774
1879,0.037067253,7.418813,2.7237499,-0.0005163382,0.12500739,5.4375,7.0625,11.6875,5.421001,-0.23677991,4.669416,2.1608832,0.030344907,0.17802739,4.3125,5.8125,9.3125,5.41197,-2.7493973,0.05302,-0.009030819,0.27384716
1880,0.70869774,9.115737,3.019228,0.19552122,0.34445715,6.189026,8.5,14.125,5.825122,0.49449193,6.5402,2.5573816,0.14399192,0.3474803,5.21875,7.0625,12.625,6.1862984,-2.5755367,0.0030231476,0.3611765,0.2142058
1881,0.3792549,7.510215,2.740477,-0.003566062,0.08435011,5.4375,7.21875,10.625,4.8308234,-0.43608275,4.58259,2.1406984,-0.028075056,0.25707412,4.375,5.875,9.6875,5.642337,-2.9276247,0.17272401,0.8115134,0.81533766
1882,0.26138797,6.777604,2.6033833,-0.07699157,0.109702826,5.125,6.84375,11.625,5.574225,0.36624905,3.8366694,1.9587418,-0.08155897,0.32145166,3.96875,5.28125,11.125,7.0702267,-2.9409347,0.21174884,1.4960017,0.10486108
1883,0.3711346,6.76188,2.6003616,-0.016230954,0.22693276,5.15625,7.0,13.8125,6.639953,0.1048271,4.0248933,2.0062137,-0.02169083,0.29116392,3.984375,5.375,9.4375,5.968374,-2.7369866,0.06423116,-0.67157936,0.2663075
1884,-0.35423326,7.1767178,2.6789396,0.008581781,0.19844913,5.34375,7.125,12.0,5.609257,0.07507651,4.542044,2.1312072,-0.08822241,0.52612233,4.1875,5.937805,10.0,5.984596,-2.6346736,0.3276732,0.37533855,0.4293098
1885,0.18804312,13.19473,3.632455,-0.023785109,0.14603901,7.1875,9.6875,14.25,4.946627,-0.31195244,10.381939,3.2221017,-0.041637775,0.16797471,6.40625,8.5625,13.9375,5.4449387,-2.8127909,0.021935701,0.49831152,0.49999556
1886,-1.2618794,6.467737,2.5431747,0.075092755,0.11168218,5.5,7.1875,10.5,4.6089892,-0.46676406,4.001151,2.0002878,-0.018480405,0.43541837,4.03125,5.4375,11.5,7.111048,-2.466586,0.3237362,2.502059,0.79511535
1887,-0.10854209,9.805027,3.131298,-0.0018250456,0.1861105,6.1875,8.375,12.9375,5.2121096,-0.14856817,6.504092,2.5503123,-0.0361561,0.29272413,5.0625,6.844055,11.5625,5.7434855,-3.3009348,0.106613636,0.5313759,0.040026076
1888,-0.080957934,7.1574116,2.675334,0.029159997,0.09222388,5.25,6.9375,12.25,5.7722697,0.25966534,4.1328244,2.032935,0.011215943,0.37639046,4.0625,5.469055,12.25,7.5867577,-3.0245872,0.28416657,1.8144879,0.34062326
1889,0.8759432,7.01085,2.647801,0.027275618,0.09557366,5.5,7.3125,12.125,5.474567,0.72398514,4.041375,2.010317,0.030611727,0.21707869,4.21875,5.59375,9.5625,5.6546564,-2.9694748,0.12150502,0.18008947,0.15195805
1890,0.58969605,6.442285,2.5381656,0.06054128,0.15100288,5.125,6.875,11.625,5.639063,-0.029821485,3.9846056,1.9961476,-0.02481482,0.24331474,3.953125,5.28125,8.9375,5.669077,-2.4576795,0.09231186,0.030014038,0.61951756
1891,0.036866717,6.2244463,2.494884,0.010652156,0.19606996,4.9375,6.5625,11.75,5.948741,-0.11774202,3.5590556,1.8865459,-0.032520108,0.17298508,3.71875,4.9375,8.625,5.7547755,-2.6653907,-0.023084879,-0.19396544,0.15460873
1892,0.0280576,7.4138594,2.7228403,0.1821357,0.24670863,5.4375,7.281555,12.9375,6.0217886,0.2881908,4.414297,2.101023,0.25066823,0.46783996,4.28125,5.969055,9.625,5.8349996,-2.9995623,0.22113132,-0.18678904,0.2601332
1893,-0.38855916,6.9390435,2.6342065,-0.14097351,0.24583864,5.28125,7.094055,12.5,5.9417586,-0.4065936,4.373473,2.091285,-0.1643153,0.3935113,4.21875,5.875,9.3125,5.5838404,-2.5655704,0.14767265,-0.35791826,0.018034428
1894,-0.3172252,6.448836,2.539456,0.05341225,0.25455332,5.125,6.84375,11.375,5.6255846,-0.14971572,4.2935624,2.0720913,0.071617536,0.7547567,4.09375,5.75,10.8125,6.66654,-2.1552734,0.5002034,1.0409555,0.16750947
1895,0.15604755,6.4168115,2.5331426,0.043411683,0.2765646,5.0625,6.71875,12.0625,6.0345917,-0.045492332,3.6743183,1.9168512,0.025113849,0.3661642,3.796875,5.21875,8.9375,5.9357705,-2.7424932,0.08959961,-0.09882116,0.20153989
1896,1.1626309,7.194736,2.6823006,0.10409911,0.22548032,5.75,7.78125,13.875,6.00722,0.61003006,4.5702834,2.1378222,0.19457065,0.38985825,4.46875,6.09375,12.625,7.287782,-2.6244526,0.16437793,1.2805624,0.55260086
1897,0.17079502,6.4589787,2.5414522,0.038492374,0.060591698,4.96875,6.6875,10.375,5.1181326,0.13809127,3.9164507,1.9790025,0.017007392,0.39002967,3.875,5.375,9.5,6.069473,-2.542528,0.32943797,0.9513402,0.032703757
1898,-0.10709964,6.249866,2.4999733,-0.013944881,0.12068868,4.9375,6.53125,10.6875,5.3749986,0.12280991,3.5217507,1.8766328,-0.06895868,0.27219987,3.735138,4.969055,9.0,6.076406,-2.7281153,0.15151119,0.70140743,0.22990954
1899,-0.45934033,6.0890884,2.4676077,0.06158952,0.17161822,4.9375,6.5625,10.875,5.467986,-0.38849023,3.4602094,1.8601638,0.05228948,0.20654202,3.765625,5.0,8.125,5.387874,-2.628879,0.034923792,-0.08011198,0.070850104
1900,0.5629545,6.821627,2.6118245,0.06229196,0.16183114,5.25,7.125,11.75,5.545802,-0.0070859375,4.1822653,2.0450587,0.10272289,0.3081572,4.0625,5.46875,9.5625,5.9401965,-2.6393619,0.14632607,0.3943944,0.5700404
1901,-0.12112648,7.7361937,2.7814014,0.029083475,0.21013284,5.470276,7.34375,13.25,6.0036845,-0.09064405,4.757572,2.181186,0.01718869,0.33143735,4.34375,5.875,9.8125,5.7256207,-2.9786215,0.12130451,-0.27806377,0.030482434
1902,-0.86997324,9.490698,3.0806975,0.04769941,0.15200806,6.3125,8.3125,13.75,5.3962154,-0.4130552,6.2609005,2.5021791,0.007976896,0.19817424,5.03125,6.71875,11.25,5.6012025,-3.2297974,0.04616618,0.20498705,0.45691803
1903,-0.36275157,6.221322,2.494258,0.045780268,0.16683769,4.96875,6.625305,10.25,5.121823,-0.18627998,3.582264,1.892687,-0.01393618,0.31391454,3.765625,5.09375,9.1875,6.1410437,-2.639058,0.14707685,1.0192208,0.17647159
1904,0.7594455,10.289726,3.2077603,0.047007352,0.5038464,6.59375,9.1875,15.3125,5.938628,0.7542091,7.573104,2.7519274,0.047605176,0.612237,5.75,8.0,14.0625,6.337484,-2.7166224,0.10839057,0.3988557,0.0052363873
1905,0.14862022,21.506315,4.6374903,-0.032500062,0.1541996,9.0,12.3125,19.75,5.3230243,0.10307622,19.373457,4.401529,0.059119646,0.35780716,8.625,12.125,20.375,5.8416595,-2.1328583,0.20360756,0.5186353,0.045544
1906,-0.6580428,6.6772733,2.584042,0.06685669,0.17691493,5.25,6.96875,11.375,5.3669195,-0.63872284,4.095421,2.0237145,0.022199877,0.24568105,4.1875,5.5625,10.5,6.2356405,-2.5818524,0.06876612,0.868721,0.019319952
1907,-0.6037753,9.291586,3.0482104,0.010194577,0.1165638,6.09375,8.1875,11.875,4.8014083,0.24786563,6.4647946,2.542596,0.0011250272,0.20301962,5.03125,6.84375,10.6875,5.3103952,-2.8267913,0.08645582,0.50898695,0.85164094
1908,0.5255859,6.3233643,2.51463,-0.014603215,0.181427,5.0625,6.719055,10.375,5.0959973,0.2666675,3.5548577,1.8854331,0.016882226,0.2996149,3.796875,5.15625,8.9375,5.9600883,-2.7685065,0.118187904,0.8640909,0.2589184
1909,0.14703761,6.433413,2.5364172,-0.047583282,0.24600554,5.03125,6.84375,10.0625,5.018319,0.0553469,3.5104198,1.8736115,0.050533567,0.32066488,3.703125,5.09375,8.25,5.583794,-2.9229932,0.07465935,0.565475,0.09169071
1910,0.11698335,5.7276316,2.3932471,0.034625772,0.22620654,4.75,6.375,11.125,5.874312,0.23109925,3.3962395,1.842889,0.03768346,0.30136204,3.703125,5.0,8.6875,5.9320807,-2.331392,0.0751555,0.05776882,0.1141159
1911,-0.64176846,6.5507736,2.559448,-0.061031878,0.1104722,5.15625,6.875,12.1875,5.8121667,0.0056621935,3.9270165,1.9816701,-0.08235206,0.19337463,3.90625,5.25,9.125,5.812998,-2.6237571,0.08290243,0.00083112717,0.64743066
1912,0.06722493,9.208973,3.0346289,0.12822843,0.31050897,6.0625,8.1875,13.625,5.714006,-0.15833181,6.3874435,2.5273392,0.03679852,0.3562889,5.09375,6.84375,11.8125,5.9407473,-2.8215294,0.045779943,0.22674131,0.22555673
1913,0.11600018,6.2095637,2.4918997,0.057844855,0.10906291,4.90625,6.5625,10.625,5.374618,0.5439498,3.6508672,1.9107243,0.10540587,0.3885243,3.890625,5.375,9.6875,6.1885457,-2.5586965,0.27946138,0.81392765,0.4279496
1914,1.1123403,7.089836,2.6626747,0.0375954,0.16026044,5.6875,7.625,11.375,4.973626,0.4845399,4.369483,2.0903308,0.063523866,0.22720456,4.21875,5.719055,9.3125,5.509006,-2.7203531,0.06694412,0.5353799,0.62780046
1915,-0.9738132,8.051319,2.8374846,0.067181356,0.16769433,5.875,7.6875,13.3125,5.5724764,-0.5952236,4.945946,2.2239482,0.06508241,0.29109907,4.5625,6.062805,10.0,5.4882693,-3.105373,0.12340474,-0.08420706,0.37858957
1916,-1.0046396,6.1630654,2.4825523,0.07854393,0.17315078,5.1875,6.844055,12.125,5.6638837,-0.7742524,3.4357433,1.8535758,0.079999685,0.30956364,3.96875,5.21875,8.25,5.1642838,-2.727322,0.13641286,-0.49959993,0.23038721
1917,-0.014421863,6.371247,2.524133,0.002013659,0.13691783,4.9375,6.625,11.125,5.5593886,0.20519829,3.6014714,1.8977543,0.078466095,0.23657179,3.78125,5.03125,9.625,6.387946,-2.7697754,0.09965396,0.8285575,0.21962015
1918,0.91563123,6.16987,2.4839222,-0.01930847,0.19178939,5.15625,6.9375,11.375,5.4054093,0.33629864,3.5942383,1.8958477,0.012610824,0.28566337,3.8125,5.09375,9.1875,6.0429006,-2.5756316,0.09387398,0.6374912,0.5793326
1919,-0.07656244,12.567358,3.545047,0.15878987,0.55483055,7.125,9.75,18.75,6.7939925,0.018823046,9.959008,3.1557896,0.1697423,0.60690045,6.34375,8.8125,15.625,6.37701,-2.6083498,0.052069902,-0.41698265,0.09538549
1920,-0.029416498,7.1442437,2.6728718,-0.0072507677,0.1513884,5.28125,7.0625,11.0625,5.2217646,0.028394239,4.2553945,2.0628607,-0.004445356,0.27533627,4.09375,5.5,9.3125,5.7305584,-2.8888493,0.12394786,0.50879383,0.05781074
1921,-0.19028145,6.3264604,2.5152457,0.04625897,0.26648545,4.96875,6.84375,11.0625,5.5415106,-0.4472677,3.5136504,1.8744733,-0.012648774,0.29790258,3.828125,5.125,8.625,5.684689,-2.81281,0.03141713,0.14317846,0.25698626
1922,0.32077405,6.9021893,2.6272018,0.006707899,0.3835883,5.21875,7.09375,13.0,6.2273383,0.41403535,4.1511574,2.0374389,-0.033617366,0.52557087,4.09375,5.625,10.8125,6.6201615,-2.7510319,0.14198256,0.39282322,0.0932613
1923,-0.65282965,8.688922,2.9476976,-0.0515378,0.14248943,5.96875,7.9375,13.625,5.7011094,-0.52336377,5.8361273,2.4158077,-0.40916649,1.8942809,4.78125,6.719055,17.0,8.947298,-2.8527946,1.7517915,3.2461886,0.12946588
1924,0.95432276,12.013119,3.4659946,0.122181095,0.2478435,7.0625,9.5625,18.375,6.4761357,0.72076094,8.403046,2.8988006,0.110446654,0.30480218,5.90625,8.0625,14.9375,6.36551,-3.610073,0.056958675,-0.110625744,0.23356181
1925,0.611101,6.8537054,2.6179583,0.09462065,0.16067934,5.3125,7.062805,13.125,6.181871,-0.016931811,3.9369836,1.9841833,0.12525499,0.2691841,3.921875,5.28125,11.125,7.1005697,-2.9167218,0.10850477,0.9186988,0.6280328
1926,-0.0043675904,6.406753,2.5311565,0.00089867384,0.269027,5.03125,6.812805,11.75,5.8838344,-0.02761521,3.7275453,1.9306852,0.057604097,0.37832594,3.84375,5.21875,9.4375,6.2093368,-2.6792078,0.109298944,0.3255024,0.02324762
1927,-0.670736,6.9752154,2.6410632,0.059257165,0.20489788,5.4375,7.125,13.125,6.0774183,0.359401,4.36718,2.0897799,0.03668544,0.3734126,4.21875,5.78125,11.25,6.753758,-2.6080356,0.16851473,0.6763396,1.0301371
1928,0.2345803,7.330187,2.7074318,0.04055338,0.14807415,5.34375,7.250305,11.1875,5.187625,0.27569303,4.7037473,2.1688125,-0.022298826,0.28596115,4.34375,5.844055,10.25,5.938635,-2.6264396,0.137887,0.75100994,0.041112736
1929,0.2022956,6.292453,2.5084763,0.0109077925,0.16049123,4.96875,6.6875,11.25,5.641411,0.09619372,3.6282957,1.9048085,-0.08397023,0.20822167,3.75,5.125,9.75,6.4670687,-2.6641572,0.047730446,0.82565784,0.10610188
1930,0.9329704,6.6424828,2.5773015,0.06521548,0.15200567,5.375,7.25,13.6875,6.307436,0.62935793,3.7744348,1.9427905,0.014991562,0.2994268,4.03125,5.40625,9.5,5.88293,-2.868048,0.14742112,-0.4245062,0.30361247
1931,-0.30066514,6.192172,2.4884076,-0.078429826,0.24988437,5.0,6.78125,10.9375,5.5361977,0.43922016,3.6976933,1.9229387,-0.07338791,0.31830883,3.90625,5.21875,9.75,6.2602763,-2.4944787,0.06842446,0.72407866,0.73988533
1932,-0.255634,6.367771,2.5234444,-0.11257639,0.24406767,5.0625,6.75,12.5625,6.284677,-0.035717845,3.4150062,1.8479736,-0.108198814,0.2791896,3.65625,4.96875,8.5,5.8270607,-2.952765,0.035121918,-0.45761633,0.21991616
1933,-0.015013663,5.9116955,2.431398,-0.027962636,0.1681416,4.75,6.5,11.375,5.8854375,-0.29147333,3.6840427,1.919386,-0.0030771692,0.23207283,3.875,5.125,8.5625,5.584507,-2.2276528,0.06393123,-0.3009305,0.27645966
1934,-0.48875102,13.191164,3.6319642,-0.105762586,0.054335833,7.3125,9.625,14.625,5.0392127,0.20371908,9.77608,3.1266723,-0.16345404,0.31002212,6.28125,8.4375,12.0625,4.8950562,-3.415084,0.25568628,-0.14415646,0.6924701
1935,-0.13287222,6.8696094,2.6209939,0.0010764195,0.26672912,5.15625,7.125,11.25,5.425502,-0.29821113,4.128359,2.0318363,0.088732295,0.61711764,4.03125,5.656555,10.0625,6.2442474,-2.7412505,0.35038853,0.8187456,0.1653389
1936,-0.050667,8.348729,2.8894167,-0.0658816,0.20660663,5.71875,7.75,13.5,5.9123545,-0.22075346,5.7380137,2.395415,-0.054372262,0.21109152,4.75,6.344055,10.4375,5.487073,-2.6107154,0.004484892,-0.42528152,0.17008646
1937,-0.051321838,7.7786155,2.789017,0.04366144,0.19055438,5.4375,7.34375,13.3125,6.020796,-0.11664519,5.0388303,2.2447338,0.073768854,0.29560685,4.40625,5.96875,10.9375,6.160988,-2.7397852,0.10505247,0.14019203,0.06532335
1938,0.25301436,6.893364,2.6255217,0.01652548,0.240803,5.25,7.0625,12.4375,5.976384,0.32203257,4.032701,2.0081587,-0.036411654,0.30135536,4.0625,5.46875,9.25,5.779074,-2.860663,0.06055236,-0.19730997,0.069018215
1939,-0.49585694,7.1230907,2.668912,0.044095814,0.1301856,5.375,6.9375,12.25,5.687799,-0.41835663,4.203391,2.0502174,0.022298576,0.32122755,4.125,5.59375,10.1875,6.1871066,-2.9196997,0.19104195,0.49930763,0.07750031
1940,0.19319715,7.253271,2.6931899,-0.035254374,0.2968943,5.345276,7.219055,13.5,6.339293,0.11335911,4.2292585,2.0565162,-0.035627097,0.41088462,4.0625,5.5625,9.25,5.719165,-3.0240126,0.11399031,-0.62012815,0.07983804
1941,0.47506225,6.580985,2.5653431,0.02090495,0.41549706,5.15625,7.0625,14.25,6.946374,-0.041014504,3.727812,1.9307543,0.03298447,0.33931065,3.84375,5.21875,9.125,6.004153,-2.853173,-0.07618642,-0.94222116,0.51607674
1942,0.16464691,6.1924057,2.4884546,-0.016401816,0.29989123,4.9375,6.625,13.125,6.682581,0.13621792,3.7088652,1.9258415,-0.27350864,1.1183281,3.8125,5.4375,10.9375,7.287766,-2.4835405,0.81843686,0.60518503,0.028428987
1943,0.327145,6.964329,2.6390014,-0.070401035,0.27436948,5.25,6.9375,11.5625,5.506838,0.1439588,4.1228814,2.030488,0.012767729,0.3897457,4.0625,5.5625,9.6875,6.079791,-2.8414474,0.115376234,0.5729532,0.1831862
1944,-0.039401338,5.9645247,2.4422376,-0.047636732,0.25570726,4.8125,6.5,12.9375,6.700495,-0.029808862,3.602566,1.8980427,-0.05595998,0.3641262,3.734375,5.09375,9.4375,6.3115907,-2.3619587,0.10841894,-0.3889041,0.009592475
1945,0.18514127,10.499568,3.2403038,-0.1611798,0.26438975,6.40625,8.62561,14.625,5.697478,-0.121057175,6.402079,2.530233,-0.14149019,0.43308258,5.0625,6.96875,11.8125,5.975169,-4.097489,0.16869283,0.27769136,0.30619845
1946,-0.15977678,8.626097,2.9370217,-0.038376275,0.17312598,5.8125,7.75,14.125,6.0628223,0.103067935,5.7686076,2.4017925,-0.06932408,0.23648906,4.75,6.4375,11.375,5.9861703,-2.857489,0.063363075,-0.07665205,0.2628447
1947,0.12676784,6.0219345,2.453963,0.0044764695,0.12392521,4.8125,6.4375,13.375,6.851671,0.3399915,3.61532,1.9013995,0.0038946602,0.2641995,3.859375,5.1875,9.875,6.488714,-2.4066145,0.14027429,-0.362957,0.21322367
1948,0.14037123,9.043631,3.007263,-0.087782726,0.28077745,5.96875,7.96875,18.375,7.7174344,0.26964366,6.71135,2.5906274,-0.1003614,0.3117659,5.21875,6.875,13.0,6.32075,-2.3322806,0.030988455,-1.3966842,0.12927243
1949,-0.6469972,10.27983,3.2062173,0.02891377,0.49895215,6.53125,9.0,16.75,6.545267,-0.1417647,7.891981,2.809267,0.020425428,0.59413195,5.6875,7.90625,12.4375,5.7052674,-2.3878489,0.095179796,-0.8399997,0.5052325
1950,-0.4679798,6.184171,2.4867995,-0.046434075,0.14107537,5.0,6.59375,12.4375,6.214639,-0.11058555,3.7113314,1.9264816,-0.036526762,0.21739888,3.828125,5.125,8.5625,5.624157,-2.4728398,0.07632351,-0.59048223,0.35739425
1951,-1.1803707,7.292675,2.7004952,0.016920174,0.16674495,5.8125,7.625,11.8125,5.031024,-0.5727623,4.3700356,2.090463,-0.074128665,0.27694702,4.375,5.8125,10.0625,5.9021482,-2.9226394,0.110202074,0.87112427,0.6076084
1952,0.06816142,5.964265,2.4421844,-0.050767798,0.13723135,4.84375,6.4375,10.3125,5.3130136,0.13270159,3.6085968,1.8996307,-0.083901085,0.15998793,3.75,4.96875,8.9375,5.933935,-2.355668,0.022756577,0.6209216,0.06454017
1953,0.022146856,9.38243,3.0630753,0.072427556,0.61162734,6.1875,8.5,18.375,7.723051,-0.079022385,7.1890907,2.681248,0.040634368,0.8620858,5.5,7.594055,16.5,7.9634066,-2.1933393,0.25045848,0.24035549,0.10116924
1954,0.08552924,9.898127,3.146129,-0.08158893,0.13926697,6.25,8.25,14.25,5.712898,-0.074417725,6.6878633,2.5860903,-0.09195127,0.26222754,5.15625,6.969055,11.375,5.5843973,-3.2102633,0.12296057,-0.12850046,0.15994696
1955,0.48112285,6.4982305,2.5491626,-0.041849725,0.31074905,5.125,6.78125,14.625,7.1294394,0.40600458,3.9232063,1.9807086,-0.07474544,0.3747735,4.03125,5.375,9.9375,6.2353544,-2.5750241,0.06402445,-0.89408493,0.07511827
1956,0.69374895,6.006122,2.4507391,-0.041911546,0.17072058,5.03125,6.5625,10.75,5.308446,0.6903505,3.424268,1.8504778,0.0031886855,0.2895894,3.90625,5.15625,9.375,5.995184,-2.581854,0.11886883,0.686738,0.003398478
1957,-0.3346751,6.4038634,2.5305855,0.051540975,0.18801713,5.0625,6.75,10.875,5.3730874,-0.15184185,3.5253937,1.8776032,0.060293864,0.5029905,3.735138,5.15625,11.25,7.614786,-2.8784697,0.31497335,2.2416987,0.18283325
1958,0.52590585,5.541316,2.354,0.039325766,0.24680734,4.78125,6.46875,11.25,5.9153004,0.7748682,3.1562715,1.7765899,0.06754447,0.31277776,3.875,5.15625,9.125,5.9700727,-2.3850446,0.06597042,0.054772377,0.24896234
1959,-0.030761512,11.657647,3.4143298,0.030871198,0.2013433,6.71875,9.1875,16.375,6.0604887,-0.033079933,7.824515,2.7972333,-0.0056668753,0.22932076,5.5625,7.40625,13.0,5.8856583,-3.8331323,0.027977467,-0.17483044,0.0023184214
1960,0.4680256,6.2148666,2.4929633,0.009218246,0.27838564,5.03125,6.8125,11.5625,5.779444,0.11518311,3.4946406,1.8693957,0.034697257,0.3349192,3.734375,5.125,7.8125,5.3196306,-2.720226,0.056533575,-0.4598136,0.35284248
1961,-0.61234325,9.542103,3.0890293,-0.030994343,0.10740733,6.21875,8.25,13.75,5.506407,-0.046729784,6.461238,2.5418966,-0.07863748,0.4284985,5.0,7.125,11.5625,5.800147,-3.080865,0.32109118,0.29374027,0.56561345
1962,0.368536,9.97064,3.157632,0.1509709,0.40115714,6.25,8.5625,15.0625,6.023401,-0.04614556,7.2312274,2.689094,0.50595146,2.6303358,5.15625,7.125305,20.25,9.770653,-2.7394128,2.2291787,3.747252,0.41468155
1963,-1.4683112,8.5633545,2.926321,-0.026859455,0.13769221,6.4375,8.5,13.5625,5.2084017,-0.39365214,5.3446455,2.3118489,-0.013543477,0.21879673,4.625,6.25,10.5,5.665038,-3.218709,0.08110452,0.45663643,1.0746591
1964,-0.37591612,13.137089,3.6245122,-0.14364646,0.5628419,7.4375,10.3125,15.625,5.5488377,0.024512695,10.952273,3.309422,-0.15093343,0.6736305,6.78125,9.3125,14.4375,5.676272,-2.1848154,0.110788584,0.12743425,0.40042883
1965,0.5181882,6.776405,2.6031528,-0.0073031113,0.16628909,5.25,7.0,11.375,5.397814,0.38982427,4.2256365,2.0556352,0.019858267,0.24976993,4.15625,5.5625,9.0,5.4618006,-2.5507684,0.083480835,0.06398678,0.1283639
1966,0.6649161,8.403477,2.898875,-0.050755214,0.04892826,5.8125,7.6875,13.5,5.690491,0.99672246,5.542298,2.3542085,0.019740928,0.120542765,5.0625,6.65625,10.0,4.916142,-2.8611789,0.071614504,-0.7743492,0.33180636
1967,-0.07157978,5.929517,2.43506,-0.04200578,0.11994362,4.8125,6.34375,11.375,5.8879595,0.26516417,3.589936,1.8947127,-0.017512234,0.10625076,3.765625,5.0,8.8125,5.7994313,-2.3395808,-0.013692856,-0.08852816,0.33674395
1968,0.55655,6.5252333,2.5544536,-0.051010147,0.2571175,5.15625,6.906555,11.3125,5.4691286,-0.17606796,3.7359352,1.9328568,-0.016605549,0.31612325,3.84375,5.156555,9.4375,6.178881,-2.789298,0.059005737,0.70975256,0.732618
1969,0.17829701,6.069983,2.4637334,0.064678684,0.24563003,4.84375,6.59375,11.4375,5.854783,0.11697417,3.5141082,1.8745955,0.17909177,0.6180389,3.71875,5.21875,9.3125,6.361229,-2.5558748,0.37240887,0.5064459,0.061322846
1970,-0.7762989,5.756414,2.399253,-0.008959386,0.230726,5.0,6.625,11.0625,5.553225,-0.7419154,3.251328,1.8031439,-0.019187292,0.33060932,3.875,5.1875,8.4375,5.484642,-2.505086,0.09988332,-0.06858301,0.034383476
1971,0.44365254,6.8919296,2.6252484,0.014194107,0.13492274,5.25,6.969055,12.25,5.799182,0.4133003,4.4890976,2.1187491,0.014091614,0.111219645,4.25,5.65625,9.25,5.3934684,-2.402832,-0.023703098,-0.40571356,0.030352235
1972,-0.11437617,15.173615,3.8953326,-0.10005981,0.38184476,7.8125,10.75,16.75,5.4848266,0.06857252,12.9666605,3.600925,-0.12140811,0.5416043,7.3125,10.0625,16.875,6.0327725,-2.206955,0.15975952,0.547946,0.1829487
1973,0.87999964,6.324012,2.5147588,0.07976309,0.2976966,5.21875,7.09375,12.375,5.8874607,0.48569092,3.7860944,1.9457889,0.043875933,0.33886003,3.938263,5.5,9.0,5.687363,-2.5379174,0.041163445,-0.20009756,0.39430872
1974,0.35076317,6.6809406,2.5847516,0.03388366,0.25432014,5.1875,6.875,12.375,6.0122743,-0.25959837,3.9010997,1.9751202,0.032317627,0.3034885,3.90625,5.281555,10.0625,6.4061966,-2.779841,0.04916835,0.39392233,0.6103616
1975,-0.14225386,6.556729,2.560611,-0.04444099,0.14444113,5.0625,6.75,11.3125,5.5677285,-0.1260231,4.082228,2.0204525,-0.030987075,0.53500414,4.03125,5.5625,11.875,7.5046754,-2.4745007,0.390563,1.9369469,0.016230762
1976,0.099260695,6.432542,2.5362456,0.014230038,0.3292601,5.0625,6.90625,13.0,6.5106683,-0.13614339,3.9352117,1.9837368,0.033776026,0.27546334,3.9375,5.312805,9.125,5.8112617,-2.4973302,-0.05379677,-0.6994066,0.23540407
1977,0.15697053,6.474425,2.5444891,-0.13011855,0.23183036,5.0625,6.75,10.5,5.2263465,-0.26538897,3.9099042,1.9773477,-0.1721611,0.3720832,3.985138,5.5625,9.0,5.764913,-2.5645206,0.14025283,0.5385666,0.4223595
1978,-0.10122571,7.3628983,2.7134662,-0.02647224,0.1505096,5.34375,7.0625,12.875,5.9990525,0.1610045,4.508306,2.1232772,-0.13625322,0.23274994,4.1875,5.6875,10.25,6.089483,-2.8545923,0.08224034,0.09043026,0.26223022
1979,-0.57669544,6.117997,2.4734585,-0.045309603,0.26098466,5.0625,6.78125,12.125,6.0660167,-0.25364932,3.715395,1.927536,-0.27147454,1.4635181,3.765625,5.125,12.9375,8.553731,-2.4026022,1.2025335,2.4877143,0.32304612
1980,1.0423257,6.8884478,2.6245852,-0.0053345445,0.19762063,5.53125,7.437805,11.5,5.1202035,0.80499387,4.102803,2.0255377,0.022525383,0.29271483,4.3125,5.781555,9.375,5.447355,-2.7856445,0.095094204,0.3271513,0.23733187
1981,-0.5718018,8.843831,2.9738579,0.10565474,0.13545036,5.9375,7.84375,14.625,6.0735216,-0.8023241,5.310433,2.3044376,0.15825872,0.26009965,4.71875,6.25,11.8125,6.054478,-3.5333982,0.124649286,-0.019043446,0.23052233
1982,-0.15113854,8.273072,2.8762949,0.059166323,0.4353199,5.75,7.875,14.1875,6.281826,-0.22168668,5.803949,2.4091387,0.079794034,0.59684134,4.8125,6.687805,12.0,6.368263,-2.4691234,0.16152143,0.08643675,0.07054813
1983,-0.6389616,7.0913982,2.662968,-0.032448977,0.07690239,5.46875,7.15625,10.9375,5.0447936,-0.41309112,4.3372626,2.0826097,-0.062399626,0.36083198,4.1875,5.781555,9.75,5.8413825,-2.7541356,0.2839296,0.7965889,0.22587049
1984,-0.80991143,6.061041,2.461918,0.022036688,0.2323091,5.125,6.875,12.125,5.900679,-0.6945559,3.7145886,1.9273268,-0.04223956,0.343076,4.0625,5.53125,9.625,5.971379,-2.3464522,0.11076689,0.07069969,0.11535555
1985,0.7238027,6.2607617,2.5021515,0.035318784,0.22841907,5.15625,6.90625,12.6875,6.1527877,0.5921889,3.8952692,1.9736437,0.084677145,0.284549,4.0625,5.625305,9.25,5.7043233,-2.3654926,0.056129932,-0.4484644,0.13161379
1986,-0.1489504,7.0225024,2.6500006,-0.021748954,0.21634817,5.28125,7.0625,12.375,5.903798,0.1552246,4.2788744,2.068544,-0.03858945,0.29668808,4.15625,5.59375,9.0,5.5080705,-2.743628,0.08033991,-0.39572763,0.30417502
1987,0.08476803,6.7073455,2.5898542,-0.026516384,0.18659091,5.125,6.75,11.5625,5.635745,0.113304906,4.108454,2.0269322,-0.04375567,0.23401594,4.03125,5.375,8.8125,5.4996243,-2.5988913,0.04742503,-0.1361208,0.028536879
1988,-0.14262332,8.097062,2.8455336,-0.03335349,0.09246397,5.626526,7.375,12.1875,5.399745,-0.18686882,5.0278435,2.2422853,-0.027812209,0.29138947,4.46875,6.0625,9.1875,5.19414,-3.0692186,0.1989255,-0.20560503,0.044245496
1989,0.36323678,7.4741697,2.7338927,-0.05832461,0.29652166,5.4375,7.21875,13.6875,6.2859955,0.115948446,4.4699087,2.1142159,-0.09258976,0.61655855,4.25,5.90625,10.0,6.0633307,-3.004261,0.3200369,-0.22266483,0.24728835
1990,-1.3246616,7.606494,2.7579873,0.057187386,0.084517,5.96875,7.71875,14.0,5.6871862,-0.32364094,4.6769056,2.1626155,-0.015239236,0.46816182,4.34375,5.90625,10.5,6.119796,-2.9295883,0.38364482,0.43260956,1.0010207
1991,-0.60776883,6.146747,2.4792633,0.07275301,0.18077612,5.03125,6.6875,10.8125,5.333032,-0.32873473,3.4965515,1.8699068,0.062071536,0.27210164,3.75,5.09375,7.875,5.240042,-2.6501956,0.09132552,-0.09298992,0.2790341
1992,0.053240992,7.094302,2.6635132,0.0039810087,0.08140421,5.25,7.0,10.6875,5.058934,0.4437304,4.3856225,2.0941877,0.0058383048,0.11594868,4.1875,5.65625,10.25,6.030439,-2.7086797,0.034544468,0.9715047,0.39048943
1993,1.5703121,21.1073,4.5942683,0.04938768,0.1271193,9.5,12.75,19.875,5.1583643,0.09864312,18.064648,4.2502527,0.11626456,0.6405802,8.375,11.875,21.125,6.3651004,-3.0426521,0.5134609,1.2067361,1.4716691
1994,-0.16893336,6.0242405,2.4544327,0.045942936,0.08262229,4.84375,6.375,12.5625,6.4025927,-0.20419288,3.451389,1.8577914,0.021942208,0.20478272,3.71875,4.906555,7.90625,5.357644,-2.5728514,0.122160435,-1.0449486,0.035259515
1995,0.42879307,6.2868958,2.5073683,-0.10579495,0.13918257,4.96875,6.65625,10.875,5.360861,0.122373216,3.624131,1.903715,-0.06451228,0.18259835,3.765625,5.000305,8.4375,5.58041,-2.6627648,0.043415785,0.21954918,0.30641985
1996,0.18528251,6.056916,2.4610803,0.02584839,0.269207,4.875,6.5625,12.6875,6.51032,0.3598065,3.350729,1.8304996,0.031698097,0.32611012,3.6875,4.9375,10.0,6.7959633,-2.7061872,0.056903124,0.2856431,0.174524
1997,0.73963064,6.2656045,2.503119,-0.004000309,0.2901075,5.125,6.937805,12.25,5.938795,-0.13447192,3.5319695,1.8793535,-0.00753742,0.38683796,3.71875,5.094055,8.75,5.9005113,-2.733635,0.09673047,-0.038283825,0.8741026
1998,-0.24995679,7.1992702,2.6831455,0.0745525,0.18799472,5.3125,7.125,12.25,5.737497,-0.44953677,4.697567,2.1673872,0.06711399,0.37586594,4.40625,5.90625,10.75,6.1574197,-2.5017033,0.18787122,0.41992283,0.19957998
1999,-0.23668107,6.0303135,2.4556696,0.020847596,0.1834228,4.875,6.46875,11.5,5.8740077,-0.004442676,3.7016358,1.9239635,-0.028436618,0.21965599,3.796875,5.09375,9.5,6.2474394,-2.3286777,0.036233187,0.37343168,0.2322384
2000,-0.38363883,8.831403,2.9717677,0.021876011,0.2657647,5.96875,8.0,13.0,5.4910297,-0.30328006,6.274463,2.5048878,0.20903628,1.1918292,4.9375,6.8125,14.4375,7.3382926,-2.5569396,0.9260645,1.8472629,0.08035877
2001,0.14214829,12.986343,3.603657,0.0135028055,0.069540024,7.09375,9.37561,15.5625,5.429682,-0.06446797,9.118648,3.0197098,0.067886494,0.16222143,5.9375,8.00061,12.25,5.1100435,-3.8676958,0.09268141,-0.31963825,0.20661625
2002,-0.77680993,6.1881256,2.4875944,0.028743865,0.15219665,5.125,6.78125,11.0,5.305962,-0.68503946,3.3593235,1.8328457,0.007277329,0.24279714,3.890625,5.21875,8.6875,5.6012187,-2.828802,0.09060049,0.2952566,0.09177047
2003,-0.2500414,6.458646,2.5413866,-0.023533817,0.18963242,5.09375,6.6875,11.125,5.519026,-0.15003674,3.6956716,1.922413,-0.013474509,0.31657124,3.796875,5.219055,8.6875,5.7103667,-2.7629743,0.12693882,0.19134092,0.10000466
2004,-0.97940755,11.300864,3.3616757,-0.051616102,0.24030352,6.90625,9.25,15.875,5.7485323,-1.0760407,7.530135,2.7441092,-0.09137807,0.3613367,5.875,7.96875,13.0625,5.64282,-3.770729,0.12103319,-0.105712414,0.096633196
2005,-0.020823358,15.345853,3.9173784,0.0072205043,0.2711172,7.9375,10.5625,17.75,5.76618,-0.16230284,13.034991,3.6104004,0.0066249487,0.42931914,7.3125,10.125,17.875,6.3386297,-2.3108616,0.15820193,0.5724497,0.14147948
2006,-0.6896418,6.564124,2.5620546,-0.0122321015,0.2013216,5.1875,7.0625,11.8125,5.6181006,-0.1763356,3.9200578,1.9799136,-0.03609864,0.41459966,3.921875,5.375305,12.4375,7.9610896,-2.6440663,0.21327806,2.342989,0.51330614
2007,0.8455887,6.219512,2.493895,-0.037215345,0.1806171,5.1875,6.875305,10.8125,5.1667933,0.39076036,3.6177754,1.902045,-0.103014864,0.20140553,3.84375,5.15625,8.5625,5.547948,-2.6017365,0.020788431,0.38115454,0.45482832
2008,-0.44239062,6.2989407,2.509769,0.04710538,0.19972181,5.03125,6.875,11.625,5.738701,-0.28691986,3.5542936,1.8852835,0.06959341,0.25430822,3.734375,5.03125,10.125,6.690424,-2.744647,0.05458641,0.9517231,0.15547076
2009,0.023131574,6.667775,2.5822036,-0.046331514,0.105050325,5.09375,6.8125,12.5,6.106786,-0.0656573,3.9316013,1.9828266,-0.038566165,0.19600868,3.9375,5.25,8.625,5.5053506,-2.7361739,0.09095836,-0.6014352,0.088788874
2010,0.49059477,6.475379,2.5446765,0.05598141,0.20083213,5.09375,6.9375,11.625,5.6718235,0.38983443,3.7552516,1.9378471,0.023260323,0.22313905,3.921875,5.28125,9.3125,5.96422,-2.7201273,0.02230692,0.29239655,0.10076034
2011,-0.006649658,7.867249,2.8048618,0.01681353,0.20959163,5.5625,7.5,12.1875,5.4952602,0.06367583,5.240624,2.2892408,0.03298686,0.24087715,4.532776,6.15625,10.75,5.9497643,-2.626625,0.031285524,0.454504,0.07032549
2012,0.18966754,6.4752545,2.5446522,0.025757749,0.16720533,5.03125,6.75,12.625,6.2436647,0.24546635,3.6466265,1.9096142,0.07536295,0.27731705,3.828125,5.15625,8.0625,5.3281884,-2.828628,0.11011171,-0.9154763,0.055798814
2013,-0.22862178,6.862139,2.6195686,-0.0249032,0.15662909,5.21875,7.0,10.625,5.1024923,-0.33801836,4.2104278,2.0519326,-0.2596958,0.86630654,4.09375,5.6875,11.625,7.196348,-2.6517115,0.70967746,2.0938559,0.10939658
2014,-1.1984677,7.132579,2.6706889,0.058021,0.12110233,5.6875,7.5,11.375,4.8564196,-0.5736233,4.14099,2.0349422,0.09416373,0.2720921,4.15625,5.53125,9.75,5.8058133,-2.991589,0.15098977,0.94939375,0.62484443
2015,-0.19935666,11.685484,3.4184036,-0.12314679,0.14214611,6.75,9.0,16.75,6.166394,-0.032432716,8.7378025,2.9559774,-0.1385495,0.21123672,5.90625,7.78125,14.6875,6.2979546,-2.9476814,0.069090605,0.13156033,0.16692394
2016,0.18479714,6.2734513,2.5046859,-0.048546333,0.18991995,4.96875,6.625305,11.5,5.780479,0.28916398,3.6235433,1.9035606,0.026438214,0.19705176,3.828125,5.15625,7.84375,5.164672,-2.649908,0.007131815,-0.61580706,0.10436684
2017,-0.30876857,6.50336,2.5501685,-0.015219143,0.22461128,5.03125,6.906555,10.625,5.2336965,-0.65831673,3.8003616,1.9494516,0.07769846,0.53489685,4.0625,5.531555,9.625,5.9470153,-2.7029982,0.31028557,0.7133188,0.34954816
2018,-0.42820844,6.4992623,2.549365,0.03273799,0.2750256,5.09375,6.875,11.5,5.6306605,-0.32810488,3.759982,1.9390674,0.004696692,0.35608768,3.90625,5.281555,9.6875,6.2560816,-2.7392802,0.08106208,0.62542105,0.10010356
2019,0.8582299,11.682308,3.4179392,-0.040614564,0.6022899,7.09375,9.8125,14.5,5.275757,0.3053514,9.406522,3.0670054,0.012128335,0.57027745,6.28125,8.625,13.75,5.796365,-2.2757864,-0.032012463,0.52060795,0.5528785
2020,-0.32846493,6.2236423,2.4947228,0.024044896,0.15970159,4.96875,6.5625,12.6875,6.347561,-0.03452588,3.3901734,1.8412423,-0.046875644,0.27891493,3.65625,4.90625,8.0,5.51034,-2.833469,0.11921334,-0.83722067,0.29393905
2021,-0.33591506,10.360281,3.218739,0.077924296,0.24776411,6.375,8.625,13.25,5.179569,-0.034538377,7.14294,2.672628,0.076164976,0.36316037,5.34375,7.34375,11.125,5.321185,-3.217341,0.11539626,0.14161634,0.30137667
2022,0.447979,6.725585,2.5933733,-0.008994864,0.18589067,5.1875,6.937805,12.125,5.810015,0.47040546,4.0181284,2.004527,0.029697495,0.2521658,4.09375,5.5,9.25,5.6950774,-2.7074566,0.06627512,-0.11493778,0.022426456
2023,-0.9645765,7.029856,2.6513877,-0.103967935,0.30719662,5.5625,7.59375,12.0625,5.431502,-0.7623233,4.260952,2.0642073,-0.13217081,0.48557138,4.34375,6.0,10.4375,6.036254,-2.7689042,0.17837477,0.60475206,0.20225316
2024,-0.20276701,6.966564,2.639425,0.043116633,0.3325312,5.25,7.094055,12.9375,6.200291,0.115113415,4.3908615,2.0954382,0.08300482,0.46915984,4.21875,5.71875,10.125,6.187829,-2.5757027,0.13662863,-0.012462139,0.31788042
2025,0.3463519,6.172577,2.484467,-0.010044359,0.25494123,4.96875,6.6875,11.25,5.683269,0.014986084,3.5206804,1.8763477,-0.05380861,0.38460636,3.734375,5.1875,8.6875,5.8977733,-2.6518965,0.12966514,0.21450424,0.3313658
2026,0.35425064,7.0472345,2.6546628,-0.046306677,0.26863766,5.3125,7.15625,11.0625,5.2391367,0.29531553,4.1501,2.0371795,-0.23245819,0.5942433,4.09375,5.5625,10.9375,6.777895,-2.8971343,0.32560563,1.5387583,0.058935106
2027,0.9993193,6.14598,2.4791086,0.06298277,0.19090652,5.25,7.0,11.0625,5.2159877,0.0079251705,3.6452293,1.9092484,0.08436936,0.26586223,3.796875,5.125,7.9375,5.286747,-2.5007505,0.0749557,0.0707593,0.99139416
2028,-0.5924002,6.4037437,2.530562,-0.025705017,0.20586371,5.1875,6.90625,11.0,5.357467,-0.6812608,3.7185578,1.9283563,-0.0922274,0.24149513,4.0625,5.53125,9.0625,5.6272573,-2.685186,0.03563142,0.26979017,0.08886063
2029,-0.26545742,7.0308313,2.6515715,0.026291557,0.31513667,5.3125,7.125,12.125,5.7724557,-0.044132568,4.3005853,2.0737853,0.03307342,0.3141539,4.125,5.59375,9.4375,5.7860622,-2.730246,-0.0009827614,0.013606548,0.22132486
2030,-0.19987139,6.7471476,2.5975273,0.0909853,0.19741344,5.09375,6.90625,12.6875,6.1485214,0.10459883,3.9949727,1.9987428,0.019215053,0.24900365,3.9375,5.3125,9.1875,5.8063483,-2.7521749,0.051590204,-0.3421731,0.3044702
2031,1.2656989,43.944153,6.629039,0.1470835,0.23611951,13.375,18.625,28.375,5.3548594,0.69416,41.490673,6.441325,0.08219378,0.4198146,13.0625,17.875,31.125,6.1650157,-2.4534798,0.18369508,0.81015635,0.5715389
2032,-0.6888885,6.7244406,2.5931525,-0.022761568,0.14190674,5.28125,7.03125,12.9375,6.081706,-0.17068444,3.932441,1.9830383,-0.06811365,0.23943591,3.96875,5.3125,8.6875,5.5377855,-2.7919996,0.09752917,-0.5439205,0.51820403
2033,0.21318892,7.8188047,2.7962127,-0.038279377,0.17084742,5.5,7.375,13.875,6.2236404,0.13388409,4.994644,2.23487,-0.011096914,0.28487492,4.375,5.9375,10.6875,6.0336933,-2.8241606,0.1140275,-0.18994713,0.07930483
2034,0.37469667,6.045604,2.458781,-0.031713735,0.27312756,4.9375,6.625,10.125,5.174385,0.2539363,3.3983219,1.8434538,0.011507848,0.40027165,3.78125,5.03125,9.0625,6.2249565,-2.6472824,0.1271441,1.0505714,0.12076038
2035,-0.5916312,11.692666,3.419454,-0.1142385,0.607296,7.09375,9.875,15.875,5.9352107,-0.3168923,9.33876,3.0559385,-0.14520758,0.7368102,6.28125,8.875,13.4375,5.701654,-2.3539057,0.12951422,-0.23355675,0.27473888
2036,-0.005079947,7.2529116,2.693123,-0.0007572524,0.3074696,5.34375,7.1875,17.375,8.17304,0.39323702,4.2168136,2.0534883,0.016198844,0.31505084,4.15625,5.5625,12.0625,7.330333,-3.036098,0.007581234,-0.84270716,0.39831698
2037,0.7568449,21.995396,4.6899247,0.0055608647,0.3391292,9.5,12.62561,21.375,5.740933,0.4492484,18.520287,4.30352,0.04573733,0.5156584,8.75,11.875,23.625,7.025874,-3.475109,0.17652917,1.2849412,0.30759647
2038,-0.5192127,6.4804306,2.545669,0.029819028,0.24682355,5.125,6.937805,11.0625,5.3773565,0.092833936,3.8374085,1.9589305,0.065834954,0.2850244,3.875,5.250305,9.6875,6.271325,-2.643022,0.038200855,0.8939686,0.61204666
2039,-0.026678907,15.351252,3.9180672,0.16536885,0.9872954,8.125,11.375,19.0,6.4319696,0.32436398,12.746144,3.5701742,0.2343681,1.2428246,7.46875,10.5625,19.125,7.1636543,-2.6051073,0.25552917,0.7316847,0.3510429
2040,-0.61595625,7.0095,2.647546,-0.06546426,0.22062969,5.375,7.28125,13.375,6.216504,-0.29296422,4.1954045,2.0482686,-0.034485538,0.29724956,4.125,5.5625,9.875,6.063356,-2.8140955,0.07661986,-0.15314817,0.32299203
2041,0.39460975,8.517991,2.9185598,-0.014726177,0.22300625,5.84375,7.75,13.75,5.8922386,0.39842218,5.848729,2.4184146,0.0263281,0.28557372,4.84375,6.46875,10.9375,5.665209,-2.669262,0.06256747,-0.2270298,0.0038124323
2042,0.14006479,51.98753,7.210238,0.19384503,0.25051284,14.125,19.5,31.25,5.4946375,0.74878067,45.24969,6.726789,0.17497873,0.36239934,13.5,18.75,32.75,6.1817064,-6.7378387,0.1118865,0.68706894,0.6087159
2043,-0.22746626,10.5135975,3.2424679,-0.10092841,0.2718892,6.4375,8.6875,15.6875,6.140658,-0.06832289,7.6249337,2.7613282,-0.1021833,0.30132532,5.46875,7.312805,13.3125,6.1122804,-2.8886638,0.029436111,-0.028377533,0.15914336
2044,1.0824736,6.477697,2.545132,0.0072294045,0.14979482,5.4375,7.21875,11.25,5.1135654,0.18157522,4.386714,2.0944483,-0.04810391,0.2594862,4.15625,5.625,9.3125,5.6038384,-2.090983,0.10969138,0.490273,0.9008984
2045,0.25365478,6.5036764,2.5502307,0.019250488,0.17601609,5.0625,6.6875,11.9375,5.8920894,0.39559698,3.7994602,1.9492204,0.073868126,0.24923229,3.984375,5.28125,9.125,5.8314652,-2.7042162,0.0732162,-0.060624123,0.1419422
2046,-0.73537326,6.627014,2.5742989,-0.12874493,0.2239685,5.34375,7.15625,14.875,7.060087,-0.5749226,3.7962728,1.9484026,-0.1173159,0.2841959,4.0625,5.46875,10.5625,6.614639,-2.8307414,0.060227394,-0.4454484,0.16045064
2047,0.0816433,5.9652,2.442376,-0.0670154,0.15386868,4.78125,6.375,11.5,5.914711,-0.098245494,3.610455,1.9001198,-0.1695781,0.6476116,3.734375,5.1875,10.375,6.9872246,-2.354745,0.49374294,1.0725136,0.17988878
2048,0.5048597,6.2638025,2.502759,0.027446307,0.21563864,5.03125,6.781555,11.75,5.8186593,0.27493605,3.6637375,1.9140892,0.009997555,0.26062727,3.859375,5.125,10.0625,6.5955586,-2.600065,0.044988632,0.77689934,0.22992364
2049,-0.83301306,7.9666696,2.8225288,0.00501859,0.14014578,5.751526,7.6875,11.75,5.026313,-0.30820927,5.066821,2.25096,0.033681687,0.22565532,4.46875,6.03125,10.625,5.913002,-2.8998485,0.08550954,0.8866892,0.52480376
2050,0.30122787,7.4635487,2.7319496,-0.015234629,0.3929019,5.4375,7.625,12.0,5.5598125,-0.172111,4.321856,2.0789075,-0.12451686,0.34976506,4.125,5.6875,10.0,6.1049137,-3.1416926,-0.043136835,0.54510117,0.47333887
2051,0.4545688,6.172656,2.484483,0.07516314,0.21721959,4.96875,6.75,11.5,5.757486,0.27443764,3.498096,1.8703197,0.10830216,0.37438178,3.765625,5.156555,8.125,5.4774847,-2.67456,0.15716219,-0.28000116,0.18013117
2052,-0.29054618,30.910597,5.55973,-0.6630847,1.2011566,11.3125,17.625,21.625,5.112719,-0.26332456,26.26455,5.124895,-0.5690561,0.98064303,10.5,15.8125,21.875,5.5825644,-4.6460476,-0.22051358,0.4698453,0.02722162
2053,0.04741487,13.452513,3.6677668,-0.03120604,0.3509934,7.34375,9.93811,15.625,5.4373226,-0.15911135,10.562415,3.249987,0.005499576,0.43453074,6.5,8.9375,14.75,5.779168,-2.8900976,0.08353734,0.3418455,0.20652622
2054,0.9974815,11.220025,3.3496306,-0.021545608,0.18562889,6.875,9.125,16.375,5.9037075,0.87433845,7.848843,2.8015788,-0.032607935,0.30616784,5.84375,7.78125,12.8125,5.5307417,-3.371182,0.12053895,-0.3729658,0.12314308
2055,0.5474926,6.8444095,2.6161823,0.038837265,0.26445675,5.3125,7.062805,12.625,5.990758,0.54771066,4.005221,2.0013049,0.17014264,0.74337125,4.09375,5.65625,12.625,7.784582,-2.8391886,0.4789145,1.7938242,0.00021803379
2056,-0.53049016,6.650743,2.5789034,0.09365167,0.27979493,5.1875,7.0,12.0625,5.7962685,-0.5064887,3.931878,1.9828964,0.04310275,0.33597803,4.0625,5.46875,9.75,6.0359087,-2.718865,0.0561831,0.23964024,0.02400148
2057,-0.60771763,6.728793,2.5939918,-0.04458063,0.20892477,5.25,7.125305,11.625,5.5208883,-0.36580184,4.322548,2.079074,-0.13349158,0.45672822,4.15625,5.6875,12.0625,7.2851725,-2.4062452,0.24780345,1.7642841,0.24191579
2058,0.05033992,6.870614,2.6211855,0.015855197,0.15264463,5.1875,7.0,11.5,5.5438457,-0.046028662,3.9777446,1.9944284,0.020333648,0.23716378,3.96875,5.25,9.375,5.959366,-2.8928695,0.08451915,0.4155202,0.09636858
2059,0.80568933,8.16066,2.8566868,-0.010505552,0.14956903,5.8125,7.781555,12.5625,5.3151884,0.22205883,5.090554,2.2562256,-0.006858256,0.2736373,4.4375,6.03125,10.8125,6.0311036,-3.0701056,0.12406826,0.7159152,0.5836305
2060,-1.1475298,6.914799,2.6296005,-0.020395584,0.12419605,5.625,7.406555,12.625,5.531129,-0.34706166,4.0863175,2.021464,-0.08342298,0.3121302,4.0625,5.625,9.875,6.119074,-2.8284817,0.18793416,0.587945,0.8004682
2061,-0.59415394,10.365168,3.219498,0.015664794,0.048489094,6.4375,8.625,13.0,4.9836917,-0.8241244,7.3095584,2.7036195,0.085321866,0.314224,5.53125,7.46875,13.0625,5.8007836,-3.0556092,0.2657349,0.81709194,0.22997046
2062,0.28782687,7.0502334,2.6552277,0.06543182,0.15840697,5.3125,7.09375,11.5625,5.4713807,0.16563146,4.09511,2.0236378,0.033844177,0.32636976,4.03125,5.40625,11.4375,7.147865,-2.9551234,0.16796279,1.6764841,0.12219541
2063,1.0503478,6.3681674,2.5235229,0.027513823,0.12349105,5.40625,7.125,11.375,5.2492223,0.3349365,3.6821246,1.9188863,0.07535749,0.2776754,3.828125,5.21875,9.8125,6.372975,-2.6860428,0.15418434,1.1237526,0.7154113
2064,0.6917828,6.908639,2.628429,-0.07768893,0.2437725,5.3125,7.1875,11.25,5.2190866,0.23447412,4.050556,2.0125995,-0.091145575,0.33345842,4.0,5.40625,9.0,5.6284266,-2.8580828,0.08968592,0.4093399,0.45730865
2065,-0.13268958,6.6210084,2.573132,-0.006401972,0.37258387,5.125,6.937805,13.625,6.714027,-0.19841558,3.8131425,1.952727,0.1324759,0.6004834,3.859375,5.375,11.4375,7.450607,-2.8078659,0.22789955,0.7365799,0.065726
2066,0.38553482,6.604275,2.5698783,0.013057942,0.35460663,5.1875,6.969055,11.25,5.5156593,0.22859731,3.953179,1.9882603,-0.06626182,0.24761271,3.96875,5.312805,8.375,5.302854,-2.6510963,-0.10699391,-0.21280527,0.15693751
2067,0.8184247,6.8948565,2.6258059,-0.08761435,0.40773463,5.40625,7.437805,12.9375,5.9545507,0.1946641,4.613522,2.147911,0.1941968,1.9026556,4.1875,5.844055,14.25,8.553414,-2.2813344,1.494921,2.5988636,0.6237606
2068,-0.2335568,6.405424,2.530894,-0.029778244,0.1619556,5.0625,6.71875,10.5625,5.253313,-0.28280434,3.7741222,1.94271,-0.039169736,0.27835083,3.9375,5.25,10.0625,6.5125575,-2.6313019,0.116395235,1.2592444,0.049247533
2069,0.45376825,6.62435,2.5737813,0.0031818047,0.19291782,5.1875,6.875,12.3125,5.9578843,0.4219671,3.8503401,1.9622283,-0.06345698,0.25265622,3.96875,5.28125,10.1875,6.414642,-2.77401,0.059738398,0.45675755,0.031801164
2070,0.82086396,7.844194,2.8007488,-0.056265805,0.37093663,5.8125,7.8125,14.5,6.294046,0.34239438,5.558277,2.3576,0.016342215,0.50585747,4.78125,6.5,11.0625,5.9502172,-2.2859168,0.13492084,-0.34382868,0.47846958
2071,0.6742257,6.313836,2.512735,-0.022814374,0.18458676,5.09375,6.8125,11.1875,5.4254045,-0.08679824,3.6576734,1.9125044,0.03157368,0.2588203,3.8125,5.09375,8.5625,5.666117,-2.6561627,0.07423353,0.24071264,0.76102394
2072,-0.033762995,6.211466,2.4922812,0.011891894,0.114942074,4.9375,6.53125,10.0625,5.0886054,0.016369116,3.5062613,1.8725014,0.08271087,0.52034116,3.734375,5.062805,11.6875,7.9432864,-2.7052045,0.40539908,2.854681,0.05013211
2073,0.30143642,7.0742197,2.6597404,0.020584559,0.11362696,5.28125,7.0625,10.75,5.067866,0.65379465,4.44526,2.1083786,0.06121231,0.32369018,4.375,5.875,12.0625,6.9398313,-2.6289597,0.21006322,1.8719654,0.35235822
2074,0.027406385,7.433578,2.7264588,0.005649292,0.19168735,5.40625,7.21875,12.0,5.5603037,0.15225674,4.1957884,2.0483623,0.05154647,0.31668758,4.0625,5.562805,9.125,5.643704,-3.2377896,0.12500024,0.08340025,0.124850355
2075,-0.041530605,6.6565757,2.580034,-0.049216334,0.16080475,5.125,6.781555,10.9375,5.347247,0.07142947,3.7977257,1.9487754,-0.052909747,0.28382015,3.875,5.25,8.375,5.4407434,-2.85885,0.123015404,0.09349632,0.11296007
2076,-0.8963878,9.507486,3.0834212,-0.025172902,0.15551567,6.375,8.5625,14.6875,5.7809696,-0.6206767,6.42702,2.5351567,0.046049338,0.32679033,5.125,6.875305,13.25,6.4021873,-3.0804663,0.17127466,0.6212177,0.27571112
2077,0.05229601,6.225633,2.495122,0.005099574,0.4035647,4.9375,6.6875,12.125,6.1915917,0.028664282,3.4899223,1.8681334,0.02376228,0.31457257,3.703125,5.0625,8.375,5.694945,-2.7357109,-0.08899212,-0.49664688,0.023631727
2078,0.43855616,6.956161,2.6374536,-0.012937486,0.0907774,5.25,6.875,11.5,5.4125843,0.123544216,4.2310443,2.0569503,-0.10072205,0.6984396,4.03125,5.5625,11.5,7.104935,-2.7251167,0.6076622,1.6923509,0.31501195
2079,-0.08826338,6.7152095,2.591372,-0.029619394,0.19631124,5.125,6.937805,11.625,5.67693,0.00062131346,4.0653415,2.0162692,-0.04043029,0.30790758,3.984375,5.4375,9.0625,5.7036204,-2.649868,0.111596346,0.026690483,0.08888469
2080,-0.19814874,6.284501,2.5068908,0.05753323,0.23103547,4.9375,6.71875,11.0625,5.5641384,-0.2228971,3.4806767,1.8656572,0.052431136,0.2864318,3.703125,5.03125,8.625,5.8167934,-2.8038244,0.05539632,0.25265503,0.024748355
2081,0.8050709,5.4812064,2.3411977,0.07117261,0.14695859,4.9375,6.46875,12.5625,6.420554,0.23305954,3.1254828,1.7679034,0.08236982,0.23507714,3.546875,4.8125,7.5,5.334859,-2.3557236,0.08811855,-1.0856953,0.57201135
2082,-0.5437915,6.654343,2.5796013,-0.020311536,0.23113275,5.1875,7.0625,13.4375,6.44963,0.16222094,4.0756803,2.0188315,-0.035454575,0.3072431,4.0,5.469055,8.8125,5.5165815,-2.5786629,0.07611036,-0.93304825,0.7060124
2083,0.48180845,6.614449,2.5718572,0.045668066,0.12961125,5.15625,6.875,11.3125,5.465469,0.29947662,4.216143,2.053325,0.056988206,0.21556473,4.0625,5.59375,8.75,5.337668,-2.398306,0.085953474,-0.12780094,0.18233183
2084,0.07544779,7.705043,2.775796,-0.054639876,0.1642034,5.46875,7.250305,11.875,5.4027877,0.26010594,4.5155196,2.1249752,-0.0013851289,0.25077295,4.21875,5.71875,11.4375,6.756575,-3.1895232,0.08656955,1.3537874,0.18465814
2085,-0.2963918,10.207862,3.1949744,0.20463264,0.4459164,6.375,8.75061,13.875,5.5060344,-0.2003574,7.7493587,2.783767,0.18532838,0.66695786,5.59375,7.65625,13.5,6.2176075,-2.4585032,0.22104144,0.7115731,0.09603438
2086,0.7860036,8.139435,2.8529694,-0.027354592,0.13061285,5.78125,7.78125,12.3125,5.227851,0.6176343,5.1971574,2.2797275,-0.0071380665,0.2875402,4.65625,6.281555,11.0,5.891298,-2.9422774,0.15692735,0.6634469,0.1683693
2087,-0.046420343,6.608123,2.570627,0.05801193,0.18812537,5.064026,6.875,12.125,5.9664927,0.30615366,4.0070763,2.0017684,-0.045351006,0.3177514,3.984375,5.40625,9.75,6.102058,-2.6010466,0.12962604,0.13556528,0.352574
2088,-0.13138433,8.402324,2.8986762,-0.02805275,0.117489815,5.75,7.625,11.6875,5.073278,-0.05523512,5.2807903,2.297997,-0.096986264,0.24584794,4.53125,6.15625,10.375,5.7055635,-3.1215334,0.12835813,0.6322856,0.07614921
2089,0.72925967,14.8606,3.854945,0.48483816,1.5836196,7.75,11.375,26.25,8.758347,0.16954502,12.179379,3.4898968,0.57793576,1.9552331,6.8125,10.125,23.25,8.711837,-2.681221,0.3716135,-0.046509743,0.5597147
2090,0.4638427,6.219462,2.4938848,-0.015235331,0.24463367,5.0,6.75,12.1875,6.076252,-0.1115218,3.6498203,1.9104503,0.0039564585,0.25307178,3.8125,5.09375,8.75,5.806531,-2.5696416,0.00843811,-0.26972103,0.5753645
2091,-0.6879064,6.6405077,2.5769184,-0.012087221,0.23604846,5.3125,7.000305,11.5,5.455944,-0.061066896,3.9139132,1.9783612,0.055990253,0.3988247,3.953125,5.40625,9.3125,5.9906745,-2.7265944,0.16277623,0.53473043,0.6268395
2092,-0.09959551,6.669999,2.5826342,0.00768098,0.12093806,5.09375,6.78125,10.75,5.2451744,-0.44571918,3.966762,1.9916732,-0.055398725,0.24660873,4.032776,5.5,8.875,5.516768,-2.703237,0.12567067,0.27159357,0.34612367
2093,-0.8043497,12.096353,3.477981,0.12025546,0.64048576,7.25,9.8125,16.5,5.906158,-0.135673,9.583411,3.0957086,0.12023959,0.82043695,6.40625,8.81311,17.0,7.1281824,-2.5129414,0.17995119,1.2220244,0.66867673
2094,0.41956922,7.3784766,2.716335,-0.03196547,0.3807962,5.46875,7.469055,11.75,5.4339957,0.17766054,4.9266744,2.2196114,-0.014162571,0.495095,4.40625,6.15625,10.375,5.9547257,-2.4518023,0.11429882,0.52073,0.24190868
2095,-0.58180094,7.549702,2.747672,-0.06836319,0.3443663,5.59375,7.6875,13.5625,6.159866,-0.15749457,5.1691866,2.2735846,-0.38624543,1.8429799,4.46875,6.4375,16.875,9.656704,-2.3805156,1.4986136,3.496838,0.42430636
2096,0.56588084,6.4091706,2.531634,0.017291903,0.20256329,5.09375,6.8125,11.5,5.6080723,0.4307954,3.7097266,1.9260651,0.071896404,0.23514819,3.921875,5.28125,9.6875,6.210966,-2.699444,0.032584906,0.6028938,0.13508543
2097,0.06682004,7.035336,2.6524208,0.04357104,0.25159717,5.21875,7.000305,13.875,6.6055503,0.25928256,4.5756574,2.1390786,-0.018703075,0.489043,4.28125,5.9375,10.0625,5.9681687,-2.4596786,0.23744583,-0.63738155,0.19246252
2098,-0.22318615,8.332162,2.8865485,0.020860316,0.06994152,5.71875,7.53125,11.3125,4.9159937,-0.4443751,5.618109,2.370255,0.058880053,0.39997888,4.75,6.40625,12.125,6.3619933,-2.7140527,0.33003736,1.4459996,0.22118895
2099,-0.98646486,25.453144,5.0451107,-0.22802922,0.1443131,10.375,13.875,21.0,5.178553,-0.24223125,23.106518,4.806924,-0.27813283,0.36124945,9.625,13.1875,21.0,5.544186,-2.3466263,0.21693635,0.365633,0.7442336
2100,1.618959,8.029359,2.8336124,0.09248666,0.20810223,6.5,8.75,13.6875,5.299593,1.2902845,4.869995,2.2068067,0.1800918,0.5846894,5.09375,7.125,12.0,5.9902954,-3.1593637,0.37658715,0.69070244,0.32867444
2101,0.6448926,7.145394,2.673087,-0.05278458,0.15452647,5.40625,7.1875,10.75,4.9268904,0.36875167,4.323514,2.0793061,-0.086276405,0.42226934,4.1875,5.65625,10.4375,6.2870603,-2.8218799,0.26774287,1.3601699,0.2761409
2102,-0.063092306,6.5516787,2.5596247,0.01737209,0.18412709,5.0625,6.8125,11.25,5.5606217,-0.17254984,3.9170527,1.9791546,0.11523735,0.22077036,3.921875,5.1875,8.9375,5.6831393,-2.634626,0.036643267,0.122517586,0.10945754
2103,0.09758342,15.275315,3.9083648,0.13737868,0.2989638,7.59375,10.6875,20.0,6.454567,-0.005808423,12.75843,3.5718944,0.136339,0.45258498,7.0,10.0625,19.25,6.8578067,-2.5168858,0.1536212,0.40323973,0.10339184
2104,0.6174814,9.357246,3.0589616,0.022590283,0.29842806,6.1875,8.375,14.0,5.6833315,0.43203878,6.5403256,2.557406,-0.02635523,0.36818314,5.125,7.000305,13.1875,6.4513483,-2.8169208,0.06975508,0.7680168,0.18544263
2105,-0.5538295,15.606975,3.9505663,0.022668334,0.28054047,8.0,10.625,18.25,5.8292418,-0.48047313,13.095546,3.6187768,-0.019833192,0.35660958,7.375,9.875,15.75,5.51716,-2.5114288,0.07606912,-0.3120818,0.07335636
2106,7.793885,176.78221,13.295947,0.37630942,0.25809383,32.262207,42.25,61.25,5.162874,6.139029,172.26425,13.124948,0.42471752,0.30893397,30.875,41.0,55.5,5.0338936,-4.5179596,0.05084014,-0.12898064,1.6548562
2107,0.9503445,6.1612515,2.4821868,0.023016911,0.26634765,5.25,7.062805,11.625,5.533166,0.3440078,3.4278688,1.8514504,0.021828877,0.35428262,3.71875,5.09375,9.5625,6.4494686,-2.7333827,0.08793497,0.9163027,0.6063367
2108,-0.8691246,6.5728164,2.5637505,0.06093811,0.1645689,5.28125,7.031555,12.0,5.5615273,-0.63099074,4.2246027,2.055384,0.12829056,0.25131536,4.28125,5.5625,8.875,5.189232,-2.3482137,0.086746454,-0.37229538,0.23813385
2109,-0.17254089,6.573399,2.563864,-0.051459067,0.23575139,5.095276,6.812805,11.1875,5.5134296,0.22900161,3.6268263,1.9044229,-0.07960493,0.4168005,3.8125,5.21875,9.3125,6.187197,-2.9465728,0.18104911,0.67376757,0.40154248
2110,0.05416418,5.956083,2.4405086,0.08663241,0.2927606,4.84375,6.5625,11.8125,6.1456795,0.09055942,3.494459,1.8693472,0.19324428,0.40111732,3.703125,5.125,9.6875,6.596561,-2.461624,0.108356714,0.45088148,0.036395244
2111,0.62788665,6.373817,2.524642,-0.014196148,0.20220637,5.125,6.875,11.375,5.508772,0.009475287,3.7822142,1.9447916,0.04873132,0.3388133,3.859375,5.25,8.8125,5.7681556,-2.5916028,0.13660693,0.25938368,0.61841136
2112,-0.06941833,7.3815413,2.7168992,-0.039606776,0.13147402,5.3125,7.21875,11.875,5.4890313,0.1585041,4.7782316,2.1859167,-0.0009931083,0.25255752,4.3125,5.9375,9.1875,5.297093,-2.6033096,0.1210835,-0.1919384,0.22792244
2113,0.5368305,6.465686,2.5427713,0.019384978,0.13413453,5.125,6.75,12.375,6.012557,0.09045869,3.6888475,1.9206372,0.0068806205,0.25049067,3.8125,5.15625,8.25,5.4419885,-2.7768383,0.116356134,-0.57056856,0.4463718
2114,-0.50313103,6.78836,2.6054482,-0.02921365,0.2343607,5.1875,7.125,13.0625,6.2195888,-0.44322926,4.116326,2.028873,0.0048504854,0.35788965,4.125,5.687805,9.1875,5.6130276,-2.6720343,0.12352896,-0.6065612,0.059901774
2115,-0.87195027,11.054273,3.3247967,0.07529278,0.32692719,6.8125,9.125,17.125,6.287966,-0.3357046,8.595515,2.9318109,0.05483203,0.35728455,5.84375,7.9375,14.375,6.1960692,-2.4587574,0.03035736,-0.091896534,0.5362457
2116,1.1121016,9.910188,3.148045,-0.021986334,0.35804343,6.59375,9.0,13.6875,5.1911674,0.51458025,7.56291,2.7500746,0.06724097,0.44670248,5.53125,7.75,12.875,5.8568273,-2.3472776,0.08865905,0.6656599,0.5975213
2117,-0.6096298,6.5482,2.5589452,-0.04686908,0.16756701,5.21875,6.9375,12.625,6.055421,-0.35974762,3.7903554,1.9468836,-0.02725213,0.34940672,3.9375,5.34375,9.625,6.1987753,-2.7578447,0.1818397,0.14335442,0.24988219
2118,-0.20820655,6.3958225,2.5289962,-0.053778812,0.13908315,4.96875,6.75,12.125,6.030911,0.025580639,3.9946191,1.9986544,-0.06355282,0.13483214,3.953888,5.219055,8.5625,5.40233,-2.4012034,-0.0042510033,-0.62858105,0.2337872
2119,0.46692744,6.119523,2.473767,0.027763618,0.12066984,4.96875,6.65625,10.6875,5.3576283,0.62553644,3.57375,1.8904364,0.03464788,0.20895052,3.9375,5.250305,8.5625,5.4398975,-2.545773,0.08828068,0.08226919,0.158609
2120,-0.23129861,6.701921,2.5888069,-0.039956592,0.25269294,5.15625,6.90625,12.5,6.0921655,-0.07000742,4.201708,2.0498068,0.031747878,0.3356135,4.0625,5.59375,9.25,5.733911,-2.5002131,0.08292055,-0.35825443,0.16129118
2121,0.48050797,6.572307,2.563651,-0.06109206,0.2922325,5.15625,6.90625,11.875,5.7660093,0.07270625,4.080903,2.0201244,-0.0874966,0.31817198,4.0,5.500305,9.8125,6.1580935,-2.491404,0.025939465,0.39208412,0.40780172
2122,-0.25872403,7.144459,2.6729121,-0.019349426,0.1708529,5.28125,7.0625,13.125,6.157225,-0.08487556,4.502418,2.1218903,-0.027439332,0.20144153,4.21875,5.625,8.875,5.2876,-2.6420407,0.030588627,-0.8696251,0.17384848
2123,1.1345187,5.985152,2.446457,0.018549807,0.30784726,5.28125,7.09375,13.125,6.13891,0.41594678,3.538412,1.8810668,-0.0027387512,0.41623306,3.84375,5.1875,10.8125,7.13268,-2.4467397,0.1083858,0.9937701,0.71857196
2124,-0.47585097,8.701572,2.9498427,-0.108059004,0.21234989,5.9375,8.0625,13.5625,5.7590246,-0.24032405,5.9690385,2.4431615,-0.10303922,0.3070395,4.84375,6.75,11.5625,5.990118,-2.732534,0.09468961,0.2310934,0.23552692
2125,0.40206793,6.3380537,2.517549,0.0057455017,0.07612872,5.0,6.6875,10.6875,5.2708464,-0.43962812,3.7886465,1.9464445,-0.0019732995,0.2255528,3.921875,5.34375,9.0,5.701071,-2.5494072,0.14942408,0.43022442,0.841696
2126,0.034193095,6.4763584,2.544869,-0.12844647,0.18500042,5.0625,6.71875,11.1875,5.5603237,0.11058276,3.7845767,1.9453988,-0.10991427,0.33331084,3.859375,5.3125,9.8125,6.3855605,-2.6917818,0.14831042,0.8252368,0.07638967
2127,-1.3547165,6.772499,2.6024024,0.00398643,0.21316552,5.65625,7.65625,13.25,5.6356893,-0.9511455,4.128447,2.031858,-0.00737548,0.33463454,4.40625,5.875,11.125,6.2390933,-2.644052,0.12146902,0.60340405,0.403571
2128,-0.7263964,14.929636,3.8638887,-0.019176174,0.46070886,7.875,10.8125,17.375,5.6344724,-0.005822461,12.134463,3.4834557,-0.00684089,0.5781903,7.0625,9.6875,15.375,5.695839,-2.7951727,0.11748147,0.061366558,0.7205739
2129,-1.1508421,6.908161,2.628338,-0.05627162,0.23049617,5.6875,7.6875,12.375,5.447866,-0.73886615,3.8827336,1.9704653,-0.02299776,0.35091972,4.1875,5.625,8.4375,5.078758,-3.0254276,0.120423555,-0.3691082,0.41197592
2130,-0.08925757,6.531686,2.5557163,0.06701841,0.12966228,5.0625,6.625305,12.0,5.9346113,-0.07776343,3.973521,1.9933692,0.12683323,0.3014183,3.953125,5.28125,10.9375,6.968224,-2.5581648,0.17175603,1.0336127,0.011494137
2131,0.7504601,9.773622,3.126279,-0.061816692,0.11911225,6.34375,8.25061,14.3125,5.5932503,0.9036749,6.467771,2.5431812,-0.051911,0.25747705,5.34375,7.09375,10.375,4.8445187,-3.3058505,0.13836479,-0.7487316,0.15321481
2132,-0.1906103,6.333722,2.5166888,-0.027167652,0.1591208,5.03125,6.6875,10.9375,5.4860215,-0.09388555,3.7428017,1.9346322,-0.026140006,0.31478953,3.84375,5.21875,9.0,5.8974624,-2.5909204,0.15566874,0.41144085,0.096724756
2133,-0.12755662,6.009236,2.4513743,0.005901818,0.21957827,4.875,6.5,11.5,5.919721,-0.0575432,3.7475386,1.935856,-0.0024802233,0.5210571,3.828125,5.25,9.3125,6.132895,-2.2616973,0.30147886,0.21317387,0.07001342
2134,-0.52846575,11.915618,3.4519007,-0.14151457,0.3238201,7.0,9.5,16.75,6.1096764,-0.16112033,9.36776,3.0606797,-0.15580744,0.3861773,6.1875,8.375,13.375,5.608246,-2.5478582,0.062357187,-0.5014305,0.36734542
2135,0.9547701,7.3176985,2.7051244,0.099313855,0.37147856,5.625,7.5625,13.625,6.01673,0.50141495,4.308892,2.075787,0.4207962,2.022512,4.125,5.75,14.3125,8.697454,-3.0088067,1.6510334,2.6807246,0.45335513
2136,0.67855996,16.352816,4.0438614,0.05331562,0.4018631,8.3125,11.1875,19.0,5.968311,0.36919186,13.833573,3.7193513,0.11950199,0.4366839,7.6875,10.25061,17.75,6.1602564,-2.5192423,0.034820795,0.19194555,0.3093681
2137,-0.20215036,7.426224,2.72511,-0.014814468,0.22536278,5.40625,7.25,13.0,6.0116544,-0.42065436,4.4007335,2.0977926,-0.03020289,0.27759385,4.25,5.65625,9.5,5.6306577,-3.0254908,0.052231073,-0.3809967,0.218504
2138,0.08395124,5.9135885,2.431787,-0.122498885,0.18672562,4.78125,6.40625,12.0625,6.261916,0.5707037,3.338546,1.8271688,-0.13419968,0.3672669,3.765625,5.0,9.625,6.3291974,-2.5750425,0.18054128,0.067281246,0.48675245
2139,0.7118149,7.0967274,2.6639683,-0.06323881,0.19163513,5.40625,7.21875,12.75,5.818499,0.6321477,4.2949142,2.0724175,-0.022525623,0.20406604,4.25,5.71875,9.25,5.3778005,-2.8018131,0.012430906,-0.44069862,0.07966715
2140,0.45608082,5.920294,2.4331653,-0.007639864,0.2203157,4.90625,6.5625,11.25,5.7499394,0.26489854,3.4245546,1.8505552,-0.050710943,0.33582306,3.703125,5.03125,10.3125,6.9893413,-2.4957392,0.115507364,1.2394018,0.19118229
2141,0.50181466,7.1957006,2.6824803,0.03136056,0.1408484,5.4375,7.125,11.375,5.2601557,0.1452623,4.109453,2.0271785,0.04433061,0.28034115,4.03125,5.5,9.0625,5.6634493,-3.0862474,0.13949275,0.4032936,0.35655236
2142,-0.23840478,6.022544,2.4540873,0.0028304067,0.15866995,4.84375,6.46875,10.875,5.5533442,-0.03925161,3.9229574,1.9806457,-0.07202745,0.3952756,3.921875,5.25,9.1875,5.8815165,-2.0995865,0.23660564,0.3281722,0.19915317
2143,-0.3346543,7.2829304,2.6986904,0.013289644,0.15034628,5.375,7.094055,12.25,5.691878,-0.29457638,4.3784914,2.0924845,0.08280905,0.40538907,4.25,5.6875,13.0,7.8266926,-2.904439,0.2550428,2.1348147,0.040077925
2144,-0.4123032,6.4605145,2.5417542,-0.009103333,0.20568013,5.0625,6.75,11.9375,5.856756,-0.8448928,3.697774,1.9229597,-0.063944794,0.38471937,4.1875,5.6875,9.5,5.7552004,-2.7627406,0.17903924,-0.101555824,0.4325896
2145,-0.24378593,6.6001983,2.5690851,-0.02034072,0.10201192,5.125,6.8125,11.8125,5.760108,-0.19537196,3.9109724,1.9776179,0.011641511,0.21842551,3.9375,5.25,8.75,5.582642,-2.689226,0.11641359,-0.17746592,0.048413977
2146,0.1633639,7.0503674,2.6552527,0.047921546,0.23955274,5.28125,7.09375,11.75,5.6013355,0.4140544,4.099587,2.0247438,0.014088177,0.27663183,4.09375,5.5,10.5,6.439194,-2.9507804,0.037079096,0.8378587,0.2506905
2147,0.23533325,6.6926923,2.5870237,0.043911416,0.1488483,5.15625,6.812805,12.25,5.967253,0.361768,4.2488914,2.0612838,0.086852856,0.21400666,4.15625,5.59375,9.6875,5.86264,-2.443801,0.06515837,-0.104613304,0.12643476
2148,1.2697515,7.196189,2.6825714,0.06863196,0.10934067,5.84375,7.625,12.5,5.301391,0.6589716,4.4159017,2.1014047,0.054821298,0.15319729,4.375,5.75,10.75,6.1693053,-2.7802873,0.04385662,0.8679142,0.61077994
2149,-0.38391232,6.5408497,2.5575085,-0.005348812,0.25073504,5.09375,6.84375,12.6875,6.2046213,-0.28323832,3.6983633,1.9231129,0.006068268,0.40860748,3.890625,5.28125,10.0,6.5644283,-2.8424864,0.15787244,0.359807,0.100674
2150,-1.1759876,7.314182,2.7044744,0.012913318,0.20506239,5.8125,7.71875,12.25,5.22241,-0.5821403,4.334194,2.0818727,0.0045391815,0.41761398,4.28125,5.875,9.9375,5.8417344,-2.9799876,0.2125516,0.6193242,0.5938473
2151,-0.49862334,7.0459104,2.6544135,0.017282907,0.20487738,5.345276,7.09375,11.625,5.443607,-0.05186924,4.243453,2.0599644,0.01153205,0.27346134,4.09375,5.59375,8.3125,5.124453,-2.8024573,0.068583965,-0.3191538,0.4467541
2152,0.42725712,6.676868,2.5839636,-0.0762154,0.17404151,5.15625,6.90625,11.1875,5.389292,0.38031924,3.9533668,1.9883075,-0.09636349,0.32303715,4.03125,5.40625,8.6875,5.439923,-2.7235012,0.14899564,0.050631046,0.046937883
2153,-1.1796494,19.078688,4.3679156,-0.19573843,0.43085814,8.9375,12.25,23.875,6.7301517,-0.91318494,15.151619,3.892508,-0.32835034,0.6697042,8.0,11.0625,21.875,7.058078,-3.9270687,0.23884606,0.32792616,0.2664644
2154,-0.11340051,6.6846647,2.5854719,-0.0701665,0.46099854,5.095276,6.969055,12.25,6.0281005,0.04211703,4.062199,2.0154898,-0.022236113,0.6389637,4.0,5.5625,10.0,6.3447695,-2.6224656,0.17796516,0.316669,0.15551755
2155,-1.4410543,11.16478,3.341374,-0.00546027,0.24584675,7.125,9.5,16.5,5.6954975,-0.8569836,7.8618765,2.8039038,-0.020608736,0.23410559,5.78125,7.6875,13.0625,5.6279545,-3.3029032,-0.011741161,-0.06754303,0.58407074
2156,0.51725227,7.6843195,2.7720604,0.02522304,0.23001027,5.59375,7.5,12.5,5.6197824,0.32596406,5.0118504,2.2387161,0.07413786,0.40268254,4.53125,6.1875,11.9375,6.733608,-2.6724691,0.17267227,1.1138253,0.1912882
2157,0.0015001679,8.485229,2.9129415,0.01641213,0.16308618,5.75,7.65625,12.625,5.484993,0.12691958,5.5741277,2.360959,0.047863193,0.26889038,4.71875,6.375,10.1875,5.4713755,-2.9111009,0.105804205,-0.013617516,0.12541941
2158,-0.24324739,8.877233,2.9794686,-0.19846697,0.41435027,5.96875,8.1875,16.125,6.8897357,-0.09578091,6.324852,2.514926,-0.30883464,0.982564,5.03125,7.09375,15.5,7.9748816,-2.5523806,0.5682137,1.085146,0.14746648
2159,1.3930446,6.3559327,2.5210974,0.004829936,0.13441539,5.625,7.3125,12.75,5.5459948,0.70093495,3.9273472,1.9817536,0.08825131,0.30864954,4.15625,5.71875,9.0625,5.4716434,-2.4285855,0.17423415,-0.07435131,0.69210964
2160,-0.22152734,6.104269,2.470682,-0.089019515,0.07797265,4.90625,6.5625,11.375,5.7834706,-0.07788472,3.385074,1.839857,-0.04060142,0.22797656,3.6875,4.875,8.1875,5.6419387,-2.7191951,0.15000391,-0.14153194,0.14364262
2161,1.015149,6.8705697,2.6211772,-0.012804583,0.20619631,5.5,7.281555,13.6875,6.1334105,0.28370702,4.087512,2.0217597,-0.10929043,0.34382248,4.0625,5.46875,9.3125,5.780547,-2.7830577,0.13762617,-0.3528633,0.731442
2162,0.40388003,6.912769,2.6292145,0.002473663,0.09177637,5.21875,7.03125,10.3125,4.86853,0.6017741,4.0909314,2.0226052,0.03930945,0.16240454,4.15625,5.53125,10.375,6.204623,-2.8218374,0.070628166,1.3360934,0.19789407
2163,0.14291756,6.710065,2.5903792,0.051757444,0.19549584,5.15625,6.875,11.5625,5.6393886,0.16958992,4.2268143,2.0559218,0.10919222,0.23860788,4.09375,5.59375,8.9375,5.488323,-2.4832506,0.04311204,-0.15106535,0.026672363
2164,-0.09796353,5.764201,2.400875,-0.07679992,0.13855553,4.6875,6.34375,10.125,5.312779,-0.26767504,3.6065395,1.8990891,-0.0956478,0.2874093,3.828125,5.15625,9.9375,6.59045,-2.1576617,0.14885378,1.2776709,0.16971152
2165,-0.29167306,5.730935,2.393937,-0.025247158,0.26775503,4.75,6.4375,11.75,6.194677,-0.0038517823,3.3845477,1.839714,-0.048307423,0.34674907,3.671875,4.96875,8.25,5.7083426,-2.3463874,0.078994036,-0.48633432,0.2878213
2166,0.073688254,7.0566196,2.6564298,0.13782372,0.7105255,5.21875,7.125,13.1875,6.33793,-0.14103784,4.063531,2.0158203,0.220132,1.2935324,3.984375,5.531555,11.8125,7.5348415,-2.9930887,0.58300686,1.1969113,0.21472609
2167,0.74957734,11.120457,3.334735,-0.03184399,0.27430415,6.71875,9.0,16.25,6.000606,0.41863012,8.307113,2.8822062,-0.10587446,0.3828745,5.71875,7.8125,14.125,6.1394663,-2.813344,0.10857034,0.13886023,0.33094722
2168,0.800999,7.0257397,2.6506112,0.08795243,0.1982317,5.5,7.40625,13.25,6.0646954,0.19394505,4.29001,2.071234,0.16608593,0.47109628,4.15625,5.75,9.75,5.995834,-2.7357297,0.27286458,-0.068861485,0.60705394
2169,-0.10154919,4.629833,2.1517048,0.22047909,0.6732588,4.28125,5.875,11.125,6.6047654,0.025816651,2.386622,1.5448695,0.081546746,0.45571613,3.09375,4.1875,8.1875,6.7753077,-2.2432113,-0.21754265,0.17054224,0.12736584
2170,-0.60948706,9.288135,3.0476441,-0.04430824,0.07583809,6.125,8.125,14.5,5.86985,-0.86273223,5.9004045,2.4290748,-0.067488216,0.09419465,5.0625,6.65625,11.6875,5.703512,-3.3877301,0.018356562,-0.16633797,0.25324517
2171,0.50139284,6.510751,2.5516174,-0.07339473,0.2496674,5.125,6.75,12.75,6.172187,0.4740921,3.926498,1.9815392,-0.048476126,0.31504798,4.0,5.344055,9.375,5.8190393,-2.5842528,0.06538057,-0.3531475,0.027300745
2172,-0.3299192,5.874988,2.4238374,0.049067646,0.24291062,4.8125,6.5,11.5,5.947406,-0.5349282,3.2123766,1.7923104,0.14027663,0.59077096,3.71875,5.03125,8.9375,6.073433,-2.6626115,0.34786034,0.1260271,0.20500901
2173,0.4708541,6.317459,2.5134556,0.19498791,0.47155452,5.0625,7.000305,14.75,7.347622,0.4904333,3.6765976,1.9174455,0.2681143,0.6783855,3.9375,5.46875,13.625,8.841284,-2.6408615,0.20683098,1.4936619,0.019579202
2174,-0.14487629,6.5984936,2.5687532,-0.03044381,0.1325059,5.09375,6.719055,11.0,5.402586,0.05419443,4.379287,2.0926745,-0.07688027,0.32583523,4.15625,5.6875,9.3125,5.6567354,-2.2192068,0.19332933,0.25414944,0.19907072
2175,-0.7370751,6.5821686,2.5655737,-0.040143155,0.25534654,5.25,7.125,12.375,5.8593493,-0.28696468,3.9219038,1.9803797,-0.09483602,0.6016078,3.9375,5.375,11.5,7.335887,-2.6602647,0.34626126,1.4765377,0.4501104
2176,0.30347523,5.7553053,2.3990216,0.055677805,0.0978055,4.8125,6.34375,10.75,5.606651,0.091855295,3.267646,1.8076632,0.078825906,0.31592178,3.640625,4.90625,7.8125,5.4936323,-2.4876592,0.21811628,-0.11301851,0.21161994
2177,0.58224136,6.7373343,2.5956376,0.05608747,0.09173608,5.21875,7.0,11.875,5.626351,0.5770276,4.416678,2.1015894,0.22640745,0.77464604,4.25,5.875,12.75,7.4866056,-2.3206563,0.68290997,1.8602548,0.0052137375
2178,-0.32595235,6.0213823,2.4538505,-0.0020436267,0.16949391,4.875,6.5625,9.8125,5.0048094,-0.19272007,3.5304685,1.878954,0.027898842,0.33754468,3.75,5.094055,8.3125,5.60237,-2.4909139,0.16805077,0.5975604,0.13323228
2179,-1.0369515,6.6946187,2.5873961,-0.0727399,0.13197494,5.53125,7.375,11.3125,5.1335325,-0.40300718,4.1743374,2.0431194,-0.25827655,0.40529537,4.09375,5.719055,9.625,5.9078875,-2.5202813,0.27332044,0.77435493,0.6339444
2180,0.13925199,10.991171,3.3152936,-0.06406056,0.6370337,6.625,9.125,16.5,6.370527,0.20781504,8.00915,2.830044,-0.049587134,0.7011895,5.71875,7.9375,14.8125,6.717777,-2.9820213,0.06415582,0.34724998,0.068563044
2181,-0.34792176,6.6614423,2.580977,-0.04129286,0.14318347,5.1875,6.8125,11.75,5.703994,-0.05198439,3.7100992,1.9261618,-0.077098355,0.3195417,3.8125,5.15625,9.3125,6.1362615,-2.951343,0.17635822,0.43226767,0.29593736
2182,-0.4341372,6.223444,2.494683,-0.1526616,0.15456343,5.0625,6.84375,10.8125,5.4348865,-0.24255422,3.8340816,1.9580811,-0.33656698,0.93085146,3.9375,5.5625,11.25,7.387689,-2.3893623,0.77628803,1.9528027,0.19158298
2183,-0.10724101,10.884755,3.2992053,0.046553012,0.43429184,6.59375,9.0625,15.9375,6.1802397,-0.2948434,8.016747,2.831386,0.05174022,0.57281137,5.720276,7.875,13.75,6.213064,-2.8680077,0.13851953,0.032824516,0.1876024
2184,0.4208452,5.568681,2.3598053,-0.034186337,0.21088243,4.71875,6.3125,10.0,5.2607555,0.2582958,3.2522604,1.8034024,-0.09375424,0.21744013,3.609375,4.84375,7.96875,5.52657,-2.3164203,0.006557703,0.2658143,0.1625494
2185,-0.3754975,7.145076,2.6730275,-0.04132374,0.14163089,5.3125,7.094055,12.625,5.899871,-0.1832043,4.37792,2.092348,-0.12555768,0.37480736,4.157776,5.71875,9.1875,5.5760455,-2.7671556,0.23317647,-0.32382536,0.1922932
2186,-0.104624316,15.616525,3.9517748,0.033495996,0.5381639,8.0625,10.75,19.5,6.4036508,-0.029671395,12.718519,3.5663033,-0.017531656,0.60810304,7.375,9.8125,16.625,6.093025,-2.8980055,0.06993914,-0.31062555,0.07495292
2187,0.14492537,7.0882125,2.6623697,-0.044054557,0.25248337,5.3125,7.094055,11.75,5.5745463,-0.14834453,4.170113,2.0420854,0.02519642,0.4945345,4.0625,5.59375,9.375,5.841205,-2.9180994,0.24205112,0.26665878,0.2932699
2188,-0.69421357,7.4288163,2.7255855,-0.026919505,0.2760892,5.59375,7.59375,12.4375,5.614871,-0.26518345,5.0879483,2.2556481,0.029573377,0.5310099,4.5,6.219055,11.625,6.548007,-2.340868,0.25492072,0.933136,0.42903012
2189,-0.4571143,6.473505,2.5443084,0.10697099,0.27386522,5.125,6.875,10.5625,5.161441,-0.18358208,3.670803,1.915934,0.1898686,0.3772807,3.78125,5.1875,9.8125,6.4606752,-2.802702,0.10341549,1.2992344,0.2735322
2190,-0.062300682,6.0922933,2.4682572,0.026535226,0.21435761,4.875,6.531555,12.5625,6.4368005,-0.17258707,3.4968996,1.8699999,0.16916905,0.96178913,3.6875,5.125,10.3125,7.045213,-2.5953937,0.7474315,0.60841274,0.110286385
2191,-0.94699883,6.7236023,2.5929909,-0.020073328,0.26257944,5.4375,7.375,13.25,6.0732265,-1.2303196,4.1373787,2.0340548,-0.059143107,0.33822346,4.65625,6.25,10.6875,5.643524,-2.5862236,0.075644016,-0.42970228,0.28332078
2192,0.054580785,7.292335,2.7004323,-0.12436514,0.15344882,5.34375,7.0625,11.375,5.3151703,0.029029613,4.1783085,2.0440912,-0.08677212,0.2089262,4.0625,5.4375,9.5625,5.907988,-3.1140265,0.05547738,0.5928178,0.025551172
2193,0.24709417,6.3210173,2.5141633,-0.06281982,0.17182207,4.96875,6.6875,10.625,5.311133,-0.10337826,3.5459032,1.8830569,-0.051443774,0.25286937,3.75,5.062805,8.3125,5.601556,-2.775114,0.0810473,0.29042292,0.35047242
2194,-0.1556814,6.7794967,2.6037467,-0.023876222,0.1629343,5.1875,6.8125,11.5,5.5708237,0.17099674,4.037298,2.0093029,-0.026033433,0.2534716,3.984375,5.40625,8.875,5.567251,-2.7421985,0.09053731,-0.003572464,0.32667816
2195,-0.59163934,6.0027113,2.4500432,-0.034596987,0.23709774,5.0,6.6875,11.0,5.534334,-0.32390514,3.6836395,1.919281,-0.09326854,0.2964611,3.90625,5.25,9.5,6.224365,-2.3190718,0.059363365,0.69003105,0.2677342
2196,-0.49057817,7.000567,2.6458585,-0.04107778,0.16684532,5.28125,7.125,13.5625,6.3545055,-0.2850468,4.1818924,2.0449677,-0.11532915,0.4032619,4.09375,5.59375,13.1875,8.152736,-2.8186746,0.23641658,1.7982302,0.20553139
2197,-0.21472144,7.26325,2.6950417,-0.097376056,0.034330368,5.34375,7.0,11.0,5.1160064,0.0144243045,4.194663,2.0480876,-0.0443347,0.21965313,4.0625,5.40625,9.0,5.5564494,-3.0685868,0.18532276,0.44044304,0.22914575
2198,0.025551587,7.213856,2.6858623,0.0355418,0.1564982,5.25,7.0,12.9375,6.062925,0.1662336,4.849017,2.2020483,0.024840914,0.27132964,4.375,5.906555,9.6875,5.5617113,-2.364839,0.11483145,-0.50121355,0.14068201
2199,0.2266375,6.074026,2.4645538,-0.0040893205,0.13760614,4.90625,6.500305,10.375,5.2929454,0.66549754,3.487232,1.8674132,-0.047256377,0.18586135,3.875,5.1875,9.0625,5.7583275,-2.5867941,0.048255205,0.4653821,0.43886006
2200,0.20395298,10.717149,3.2737057,-0.14094558,0.30631232,6.5,8.81311,15.3125,5.904757,0.15235361,7.914596,2.8132892,-0.10742567,0.33755636,5.65625,7.625,12.0,5.4250317,-2.8025527,0.03124404,-0.47972536,0.05159937
2201,-0.12249777,7.0428085,2.653829,-0.018844007,0.11310816,5.28125,6.96875,12.0625,5.713189,0.15844348,4.499749,2.1212611,-0.06438703,0.26834774,4.1875,5.65625,10.8125,6.421743,-2.5430593,0.15523958,0.7085538,0.28094125
2202,-0.031271808,6.7630515,2.6005867,-0.008041565,0.068681955,5.125,6.78125,10.25,4.95361,0.11447727,4.011119,2.0027778,-0.10258179,0.3064432,3.953125,5.4375,9.9375,6.270972,-2.7519326,0.23776126,1.3173618,0.14574908
2203,-0.4225418,6.0488324,2.4594374,-0.023463748,0.21092415,4.9375,6.625,10.5625,5.3610024,0.10204702,3.469741,1.8627241,-0.0038329826,0.20078969,3.703125,4.90625,8.3125,5.6325345,-2.5790913,-0.010134459,0.27153206,0.5245888
2204,-0.29369786,12.615323,3.5518055,-0.03476993,0.490798,7.15625,9.9375,15.875,5.7328806,-0.41660863,9.910879,3.148155,-0.04612616,0.6029408,6.34375,8.875,14.25,5.7739997,-2.704444,0.1121428,0.0411191,0.12291077
2205,-0.86453927,7.522611,2.742738,0.1609946,0.20545697,5.625,7.375,11.875,5.172524,-0.56632227,4.682093,2.1638145,0.24802057,0.27105522,4.40625,5.75,8.8125,4.9432244,-2.840518,0.06559825,-0.22929955,0.298217
2206,0.10008059,6.5263333,2.554669,0.0017339564,0.20320702,5.0,6.78125,13.25,6.5476747,0.06750647,4.0692334,2.017234,-0.0039216136,0.43402767,4.03125,5.46875,9.5,6.0105004,-2.4571,0.23082066,-0.5371742,0.032574117
2207,0.9751264,6.5740104,2.5639832,0.030570328,0.16045976,5.375,7.125305,12.25,5.633872,0.45250568,3.9173782,1.9792367,-0.05446582,0.361794,4.0,5.4375,9.125,5.701268,-2.6566322,0.20133424,0.067396164,0.5226207
2208,0.16577221,8.003065,2.828969,-0.029334005,0.30194354,5.59375,7.5625,14.25,6.378176,0.096270554,4.746163,2.178569,-0.022554802,0.4546404,4.3125,6.0625,10.0,5.85612,-3.2569022,0.15269685,-0.5220561,0.06950166
2209,1.0138799,7.0637226,2.6577666,-0.016633779,0.30316687,5.625,7.4375,13.25,5.882711,0.41734073,4.3253345,2.0797439,-0.015967343,0.37335467,4.25,5.78125,10.125,6.073448,-2.738388,0.07018781,0.19073725,0.59653914
2210,0.463708,6.4804235,2.5456676,0.02356245,0.22804666,5.09375,6.875,12.6875,6.1989985,-0.092512846,3.7239325,1.9297494,0.05404476,0.4772017,3.796875,5.21875,9.875,6.5057344,-2.756491,0.24915504,0.306736,0.5562209
2211,0.15979946,8.570289,2.9275055,-0.007484481,0.093678236,5.75,7.6875,16.125,6.912431,-0.095259525,5.807646,2.4099057,0.023352819,0.1629026,4.78125,6.3125,10.3125,5.4065847,-2.7626429,0.06922436,-1.505846,0.25505897
2212,0.92646056,7.3846593,2.717473,0.06104318,0.20760751,5.6875,7.5,14.0,6.1665244,0.51931155,4.503841,2.1222255,0.065601036,0.30707002,4.3125,5.8125,12.5,7.2620754,-2.8808184,0.09946251,1.095551,0.40714902
2213,-3.6360009,43.272675,6.578197,-0.013525851,0.18277669,14.8125,19.25,28.125,4.699141,-1.9333019,39.08022,6.251417,0.00019883113,0.37778354,12.9375,17.50122,29.125,5.6536784,-4.1924553,0.19500685,0.9545374,1.702699
2214,-1.2376789,9.883696,3.1438346,-0.055396654,0.15295482,6.6875,8.9375,17.25,6.4501147,-0.48753324,6.306848,2.511344,-0.11169879,0.21054006,5.125,6.875,12.8125,6.354193,-3.5768476,0.05758524,-0.09592152,0.7501457
2215,0.90131944,7.078553,2.6605551,-0.019468019,0.2142663,5.53125,7.4375,11.6875,5.2436786,0.45887417,4.12426,2.0308273,0.055536155,0.39336157,4.15625,5.6875,10.1875,6.2328486,-2.9542933,0.17909527,0.9891701,0.44244528
2216,-0.20261562,6.9536123,2.6369703,-0.0091556385,0.16313529,5.25,7.0,11.125,5.313344,0.28960776,4.2746897,2.0675323,0.024541173,0.1676004,4.15625,5.53125,8.3125,5.045872,-2.6789227,0.004465103,-0.2674718,0.49222338
2217,-0.3267438,11.271666,3.35733,-0.032683615,0.5467956,6.75,9.5,16.25,6.1880994,0.12279763,9.155322,3.0257764,-0.031574517,0.6401248,6.0625,8.625,13.75,5.8278666,-2.1163435,0.09332919,-0.36023283,0.44954145
2218,0.44110718,7.334033,2.708142,-0.08451919,0.07556391,5.375,7.15625,12.625,5.7796984,0.08842505,4.1936607,2.047843,0.009776569,0.20320344,4.0625,5.4375,9.3125,5.7563825,-3.1403723,0.12763953,-0.023315907,0.35268214
2219,0.03661028,6.8739767,2.621827,-0.016482072,0.030268192,5.125,6.750305,10.75,5.1369033,-0.43182,4.132096,2.0327556,0.023595938,0.12739038,4.09375,5.46875,8.625,5.2283034,-2.741881,0.09712219,0.09140015,0.46843028
2220,0.6813959,9.397648,3.0655584,-0.21151632,0.54067254,6.15625,8.5625,14.5,5.857547,0.4349377,7.0543633,2.6560051,-0.28828272,0.6885636,5.34375,7.46875,13.6875,6.4851837,-2.3432846,0.14789104,0.6276369,0.2464582
2221,0.37559214,6.222507,2.4944954,-0.022763332,0.12722111,5.0,6.5625,10.25,5.1147823,-0.16804463,3.668728,1.9153924,-0.09411659,0.502069,3.8125,5.21875,9.0625,6.019736,-2.553779,0.3748479,0.9049535,0.5436368
2222,1.4729369,6.164569,2.482855,0.0010302449,0.25024962,5.625,7.375,11.875,5.1620355,0.84626204,3.586545,1.8938175,0.10998626,0.23503065,4.125,5.5625,8.1875,5.014131,-2.578024,-0.015218973,-0.1479044,0.62667483
2223,0.16131794,6.346518,2.5192297,-0.010848704,0.18903327,4.96875,6.75,11.3125,5.6617174,0.49413037,3.8806958,1.9699482,0.02363858,0.34729862,4.0,5.5625,9.375,5.869754,-2.4658222,0.15826535,0.20803642,0.33281243
2224,0.19258472,6.196861,2.4893494,0.00087334577,0.20385098,4.9375,6.625,12.1875,6.175514,-0.0068041505,3.664532,1.9142967,-0.05873246,0.25601554,3.766388,5.09375,8.875,5.8783307,-2.5323288,0.052164555,-0.2971835,0.19938888
2225,-0.8047955,6.790253,2.6058114,0.009905104,0.1335423,5.375,7.09375,11.75,5.425986,-0.3198636,4.058237,2.0145066,0.06206666,0.31503105,4.03125,5.46875,8.6875,5.423478,-2.732016,0.18148875,-0.0025076866,0.48493192
2226,-0.16719127,7.208097,2.68479,0.05455638,0.17098188,5.375,7.15625,11.4375,5.3800807,-0.10687652,4.5254164,2.1273026,0.05609917,0.30453777,4.21875,5.6875,10.1875,6.0752683,-2.6826806,0.13355589,0.69518757,0.060314745
2227,-0.008786825,8.764969,2.960569,0.032384437,0.48701763,5.875,8.0625,14.0625,6.069872,-0.24868496,6.3716717,2.5242171,0.07006432,0.51406837,5.09375,6.96875,12.375,6.2173953,-2.3932972,0.027050734,0.1475234,0.23989813
2228,0.6884227,6.9022,2.627204,-0.022455005,0.152277,5.375,7.094055,10.75,4.989088,0.514568,4.02534,2.006325,-0.019576183,0.29067016,4.0625,5.5625,9.4375,5.752973,-2.8768601,0.13839316,0.763885,0.17385471
2229,-0.21899842,6.2316666,2.4963307,-0.05476091,0.19843245,4.96875,6.65625,11.125,5.624857,-0.305404,3.4713817,1.8631644,-0.14777234,0.24640822,3.75,5.0,8.875,5.9781094,-2.760285,0.04797578,0.3532524,0.08640559
2230,-0.5413147,6.9487195,2.6360424,-0.13295326,0.26698065,5.3125,7.250305,13.375,6.3096046,-0.39320254,4.136776,2.0339065,-0.13589296,0.19406271,4.09375,5.59375,9.875,6.0420628,-2.8119435,-0.07291794,-0.2675419,0.14811218
2231,0.24679053,6.7640533,2.6007793,-0.0054423767,0.0943203,5.125,6.812805,10.5625,5.089897,0.34024522,4.0644593,2.0160503,0.022567272,0.19732475,4.0625,5.406555,10.0,6.199091,-2.699594,0.103004456,1.1091938,0.09345469
2232,-0.06913345,9.797625,3.1301157,0.007502161,0.1666441,6.21875,8.3125,14.3125,5.769899,0.086195484,6.725021,2.5932646,0.033488564,0.21890903,5.1280518,6.9375,10.5,5.134311,-3.0726037,0.05226493,-0.6355877,0.15532893
2233,-0.5778631,6.1109304,2.4720297,-0.0029135256,0.18310189,5.03125,6.65625,11.6875,5.804566,-0.48019013,3.8165078,1.9535885,-0.030842576,0.4343953,4.0,5.5625,8.8125,5.600017,-2.2944226,0.25129342,-0.20454884,0.09767297
2234,-0.2883721,6.196359,2.4892488,-0.03617167,0.10334253,4.939026,6.5625,12.5,6.2941933,-0.02418219,3.9258492,1.9813756,-0.07877729,0.2587638,3.921875,5.3125,9.0625,5.7912107,-2.27051,0.15542126,-0.5029826,0.2641899
2235,-1.2220786,17.69826,4.2069297,-0.1653567,0.49404192,9.0,12.25,20.125,5.9494843,-0.39407793,14.578892,3.8182316,-0.25118396,0.62196875,7.8125,10.9375,17.875,6.0722003,-3.1193676,0.12792683,0.12271595,0.82800066
2236,-0.003306555,7.2715178,2.6965752,0.11237535,0.34880042,5.375,7.28125,16.125,7.584089,0.1733418,4.935161,2.2215223,0.064260945,0.412601,4.46875,6.062805,10.5625,6.0448513,-2.3363566,0.06380057,-1.5392375,0.17664835
2237,0.252553,7.1958585,2.6825097,0.1218973,0.24102473,5.3125,7.21875,13.0,6.1284366,-0.052954566,4.263097,2.0647268,0.10095919,0.3094697,4.125,5.531555,10.125,6.241201,-2.9327617,0.06844497,0.11276436,0.30550754
2238,-0.8654057,8.867874,2.9778976,-0.09442642,0.08498001,6.1875,8.125,14.0625,5.7288,-0.36706996,5.9744506,2.444269,-0.11928606,0.10957718,4.9375,6.5625,10.3125,5.284401,-2.8934236,0.024597168,-0.44439888,0.49833572
2239,0.1702,6.758947,2.5997975,-0.0132889,0.22777843,5.1875,6.9375,11.9375,5.8053207,0.5481834,3.9202974,1.979974,0.051516622,0.39459372,4.09375,5.5625,9.0,5.582337,-2.8386495,0.16681528,-0.22298384,0.3779834
2240,-1.5508982,8.92519,2.9875057,0.07071712,0.23085022,6.46875,8.5,16.625,6.1621466,-0.87596387,6.2266965,2.4953349,0.039621588,0.32155395,5.1875,7.0,11.4375,5.462013,-2.6984935,0.090703726,-0.7001338,0.6749343
2241,-0.050795056,6.8169913,2.6109369,-0.12867823,0.13037753,5.125,6.84375,11.1875,5.4081287,-0.08227903,4.1723666,2.042637,-0.14662527,0.17794394,4.0625,5.4375,8.9375,5.5204716,-2.6446247,0.047566414,0.112342834,0.03148397
2242,-0.9985353,6.8263884,2.6127357,0.0060054255,0.24402165,5.53125,7.312805,13.375,6.0379534,-0.6194868,4.072722,2.0180986,-0.041019317,0.4794662,4.15625,5.65625,11.8125,7.11358,-2.7536664,0.23544455,1.0756269,0.37904847
2243,0.12831302,6.5327525,2.555925,0.044270664,0.07008386,5.0625,6.65625,11.625,5.721568,0.11470804,3.7358727,1.9328406,0.1338101,0.40287137,3.8125,5.187805,9.8125,6.4551044,-2.7968798,0.3327875,0.73353624,0.013604976
2244,0.6516589,15.032831,3.8772194,0.3345205,0.48413563,8.0,11.0625,18.0,5.9517198,0.18712871,12.328823,3.5112424,0.32265723,0.54179907,7.125,9.875,16.875,6.192238,-2.704008,0.05766344,0.2405181,0.46453017
2245,1.4048592,7.8588142,2.8033576,-0.010426537,0.12730384,6.125,8.125,13.625,5.430165,0.72208834,5.4320207,2.3306696,0.0033860295,0.21074581,4.78125,6.5,10.3125,5.326472,-2.4267936,0.08344197,-0.10369301,0.68277085
2246,-0.8913616,6.3590565,2.521717,0.049553383,0.26506615,5.21875,7.0,12.625,5.9246426,-0.7287097,3.6837988,1.9193225,-0.06782861,0.39741397,4.03125,5.625,9.4375,5.83673,-2.6752577,0.13234782,-0.08791256,0.1626519
2247,-0.12396003,18.663202,4.3200927,-0.14975537,0.33107662,8.625,11.625,18.0,5.321555,-0.061240233,16.282524,4.035161,-0.15404727,0.5427265,8.125,11.125,19.125,6.1127806,-2.3806782,0.2116499,0.79122543,0.0627198
2248,-0.6945787,7.19613,2.6825602,-0.06852191,0.2484057,5.4375,7.375,13.625,6.2315392,-0.24786434,4.0702724,2.0174916,-0.05204007,0.37583494,4.0625,5.53125,9.25,5.795244,-3.1258574,0.12742925,-0.43629503,0.44671437
2249,-0.64575523,7.493439,2.7374146,-0.015836924,0.15753198,5.625,7.4375,12.0625,5.430453,-0.6943699,4.7045584,2.1689994,-0.005308264,0.3966899,4.53125,6.25,9.5,5.3180757,-2.7888808,0.23915792,-0.11237717,0.04861468
2250,-0.23041892,6.05927,2.4615583,-0.05191528,0.123390675,4.875,6.5,11.25,5.7425632,-0.07797827,3.4283254,1.8515738,-0.05767695,0.16020012,3.671875,4.906555,9.625,6.568923,-2.6309445,0.036809444,0.82635975,0.15244065
2251,0.6548284,6.43237,2.5362117,0.03091671,0.17044926,5.15625,6.875,12.0625,5.801144,0.5592869,3.6674676,1.9150634,0.012053184,0.25103617,3.921875,5.28125,10.5,6.6358037,-2.7649026,0.08058691,0.8346596,0.09554154
2252,0.13848555,14.477172,3.804888,-0.053938013,0.25284648,7.532776,10.3125,16.625,5.52446,0.00037695313,11.782886,3.4326208,-0.0112685915,0.3564601,6.84375,9.375,16.0,5.916704,-2.6942863,0.103613615,0.39224434,0.1381086
2253,-0.10208233,8.784336,2.963838,-0.047656305,0.12687397,5.8125,7.8125,13.875,5.894406,0.09401992,5.737893,2.39539,-0.036533862,0.16062355,4.75,6.28125,12.125,6.3876305,-3.046443,0.03374958,0.49322462,0.19610225
2254,-0.35584635,6.202117,2.490405,-0.109096274,0.18806314,4.9375,6.625,11.5,5.774482,-0.34570915,3.7446675,1.9351144,-0.10628766,0.17202663,3.875,5.34375,8.5,5.4655466,-2.4574494,-0.01603651,-0.30893517,0.0101372
2255,-1.2886257,37.104942,6.0913825,-0.17863563,-0.25554442,11.9375,15.875,25.5,5.090596,-1.2781123,33.504864,5.7883387,-0.1522249,-0.31847906,11.375,14.8125,23.5,4.9130974,-3.6000786,-0.06293464,-0.17749882,0.010513425
2256,0.8857004,6.275389,2.5050726,-0.08075757,0.27883005,5.25,6.875305,11.375,5.395988,0.37396523,3.8663454,1.9663025,-0.15396236,0.48779774,3.953125,5.4375,9.125,5.7914634,-2.4090438,0.20896769,0.3954754,0.5117352
2257,-8.304629,162.1209,12.732671,-0.21547973,0.24770856,30.375,40.25,65.5,5.4827204,-7.4778805,152.75258,12.359311,-0.23994547,0.24978423,29.125,38.75244,62.5,5.532826,-9.368317,0.0020756721,0.05010557,0.82674885
2258,-0.7912022,6.3083754,2.511648,0.013766869,0.24355435,5.1875,6.96875,12.1875,5.8289156,-1.0004702,3.967884,1.9919548,-0.026091743,0.3411274,4.40625,5.84375,9.625,5.4532905,-2.3404913,0.09757304,-0.37562513,0.20926797
2259,-0.24386418,6.9437485,2.6350994,-0.0057278993,0.19624543,5.25,7.0625,11.3125,5.41932,-0.24358335,3.7294066,1.9311671,-0.03796788,0.21312404,3.875,5.09375,9.5625,6.224221,-3.2143419,0.016878605,0.8049011,0.00028082728
2260,-0.2121273,6.8399467,2.6153293,-0.059786845,0.29488063,5.1875,7.125,12.25,5.921992,0.05520332,4.0694823,2.0172958,-0.12880425,0.83430433,3.96875,5.71875,9.4375,5.9932213,-2.7704644,0.5394237,0.07122946,0.26733062
2261,0.59751785,6.996456,2.6450815,0.08106814,0.24805975,5.34375,7.1875,13.125,6.129644,0.53141814,4.0078907,2.0019717,0.07688923,0.27922797,4.125,5.59375,9.0,5.5187373,-2.9885654,0.031168222,-0.6109066,0.0660997
2262,0.059326805,12.621381,3.5526583,0.10001004,0.5442667,7.125,9.875,18.5,6.695855,0.28545356,10.183592,3.191174,-0.0025101425,0.5493171,6.4375,9.0,15.8125,6.3382044,-2.437789,0.0050504208,-0.35765076,0.22612676
2263,0.16853207,7.4982033,2.7382848,0.08187265,0.21725154,5.376526,7.375,11.75,5.42966,0.33081478,4.52919,2.1281893,0.1203464,0.48499846,4.28125,5.90625,11.125,6.6143274,-2.9690132,0.26774693,1.1846676,0.1622827
2264,0.57125586,6.4820247,2.5459821,0.06214894,0.31175327,5.1875,7.125,13.25,6.44381,-0.14272068,4.143586,2.0355802,0.11937779,0.38561392,4.03125,5.53125,9.75,6.0738077,-2.3384385,0.073860645,-0.37000227,0.71397656
2265,-0.18754487,6.6247272,2.5738544,-0.04112239,0.12667847,5.125,6.78125,11.25,5.502763,-0.30250272,3.8862147,1.9713484,-0.009332743,0.1990645,3.953125,5.25,9.4375,5.9790096,-2.7385125,0.07238603,0.47624683,0.114957854
2266,0.6064958,6.778189,2.6034956,-0.0064518643,0.2966497,5.25,7.09375,13.9375,6.597318,0.3601937,4.074501,2.0185394,0.06491185,0.36597872,4.0625,5.5625,10.25,6.3764853,-2.7036881,0.06932902,-0.22083282,0.2463021
2267,0.67157656,6.346612,2.5192482,0.008007394,0.2659757,5.1875,7.0,11.5,5.5893893,0.56224245,3.6231027,1.903445,0.11831651,0.4194467,3.953125,5.4375,10.4375,6.7319856,-2.7235093,0.153471,1.1425962,0.10933411
2268,0.114238,6.536817,2.55672,0.05408605,0.18455315,5.0,6.75,11.25,5.549738,-0.19352515,3.9083097,1.9769446,0.052530248,0.3015027,3.96875,5.28125,9.9375,6.3392987,-2.6285074,0.11694956,0.7895608,0.30776316
2269,2.4041214,69.70592,8.349007,-0.018297449,0.031074286,17.125,22.50122,33.25,4.7895546,0.96515626,64.57058,8.035583,-0.03304648,0.05141735,16.125,21.125,31.875,4.938603,-5.135338,0.020343065,0.14904833,1.4389651
2270,0.6021422,6.786194,2.6050324,-0.02026047,0.23786545,5.3125,7.09375,12.0,5.6746883,0.50115705,3.8035586,1.9502714,-0.023747794,0.31040406,4.03125,5.4375,8.6875,5.4678507,-2.9826353,0.072538614,-0.20683765,0.10098517
2271,0.6668468,6.643891,2.5775745,-0.031832337,0.37057257,5.25,7.125,13.3125,6.344212,0.78221595,3.7159953,1.9276917,-0.0057272254,0.4343505,4.09375,5.5625,10.875,6.6131487,-2.9278955,0.06377792,0.26893663,0.11536914
2272,-0.10599374,5.9865274,2.446738,-0.019401401,0.18465185,4.8125,6.53125,11.25,5.8118157,-0.25201696,3.453341,1.8583167,0.022734886,0.26889825,3.703125,4.9375,8.375,5.661767,-2.5331864,0.0842464,-0.15004873,0.14602321
2273,0.11885493,6.4500537,2.5396955,0.1029296,0.2624104,5.03125,6.6875,12.0625,6.0068026,0.32729512,3.8255532,1.9559021,0.12022647,0.32853937,3.8765259,5.3125,10.4375,6.6887484,-2.6245005,0.06612897,0.6819458,0.20844018
2274,-0.14648105,10.090367,3.176534,0.037749693,0.53364825,6.375,8.875,14.9375,6.03272,-0.12852468,7.718961,2.7783017,0.09022943,0.4841268,5.625,7.6875,12.3125,5.6867156,-2.3714066,-0.049521446,-0.3460045,0.017956376
2275,-1.2593943,7.2732735,2.6969006,0.031831104,0.14628816,5.814026,7.5,13.8125,5.811344,-0.5871828,4.5484476,2.132709,0.04450628,0.32493138,4.34375,5.84375,10.375,5.9425297,-2.7248259,0.17864323,0.13118553,0.67221147
2276,0.28140607,6.4606285,2.5417767,-0.010504315,0.19711661,5.0,6.78125,12.1875,6.015473,-0.1014155,3.8276436,1.9564365,0.068726785,0.4311099,3.90625,5.40625,9.75,6.339384,-2.6329849,0.23399329,0.3239112,0.38282156
2277,-0.1332991,6.859685,2.6191,0.023928126,0.35305738,5.21875,7.0625,12.125,5.8927794,-0.042901117,4.186628,2.0461252,0.047473148,0.3475554,4.0625,5.5,9.3125,5.799534,-2.673057,-0.0055019855,-0.09324551,0.090397984
2278,0.3908029,6.090935,2.467982,0.025294542,0.35042834,4.907776,6.781555,13.0625,6.6332564,0.20588554,3.5464075,1.8831908,0.030477276,0.3696456,3.765625,5.156555,9.5625,6.430804,-2.5445278,0.019217253,-0.20245266,0.18491735
2279,0.6468957,6.5958185,2.5682325,0.070668355,0.15530872,5.1875,7.03125,11.75,5.600036,0.29490918,3.5951743,1.8960944,0.066722736,0.24786234,3.78125,5.125305,8.9375,5.903423,-3.0006442,0.092553616,0.3033867,0.35198653
2280,-0.43982255,6.2580557,2.5016105,-0.022846155,0.075446844,5.0,6.625,10.8125,5.357444,0.12064363,3.7468562,1.9356798,-0.09652601,0.3776014,3.859375,5.25,8.8125,5.7888536,-2.5111995,0.30215454,0.43140984,0.5604662
2281,-0.72863525,8.582192,2.929538,-0.10778266,0.04563403,5.96875,7.875305,12.5625,5.2537847,-0.4109965,5.8510766,2.4188998,-0.072688565,0.41019964,4.84375,6.75,11.4375,5.932395,-2.7311158,0.3645656,0.6786103,0.31763875
2282,0.73077345,7.894196,2.8096611,0.027713832,0.117771864,5.71875,7.625,12.9375,5.617801,0.8821535,5.373254,2.318028,0.12558106,0.29807425,4.90625,6.6875,13.0,6.6689105,-2.5209422,0.18030238,1.0511093,0.15138006
2283,0.39028516,6.6029954,2.5696294,0.21034554,0.4927261,5.095276,7.125,13.75,6.7502527,0.4247436,4.0622015,2.0154903,0.9087991,5.777232,3.90625,5.5,17.375,11.186051,-2.540794,5.284506,4.4357986,0.03445843
2284,0.06009959,6.6283736,2.5745628,-0.047253948,0.13560867,5.09375,6.687805,12.5,6.1097484,-0.25334007,3.9752085,1.9937925,-0.014888686,0.17978692,3.96875,5.25,9.0625,5.700121,-2.653165,0.044178247,-0.40962744,0.31343967
2285,0.18682487,6.5836186,2.5658562,-0.061792307,0.092235565,5.0625,6.65625,10.25,5.0123434,-0.23660484,3.6549547,1.9117936,-0.110366724,0.2733941,3.813263,5.21875,8.75,5.761163,-2.928664,0.18115854,0.7488198,0.42342973
2286,0.26490876,37.55231,6.127994,-0.05413162,0.20705223,12.0625,16.375,32.75,6.74638,-0.09338683,32.03866,5.66027,-0.1151063,0.37167335,11.1875,15.37561,30.875,6.934854,-5.513653,0.16462111,0.18847418,0.3582956
2287,-1.216338,68.56866,8.28062,-0.014113249,0.20236278,16.5,22.25,37.5,5.663259,0.375215,65.67556,8.104046,0.0008946249,0.340446,16.125,22.12622,35.5,5.5706396,-2.893097,0.13808322,-0.09261942,1.591553
2288,-0.09906835,7.2927885,2.7005162,0.042299077,0.1848433,5.34375,7.1875,12.375,5.784179,0.08419731,4.478533,2.1162543,0.056854077,0.28227544,4.1875,5.71875,9.5625,5.727676,-2.8142557,0.09743214,-0.056503296,0.18326566
2289,0.3926613,6.2278643,2.495569,0.032526094,0.25380373,5.0,6.78125,10.25,5.148402,-0.011953906,3.4820187,1.8660167,-0.023952328,0.3815713,3.71875,5.09375,9.0625,6.186802,-2.7458456,0.12776756,1.0383997,0.40461522
2290,-0.5611695,12.961659,3.6002305,0.06546993,0.5314822,7.375,9.9375,16.375,5.786547,-0.13387221,10.766263,3.2811985,0.05919418,0.57059026,6.6875,9.12561,13.875,5.4937882,-2.1953964,0.039108038,-0.29275894,0.4272973
2291,-0.28237876,6.3936563,2.528568,-0.14965901,0.28844476,5.03125,6.875,11.375,5.689266,0.08706816,3.889876,1.9722768,-0.093270175,0.2761929,3.875,5.25,9.625,6.157747,-2.5037804,-0.012251854,0.4684806,0.36944693
2292,0.03273127,7.765733,2.7867064,0.040049743,0.14914012,5.5,7.3125,12.0625,5.472264,0.35664132,5.3665757,2.316587,0.00027532087,0.31211853,4.625,6.3125,10.625,5.7451653,-2.399157,0.16297841,0.27290154,0.32391006
2293,0.12681481,5.6378207,2.3744094,-0.01520996,0.081413984,4.6875,6.1875,11.25,5.9585376,0.49006104,3.2829983,1.8119047,-0.029471625,0.13620639,3.703125,4.84375,9.0625,6.0708823,-2.3548224,0.054792404,0.11234474,0.36324623
2294,0.57870466,6.3030505,2.5105877,0.013184675,0.2699933,5.15625,6.875,11.0,5.42033,0.22684014,3.5035312,1.8717722,0.010797888,0.3766184,3.78125,5.125,8.9375,6.0400276,-2.7995193,0.10662508,0.6196976,0.35186452
2295,-1.064133,6.1743937,2.4848328,-0.10663118,0.18255901,5.34375,7.125,13.375,6.2670403,-0.69419765,3.5241418,1.8772697,-0.17285837,0.26622796,4.0,5.46875,8.6875,5.541271,-2.6502519,0.08366895,-0.72576904,0.3699354
2296,0.12785065,6.6732907,2.5832713,0.030631986,0.17414045,5.125,6.875,11.6875,5.716225,-0.06942329,4.1634736,2.0404592,0.004876092,0.37690687,4.03125,5.59375,9.75,6.0763545,-2.5098171,0.20276642,0.36012936,0.19727394
2297,-0.103739366,14.665255,3.829524,0.014423592,0.11165285,7.5625,10.0625,16.375,5.3861003,-0.36878067,11.520285,3.3941545,0.06808363,0.18967223,6.71875,8.9375,14.75,5.468188,-3.14497,0.07801938,0.08208752,0.2650413
2298,-0.96832734,6.8473268,2.6167397,-0.06745656,0.20621657,5.53125,7.375,11.625,5.2931137,-0.83415306,3.761204,1.9393824,0.03895466,0.2489016,4.1875,5.562805,9.25,5.5195284,-3.0861228,0.042685032,0.22641468,0.13417429
2299,-0.18815564,6.7734513,2.6025856,-0.007345865,0.22167325,5.15625,6.90625,11.5625,5.6035466,-0.52052623,3.8549087,1.9633921,-0.02545012,0.5152087,4.03125,5.625,8.9375,5.616262,-2.9185426,0.29353547,0.01271534,0.33237058
2300,-0.4942564,10.302379,3.2097318,0.07237125,0.58541775,6.59375,9.0,14.875,5.8981023,-0.3047079,7.9164367,2.8136163,-0.015361065,0.83160615,5.75,8.06311,15.5,7.121713,-2.385942,0.2461884,1.2236109,0.18954849
2301,0.740151,6.843531,2.6160142,0.019029247,0.26232457,5.34375,7.1875,15.0625,7.0067763,0.1389294,4.1704707,2.0421731,0.002781575,0.24764729,3.984375,5.4375,10.8125,6.663787,-2.6730604,-0.014677286,-0.34298944,0.60122156
2302,0.7074999,8.370584,2.893196,0.0069500925,0.21688676,5.84375,7.90625,13.875,5.8825817,0.26061293,5.199866,2.2803214,0.01684268,0.36269283,4.532776,6.28125,11.25,6.2555227,-3.1707177,0.14580607,0.37294102,0.446887
2303,-0.4969038,6.7735076,2.6025963,0.028377606,0.21303034,5.25,6.9375,11.9375,5.689664,-0.21516982,4.096689,2.024028,0.031036293,0.20509148,4.03125,5.375,9.875,6.1221943,-2.6768184,-0.007938862,0.4325304,0.281734
