dim,mu_act,mu_recon,sigma_act,sigma_recon,fd_1d,mean_delta,sigma_delta
1824,11.559039306640624,8.60134921875,14.877987518629745,14.531726161038447,8.867827583767415,-2.957690087890624,-0.34626135759129717
1234,-10.3448328125,-13.2124953125,3.3108927777444337,2.65831267155383,8.64934900890199,-2.8676625,-0.6525801061906038
1405,9.329371215820313,6.495136328125,10.862634968331655,10.675637328033867,8.067855516106206,-2.834234887695313,-0.18699764029778798
714,-11.300815661621094,-8.8366546875,13.130839459903838,12.874457851271199,6.137820835626481,2.4641609741210946,-0.2563816086326387
1026,-3.628450158691406,-1.178758642578125,8.570855319366583,8.237986755972958,6.111790004613123,2.4496915161132815,-0.3328685633936246
557,3.739768115234375,1.8233138671875,9.92238330184309,9.50447056771314,3.847447938204883,-1.9164542480468751,-0.4179127341299491
987,-5.5495781982421875,-3.6465515625,12.413809160199659,12.07561720035098,3.7358841780505183,1.9030266357421874,-0.3381919598486789
1170,0.08966885070800781,0.2839515625,16.216372719986765,14.38339642329017,3.3975478763528133,0.19428271179199216,-1.8329762966965948
1651,-4.057018505859375,-2.314787109375,8.884677888079105,8.643427432306842,3.0935720213062203,1.742231396484375,-0.24125045577226345
2213,-3.6360008544921874,-1.933301953125,6.578197057326458,6.251417121836257,3.005968674956007,1.7026989013671874,-0.326779935490201
2106,7.79388486328125,6.13902890625,13.295947543229515,13.124948165033205,2.7677890258653397,-1.6548559570312502,-0.17099937819630995
1485,-2.2427743316650393,-0.66757841796875,5.064321665678307,4.610744717374084,2.686974214558459,1.5751959136962892,-0.4535769483042227
2287,-1.2163381164550782,0.37521497802734377,8.280619270215592,8.104045528600595,2.564219538784492,1.5915530944824219,-0.1765737416149964
405,-4.748682080078125,-6.30351015625,2.7048058331488978,2.537600522484434,2.4454479623667327,-1.5548280761718747,-0.16720531066446398
1776,-2.401182061767578,-0.9233249755859375,5.5404245091468605,5.142359225375627,2.3425175373211617,1.4778570861816407,-0.39806528377123307
567,-0.05045396728515625,-1.49116796875,12.642955754728584,12.181715884983115,2.288399051459659,-1.4407140014648436,-0.4612398697454694
1993,1.5703121459960938,0.098643115234375,4.594268244278161,4.25025263803284,2.2841564734434727,-1.4716690307617188,-0.34401560624532124
2269,2.4041214248657226,0.96515625,8.349007172745994,8.035581963002569,2.168856136579049,-1.4389651748657224,-0.3134252097434249
835,-1.6620027603149414,-0.3206330322265625,2.893354930462447,2.4274802737460157,2.0163119432025445,1.341369728088379,-0.46587465671643136
1807,11.148633581542969,9.8104703125,10.702593244774306,10.319453712920211,1.9374768354851404,-1.338163269042969,-0.3831395318540949
725,-4.310987072753906,-2.9876521484375,7.123011661832083,6.734662421261987,1.9020304545668787,1.323334924316406,-0.3883492405700961
988,4.493220874023438,3.1384919921875,6.439993821293715,6.21154618231465,1.8874786670355594,-1.3547288818359378,-0.22844763897906528
1431,1.8356617614746094,0.634230517578125,2.7878206046720915,2.1530475328128356,1.8463738865682895,-1.2014312438964843,-0.6347730718592559
1149,9.074739404296874,7.73438125,11.479611870763359,11.540187453625018,1.8002293830291527,-1.340358154296874,0.06057558286165943
1716,1.593958282470703,0.43899814453125,2.5983224184839098,1.920517424544665,1.7933525300380997,-1.154960137939453,-0.6778049939392448
936,-1.5462671226501465,-0.3518732421875,2.6488999181338158,2.1013273386928457,1.7264124714422562,1.1943938804626466,-0.54757257944097
125,-1.9800730285644532,-0.79265009765625,3.5302033385171923,3.0028788656345164,1.6880443165476193,1.1874229309082032,-0.5273244728826758
910,-1.5731923278808593,-0.4169649658203125,3.0303233121937305,2.516143928659113,1.6012421512295298,1.1562273620605468,-0.5141793835346173
1666,-1.4638322540283204,-0.349979296875,2.909052231752673,2.324808758086648,1.58200884668054,1.1138529571533204,-0.5842434736660249
1963,-1.468311107635498,-0.3936521484375,2.926320973395167,2.311848852198959,1.532467866311892,1.074658959197998,-0.6144721211962083
1546,-12.218693292236328,-10.9943375,15.739203822226022,15.843137083391126,1.5098492287590584,1.2243557922363273,0.10393326116510337
425,1.239200991821289,0.151601025390625,3.0161782861715905,2.4778348511700288,1.4726873409892618,-1.087599966430664,-0.5383434350015617
1281,-2.360399755859375,-1.2280703170776368,7.610538060813832,7.2211472586192516,1.4337951547655046,1.132329438781738,-0.38939080219458067
800,2.9193669006347656,1.7723048828125,5.976983768675475,5.645796571290224,1.4254362324423846,-1.1470620178222655,-0.33118719738525115
1927,-0.6707359741210938,0.3594009765625,2.6410633038317757,2.089779881218756,1.3650955492116184,1.0301369506835938,-0.5512834226130199
1990,-1.324661651611328,-0.3236409423828125,2.757987237177934,2.1626154587927418,1.3565100148019067,1.0010207092285155,-0.5953717783851924
36,-1.2810492248535157,-0.313195849609375,2.409492053664464,1.7620096351364702,1.3559736382743357,0.9678533752441407,-0.6474824185279939
1563,0.7710653991699219,-0.2294597900390625,2.5478049677453387,1.96127096560316,1.3450727899105952,-1.0005251892089844,-0.5865340021421788
1506,-1.282116455078125,-0.2575474609375,3.3902335615580155,2.8484092370656433,1.3433152223659477,1.024568994140625,-0.5418243244923722
1768,1.3184263488769532,0.389441650390625,2.682639670915842,1.9906704320258097,1.3418339975917846,-0.9289846984863281,-0.6919692388900323
671,1.2801415405273437,0.2518419189453125,3.263210873475827,2.738204023334109,1.3330323044414774,-1.0282996215820313,-0.5250068501417182
2027,0.9993193237304687,0.0079251708984375,2.479108775307283,1.9092484352697068,1.3076031734172828,-0.9913941528320313,-0.5698603400375761
350,0.9912795654296875,-0.09935078125,4.971614616301084,4.631670686452243,1.3050364285397291,-1.0906303466796876,-0.3399439298488405
727,1.199693798828125,0.2557455078125,2.6309602195501247,1.9960024917266432,1.2942096922340778,-0.9439482910156252,-0.6349577278234815
89,-0.8057904174804688,0.141206884765625,2.5754429613832692,1.9672602657498832,1.2666900817292714,0.9469973022460938,-0.608182695633386
742,-1.6310018402099609,-0.722502001953125,2.637019535998909,1.989099660008312,1.2451721218163674,0.9084998382568359,-0.6479198759905969
269,-1.6898101806640624,-0.762330029296875,2.793663474885024,2.1759034546670266,1.2418468737598416,0.9274801513671874,-0.6177600202179976
1429,0.9988219177246094,0.1077510986328125,2.589259087669346,1.9205971558372603,1.2411159837183428,-0.8910708190917969,-0.6686619318320859
1729,-1.1002692825317384,-0.1562537109375,2.6918987717139475,2.1012217442692163,1.2400647501633406,0.9440155715942384,-0.5906770274447313
984,1.020184344482422,0.107559814453125,2.6039780939154236,1.9674995717307435,1.2379884420135892,-0.9126245300292969,-0.63647852218468
896,-1.555966436767578,-0.6560195434570313,2.7250699080701954,2.0901040344065223,1.2130860714967764,0.8999468933105468,-0.6349658736636732
1653,1.345725,0.3620254150390625,2.9005016502338377,2.409272635882853,1.2089708179925605,-0.9836995849609376,-0.49122901435098454
728,-0.45493670654296875,0.43391787109375,2.6126777759481,1.9894976443196117,1.1784159366422498,0.8888545776367187,-0.6231801316284884
489,-1.34646552734375,-0.47165302734375,2.7628346061989255,2.121231409834297,1.176951571741558,0.8748125,-0.6416031963646285
1159,-0.4523266052246094,0.41241748046875,3.048500649207185,2.3973249143287543,1.1718121714361085,0.8647440856933594,-0.6511757348784308
224,1.0984348815917968,0.2437001708984375,2.6667657729549736,2.003344469551231,1.1706992514739811,-0.8547347106933593,-0.6634213034037426
535,0.632039697265625,1.69614453125,4.2023271834196505,4.02738572914553,1.1629236101324585,1.064104833984375,-0.1749414542741201
540,4.306262658691407,3.24389453125,10.804726165083324,10.624510524564508,1.1611037152909676,-1.0623681274414065,-0.18021564051881533
364,0.9697830505371093,0.05653857421875,2.423257249227192,1.8522113011328132,1.1601089483610028,-0.9132444763183594,-0.571045948094379
1997,0.7396306121826172,-0.134471923828125,2.503118944381332,1.879353485848376,1.1531385907192395,-0.8741025360107422,-0.623765458532956
10,-1.2529587837219238,-0.4327426513671875,2.6132983791009154,1.932142592395292,1.1367277095375192,0.8202161323547363,-0.6811557867056235
370,-1.7309472717285157,-0.846019140625,2.572191072687493,1.9787216924022288,1.1353037025545365,0.8849281311035156,-0.5934693802852642
1282,-2.1343280883789064,-1.2757606811523436,2.652379162968541,2.0317662520078925,1.1222983780027924,0.8585674072265628,-0.6206129109606486
1046,16.263513940429686,15.24735,22.749919560028456,22.466425749243044,1.1129578945832195,-1.016163940429685,-0.28349381078541214
140,-1.086398812866211,-0.274491162109375,3.074152322203809,2.4124165970645026,1.0970882032831282,0.8119076507568359,-0.6617357251393066
1561,0.7075789367675781,-0.1124599609375,2.776344983989857,2.1285895024719497,1.0920509575858555,-0.8200388977050781,-0.6477554815179074
236,-1.2656302146911622,-0.35985048828125,3.7610034834289614,3.2424305962711117,1.0893547520704434,0.9057797264099122,-0.5185728871578497
1599,1.1481694702148437,0.261664599609375,2.890287797469447,2.347566624463858,1.0804371572357816,-0.8865048706054688,-0.5427211730055892
119,0.7116312194824219,-0.13732269287109375,2.755838498653894,2.1645391923199466,1.070357614971348,-0.8489539123535157,-0.5912993063339473
195,-1.2391599487304688,-0.411785888671875,2.827018114221839,2.2080597958730657,1.0676572351109828,0.8273740600585937,-0.6189583183487732
682,-29.35914990234375,-28.336621875,12.747871410522588,12.615188760818585,1.0631682522359756,1.0225280273437498,-0.13268264970400345
2125,0.40206794128417966,-0.439628125,2.517549135736279,1.9464445646020478,1.0346126991686762,-0.8416960662841797,-0.5711045711342311
1881,0.3792549072265625,-0.436082763671875,2.740477069493571,2.1406985221596417,1.0245098234280872,-0.8153376708984374,-0.5997785473339294
210,-1.093961492919922,-0.2396328857421875,2.870228792426473,2.3278373349291877,1.024065862208277,0.8543286071777345,-0.5423914574972852
1016,-1.5156400024414063,-0.65786279296875,4.212728442263828,3.6782885637819613,1.0214077248024092,0.8577772094726562,-0.5344398784818662
542,0.7504769958496094,-0.0105169921875,3.5528251071702206,2.8879247975543345,1.0212042715559253,-0.7609939880371094,-0.6649003096158861
258,0.7924900726318359,0.0351369140625,2.719192272732124,2.0521765414342004,1.0184937925938535,-0.7573531585693359,-0.6670157312979237
1427,0.8490105834960937,-0.081841162109375,6.5999383676374075,6.210093922976812,1.0184636633294764,-0.9308517456054687,-0.38984444466059553
799,-0.4270706024169922,0.32750228500366213,2.567516586965638,1.8986832324695062,1.0167182985168914,0.7545728874206543,-0.6688333544961316
449,0.8570723510742188,0.065050634765625,2.691902677468431,2.0686239901862002,1.0157747211246713,-0.7920217163085937,-0.6232786872822307
733,0.6176041137695313,-0.153971728515625,2.597762308021929,1.9495302977335076,1.0155340195606166,-0.7715758422851563,-0.6482320102884216
2044,1.0824736297607422,0.1815752197265625,2.5451319476291405,2.094448398692039,1.014733606484654,-0.9008984100341797,-0.4506835489371017
858,-1.3136965270996093,-0.47329228515625,2.7329249144739256,2.178117318928411,1.0140907579513876,0.8404042419433593,-0.5548075955455145
2060,-1.1475299255371094,-0.347061669921875,2.6296005447335418,2.0214642010409465,1.0105792407674947,0.8004682556152345,-0.6081363436925953
1121,-1.0288215087890624,-0.3220308837890625,2.56180867903937,1.8476705044624764,1.0095463199759085,0.7067906249999999,-0.7141381745768938
853,-1.5812865600585937,-0.788410009765625,2.650878889512266,2.033826432535788,1.0094069586651868,0.7928765502929687,-0.6170524569764781
153,-0.48761046142578124,0.25868974609375,3.3490021444504063,2.6770986416214844,1.0084183168574707,0.7463002075195313,-0.671903502828922
771,6.745661328125,7.5272890625,2.728742712315742,2.100475505232914,1.005661598639853,0.7816277343750002,-0.6282672070828279
1655,1.1303648681640626,0.34819306640625,2.743169359994991,2.1185740251250933,1.0019120598063025,-0.7821718017578125,-0.6245953348698978
198,-1.3157123107910156,-0.5690875,2.6195132377557724,1.9556991954371212,0.9980976908681478,0.7466248107910156,-0.6638140423186512
897,-0.5794237976074219,0.20165888671875,2.3830694401436614,1.7635830889682882,0.993853499046756,0.7810826843261719,-0.6194863511753732
934,0.7763461730957031,0.01844267272949219,2.5238512068571604,1.8762400505863328,0.9938179255937932,-0.7579035003662109,-0.6476111562708275
598,1.092902230834961,0.2878125,2.60027481708624,2.0195915928692703,0.9853624815829256,-0.8050897308349609,-0.5806832242169699
395,-0.49243075561523436,0.308586572265625,2.8219820076721107,2.2363368106101777,0.9846090564071025,0.8010173278808594,-0.585645197061933
1497,-0.9962470886230469,-0.2728466522216797,2.841225308137956,2.1635329278942725,0.982575153626038,0.7234004364013672,-0.6776923802436836
1907,-0.6037753021240234,0.247865625,3.0482101928287038,2.5425960686073448,0.980937911364798,0.8516409271240234,-0.505614124221359
1172,0.8112053466796875,0.04878486328125,2.4782504434645034,1.8531715530897361,0.9720086126976575,-0.7624204833984375,-0.6250788903747673
297,-0.9127579284667968,-0.15833719482421876,2.494306916332517,1.8613097953395745,0.9698359985351594,0.7544207336425781,-0.6329971209929424
1393,0.5125944946289063,-0.397196875,6.6604427920604135,6.284843634834234,0.9687950631602578,-0.9097913696289063,-0.37559915722617987
452,1.1108091217041016,0.3534904052734375,2.664324478799632,2.036029302661975,0.9682864666140379,-0.7573187164306641,-0.628295176137657
998,1.0159027221679688,0.231008642578125,2.538820663126002,1.9499855315532164,0.9627855283495277,-0.7848940795898438,-0.5888351315727856
2214,-1.2376789306640625,-0.487533251953125,3.1438343241034357,2.5113438858950943,0.9627626937136728,0.7501456787109375,-0.6324904382083414
1639,0.9531830749511718,0.196954638671875,2.6358817716311704,2.010746134307285,0.9626760128897709,-0.7562284362792968,-0.6251356373238854
38,-0.9342726989746094,-0.13416806640625,2.553201493095424,1.9897202912909915,0.9576784878443172,0.8001046325683594,-0.5634812018044326
1493,-0.85848935546875,-0.10493388671875,2.547830326277156,1.9238791611956365,0.957160900889618,0.75355546875,-0.6239511650815197
524,-0.8105817260742187,-0.053832012939453125,2.4940238465308737,1.875786777256163,0.9548872021549335,0.7567497131347656,-0.6182370692747108
379,-0.8693718688964843,-0.02387939453125,3.2546566379595,2.7707786013633986,0.9489954785083445,0.8454924743652343,-0.4838780365961015
1065,0.40736808013916015,-0.344428759765625,2.5330349031525956,1.9143034403233847,0.9480271115855964,-0.7517968399047852,-0.6187314628292109
1871,-1.4801721771240235,-0.75316005859375,2.5926931387198615,1.9497548341079003,0.9419162840271795,0.7270121185302735,-0.6429383046119612
2071,0.674225717163086,-0.0867982421875,2.5127347827630526,1.9125045065942787,0.9394338511352849,-0.761023959350586,-0.6002302761687739
977,-0.6731766693115234,0.1070181640625,2.64584194607992,2.074107699319239,0.9355840269425234,0.7801948333740234,-0.571734246760681
1411,0.580414990234375,-0.10385986328125,2.8665498373068568,2.1855467990619424,0.9319972132526344,-0.684274853515625,-0.6810030382449144
494,-0.15604827270507812,0.65661875,3.0667715779801346,2.550507169705254,0.9269566290437486,0.8126670227050782,-0.5162644082748806
1886,-1.2618795791625976,-0.4667640380859375,2.543174545092159,2.0002877604611795,0.9269347845885936,0.7951155410766602,-0.5428867846309795
331,-1.0205427490234376,-0.2281931640625,3.6888100228296654,3.1435164729221,0.9251629203585644,0.7923495849609375,-0.5452935499075653
1968,0.5565499633789063,-0.1760679626464844,2.5544536143296286,1.932856666232146,0.9231117914178493,-0.7326179260253907,-0.6215969480974826
1386,-0.8352891357421875,-0.1681408203125,2.8081215973677125,2.122572132330265,0.9150649437938005,0.6671483154296876,-0.6855494650374476
1036,-0.4225466720581055,0.3303221923828125,2.7233442199783426,2.134585431087544,0.9134484385407176,0.752868864440918,-0.5887587888907988
461,0.28142356567382815,-0.44700576171875,2.7093764483580856,2.091804169546895,0.9120048045616507,-0.7284293273925782,-0.6175722788111906
1229,-0.8516962005615234,-0.120544580078125,2.562753086535743,1.9516002349290007,0.9080905001625521,0.7311516204833984,-0.6111528516067422
2161,1.0151489715576172,0.28370701904296874,2.6211771638637265,2.021759663991369,0.8943086690516692,-0.7314419525146485,-0.5994174998723576
1072,-0.6885170257568359,0.0835544921875,2.9045223896425267,2.3598809937649827,0.8927286789243107,0.7720715179443359,-0.544641395877544
1453,-0.6295746032714844,0.0555458251953125,2.7488037238377165,2.099131655109072,0.8914637983886837,0.6851204284667969,-0.6496720687286444
1092,-0.8703235565185546,-0.09998779296875,2.490978657076143,1.9457724229533129,0.8906670263302587,0.7703357635498046,-0.5452062341228301
1550,0.5813666870117188,-0.148603271484375,2.670740219808158,2.0735654252202873,0.8894738755978543,-0.7299699584960938,-0.5971747945878705
599,-0.8942081237792969,-0.0680464599609375,2.5382754949736848,2.085409019240259,0.8876311396063334,0.8261616638183594,-0.45286647573342576
1627,-0.9724131286621094,-0.2838462646484375,2.505338452423456,1.8678915794042366,0.8804628421396037,0.688566864013672,-0.6374468730192195
1284,0.9429430084228516,0.1929900634765625,2.7226620353156847,2.1590566082135503,0.8800804970925913,-0.7499529449462892,-0.5636054271021345
2063,1.0503476760864259,0.3349364990234375,2.5235227909983995,1.9188863506172058,0.8773983773034914,-0.7154111770629884,-0.6046364403811937
816,-1.3999459411621094,-0.7940318237304688,2.829074861702406,2.1149725927279053,0.8770739682574944,0.6059141174316406,-0.7141022689745009
909,0.8464083862304688,0.06722962646484375,2.7458745285603876,2.2263311694930823,0.8770448416208365,-0.779178759765625,-0.5195433590673053
1785,0.7449693572998047,0.049060546875,2.6736259392470876,2.0477225090885582,0.87604417631108,-0.6959088104248048,-0.6259034301585293
246,1.7687062103271485,1.0114583129882813,2.8456804839845566,2.2997731809737103,0.8714391615047116,-0.7572478973388672,-0.5459073030108463
1223,-1.3745258972167969,-0.6373199951171875,2.5516010800986884,1.9792387975481491,0.871071124576962,0.7372059020996093,-0.5723622825505392
1469,-0.14009403076171875,0.6268575134277343,2.8837756116786797,2.352999077275003,0.8699384006081641,0.7669515441894531,-0.5307765344036768
1931,-0.3006651489257812,0.439220166015625,2.4884074642695353,1.9229387656304897,0.8671851284064795,0.7398853149414062,-0.5654686986390456
1058,0.8413564331054687,0.1232832275390625,2.619431272301998,2.0278574005734615,0.8655887742643051,-0.7180732055664062,-0.5915738717285364
48,1.0559263061523438,0.27293577270507813,3.3597189968358783,2.8604631871668182,0.8623305389563425,-0.7829905334472658,-0.49925580966906
1751,-1.359232015991211,-0.6095427612304688,2.5738344809389875,2.0260053223996,0.8621507656496905,0.7496892547607422,-0.5478291585393875
850,-0.8507269744873047,-0.08030517578125,2.5866708264484775,2.0688226519891013,0.8617164797123813,0.7704217987060548,-0.5178481744593761
1099,1.064388037109375,0.327734765625,2.6422654055982084,2.078060042066141,0.8609857346269846,-0.736653271484375,-0.5642053635320674
1240,-0.980830143737793,-0.22908095703125,2.9935626290280624,2.4514450552715417,0.8590183034896055,0.751749186706543,-0.5421175737565207
1061,0.40906993408203124,-0.29348572998046873,2.5774035303573033,1.973023376855573,0.8588598310530753,-0.7025556640624999,-0.6043801535017304
107,0.9695675415039062,0.20798193359375,2.7927296428664627,2.2684347531215474,0.854897769588515,-0.7615856079101562,-0.5242948897449153
205,-0.8537838439941406,-0.1928073486328125,2.6515434486335923,2.005108174487011,0.8547684910811095,0.6609764953613282,-0.6464352741465813
64,-1.5894369506835937,-2.38036171875,4.166327054321391,3.692790619307869,0.8497987440262142,-0.7909247680664064,-0.47353643501352183
495,0.6050969696044922,-0.0715324951171875,2.5273987250917855,1.9030970939380378,0.8475799591907769,-0.6766294647216797,-0.6243016311537477
115,-0.9273177040100098,-0.1535747802734375,2.667690908218046,2.171801278640269,0.844584636755204,0.7737429237365723,-0.49588962957777705
492,-0.6393994247436523,0.059099658203125,2.4911756809526677,1.8956208879893939,0.8425864802990168,0.6984990829467773,-0.5955547929632738
1727,-0.5533628204345703,0.12832841796875,2.554275567861337,1.9397171647301508,0.8423849753750062,0.6816912384033202,-0.6145584031311864
834,0.07619022521972656,-0.578421533203125,2.5296530251880136,1.8877375562737042,0.8405720234969354,-0.6546117584228515,-0.6419154689143094
328,1.1668806915283203,0.462556396484375,2.667895402172111,2.0815893094154925,0.8398275469926828,-0.7043242950439452,-0.5863060927566184
427,-1.7999443237304686,-1.103403564453125,2.6337699598927027,2.0392914703739318,0.8385737038351777,0.6965407592773436,-0.5944784895187709
2235,-1.2220786560058594,-0.3940779296875,4.206929979947496,3.8182316409508967,0.836671601522446,0.8280007263183594,-0.38869833899659945
2123,1.1345188110351563,0.41594677734375,2.4464570825874157,1.8810667684815043,0.8360119748881847,-0.7185720336914063,-0.5653903141059113
113,-8.6301638671875,-7.75181875,16.42788526273314,16.177087988686733,0.8343894175562327,0.8783451171875001,-0.25079727404640906
1369,-0.8616044403076172,-0.2172265380859375,2.6506143184650512,2.0035444881103035,0.8339222462269347,0.6443779022216797,-0.6470698303547477
1784,-0.7429218444824218,0.006220556640625,2.7034068711715884,2.1824510948498252,0.832609258043415,0.7491424011230469,-0.5209557763217632
316,1.567726791381836,0.87374287109375,2.762804740194879,2.173246875350101,0.8291921576187542,-0.693983920288086,-0.5895578648447781
922,0.3863663146972656,-0.28413736572265624,2.481904780918443,1.8696676844474907,0.8244094477518427,-0.6705036804199218,-0.6122370964709523
2257,-8.304629833984375,-7.47788046875,12.732670243929922,12.359311283614977,0.8229114261628999,0.8267493652343756,-0.3733589603149454
1299,1.360551953125,0.698274072265625,2.8513841029205755,2.2382865014211846,0.8145006604398907,-0.6622778808593751,-0.613097601499391
1595,0.6238639343261718,-0.05778134765625,2.6236866403262433,2.0327194450460655,0.8138825163462151,-0.6816452819824218,-0.5909671952801778
1044,0.33870922546386717,-0.2787205238342285,2.515420845884229,1.857919508731493,0.8135275036759452,-0.6174297492980957,-0.6575013371527361
2082,-0.5437914672851563,0.162220947265625,2.579601368725595,2.018831458969007,0.8129164211882365,0.7060124145507812,-0.5607699097565884
1737,-0.7653129272460938,-0.1400072509765625,2.6020680285176736,1.9529311528526243,0.8123858721230774,0.6253056762695313,-0.6491368756650493
920,-0.3861822021484375,0.288464892578125,2.4022064603677156,1.8079800090726974,0.8082537778416621,0.6746470947265626,-0.5942264512950182
1659,-0.45735518798828123,0.152952490234375,2.4998861072300866,1.8401811980442333,0.8076860293014443,0.6103076782226562,-0.6597049091858533
761,0.9962739135742188,0.322490234375,2.6524328062570968,2.060525670641222,0.8043385035482256,-0.6737836791992188,-0.5919071356158749
641,-11.63254765625,-12.2764625,2.6663661325312105,2.042634378650206,0.803667626801059,-0.6439148437499984,-0.6237317538810045
1852,1.1140419082641602,0.46808125,3.054584883340251,2.433184485160099,0.8034036268835184,-0.6459606582641602,-0.6214003981801519
767,0.7344663909912109,0.1026666015625,2.8561574635792497,2.222400055182539,0.8008194266198787,-0.631799789428711,-0.6337574083967108
272,0.5237390258789062,-0.1883308837890625,2.4836021167821936,1.9422495262164623,0.8001061835667773,-0.7120699096679687,-0.5413525905657313
1173,1.4502422393798828,0.76026279296875,2.8677207084423837,2.2987787021957136,0.7997666429417993,-0.6899794464111328,-0.5689420062466701
629,1.381980145263672,0.7237203857421876,3.1475299561233028,2.5426392339803194,0.7991986967399424,-0.6582597595214844,-0.6048907221429833
1194,0.29463663940429685,-0.351608251953125,2.875958178717776,2.2595180589341064,0.7976308808844709,-0.6462448913574219,-0.6164401197836695
796,-0.24663251953125,0.32399632568359377,2.6041479681901483,1.9173519539338975,0.7973060441894984,0.5706288452148438,-0.6867960142562508
1925,0.611101025390625,-0.0169318115234375,2.617958299242056,1.9841833784563456,0.7960958944592587,-0.6280328369140625,-0.6337749207857102
187,-0.5274774940490723,0.12267197265625,2.62147222643547,2.0104327892701077,0.796063522828578,0.6501494667053223,-0.6110394371653625
351,0.800910791015625,0.0711181884765625,2.5531730648821007,2.0402366915174612,0.7957009658412069,-0.7297926025390625,-0.5129363733646395
773,0.86806142578125,0.2290211181640625,2.6118666826195835,1.9896255444578754,0.7955565487802476,-0.6390403076171876,-0.6222411381617081
1700,1.2988735534667968,0.6865978759765625,2.5977734492024354,1.9493983333575082,0.795271796093048,-0.6122756774902343,-0.6483751158449271
2014,-1.1984677307128906,-0.573623291015625,2.67068881777092,2.0349421859783554,0.7946043536561804,0.6248444396972656,-0.6357466317925646
1549,1.167483740234375,0.4659456787109375,2.8548353985838926,2.305197967224957,0.7942569577169107,-0.7015380615234375,-0.5496374313589354
745,0.6908553771972656,0.019846661376953127,2.7766951373764908,2.1904487427492554,0.7939375319202571,-0.6710087158203125,-0.5862463946272354
256,0.5591145874023438,-0.1368282958984375,2.5440581845956705,1.9887768732883493,0.7926738315041829,-0.6959428833007812,-0.5552813113073212
467,-1.036192288208008,-0.3391130615234375,2.4873251075263605,1.9353679026299595,0.7905762043122063,0.6970792266845705,-0.551957204896401
219,-1.0189924621582032,-0.33662686767578126,2.5103038503835844,1.9405289665938543,0.7902662227309494,0.6823655944824218,-0.5697748837897301
600,0.7542481018066406,0.09888500366210938,2.5390073709762957,1.9387613150059828,0.7897961181175144,-0.6553630981445312,-0.6002460559703129
1676,-1.0019533813476562,-0.37586171875,2.672542259013857,2.042343211598557,0.7891416093374488,0.6260916625976563,-0.6301990474152999
1792,0.7962386047363281,0.0739709228515625,2.6733500268545463,2.156195078149951,0.7891198452648458,-0.7222676818847656,-0.5171549487045954
84,1.1806947937011718,0.5457354736328125,2.6054360327148363,1.9853360051202813,0.787697382364441,-0.6349593200683593,-0.620100027594555
1221,-0.5327750244140625,0.093449365234375,2.4838238702337283,1.8594765384109875,0.7819665769447337,0.6262243896484375,-0.6243473318227408
1721,0.17322650146484375,-0.5256189453125,2.5836452235044525,2.0456311351003613,0.7778441178027103,-0.6988454467773437,-0.5380140884040912
255,0.7468123168945312,0.0461537109375,2.497642941967214,1.9633113867077496,0.7764326930476483,-0.7006586059570312,-0.5343315552594643
1023,1.203958642578125,0.5290236572265625,2.5832176102651534,2.0173088606120553,0.7757899473854468,-0.6749349853515625,-0.5659087496530981
1633,-1.8028385681152344,-1.15185849609375,2.559645088488248,1.9681058129823643,0.7736937686351228,0.6509800720214844,-0.5915392755058837
1002,1.0378149536132812,0.363666943359375,4.271590737180804,3.70781652082885,0.7723169067525608,-0.6741480102539062,-0.5637742163519541
944,-0.24217985076904297,-0.84714794921875,2.491570045732745,1.8550192440915778,0.771183323211867,-0.604968098449707,-0.6365508016411672
2264,0.571255859375,-0.1427206832885742,2.545982070716298,2.035580112324121,0.7702726626044003,-0.7139765426635742,-0.5104019583921771
2275,-1.2593943664550782,-0.5871828125,2.696900679666462,2.1327089499049907,0.770180681201942,0.6722115539550781,-0.5641917297614714
2159,1.3930446258544922,0.7009349609375,2.521097587822867,1.9817536161875635,0.7699077080108543,-0.6921096649169922,-0.5393439716353035
1175,-0.7903455322265625,-0.15076000175476073,2.5230501989630882,1.9227291417417482,0.7694550225322434,0.6395855304718017,-0.60032105722134
1761,-1.022842889404297,-0.3906247802734375,2.6032904911206955,1.9961572480943142,0.7683105123007303,0.6322181091308594,-0.6071332430263814
1758,-1.5897620391845704,-0.89490244140625,2.7926351718741076,2.2595308251151307,0.7670301051579647,0.6948595977783204,-0.5331043467589769
2107,0.9503445434570312,0.34400777587890624,2.48218678122172,1.8514505214813155,0.7654725050684046,-0.606336767578125,-0.6307362597404047
1846,-0.5020213928222657,0.221481005859375,3.071357978361256,2.5799332752689175,0.7649539597074808,0.7235023986816407,-0.49142470309233843
1051,-0.6319042343139648,0.01421103515625,2.6401531745636326,2.0518177011175913,0.7636035707575459,0.6461152694702148,-0.5883354734460413
1877,-0.9943557434082031,-0.416941259765625,2.5266278107954245,1.8711039998084127,0.7631189526911607,0.5774144836425781,-0.6555238109870118
98,-0.9760943237304688,-0.4821140625,2.9315947116148027,2.2121181131693666,0.7616630741959376,0.4939802612304688,-0.7194765984454361
63,0.7249370544433594,0.10761001586914062,2.8161767168789718,2.2002706451357064,0.7604329617650354,-0.6173270385742188,-0.6159060717432654
1542,0.0813251983642578,-0.53648984375,2.4690288515449508,1.8541329336070949,0.7597924161592805,-0.6178150421142578,-0.6148959179378559
1518,-0.9165390594482422,-0.246440966796875,2.7478704985347155,2.1909921853798426,0.759144909437217,0.6700980926513672,-0.5568783131548729
1911,-0.6417684631347657,0.005662195587158203,2.55944800243194,1.9816701228705378,0.7529937359635746,0.6474306587219238,-0.5777778795614024
1712,1.0591640197753907,0.4840826171875,2.777953436827524,2.1281336123836145,0.752984423842769,-0.5750814025878906,-0.6498198244439095
1012,-0.7545543792724609,-0.17518130493164064,2.5740194093364246,1.9281782456940604,0.7527839679260567,0.5793730743408203,-0.6458411636423642
710,0.17657444458007812,-0.403987109375,2.5359247145018204,1.8920469393533166,0.7516303072609225,-0.5805615539550781,-0.6438777751485039
2091,-0.687906396484375,-0.06106689453125,2.576918368104205,1.9783612068115732,0.7511984365435354,0.626839501953125,-0.5985571612926317
1615,0.8396170104980468,0.1780154296875,2.6015071394171585,2.042371647856168,0.7503491496541651,-0.6616015808105469,-0.5591354915609905
829,-0.4555544006347656,0.211531005859375,2.4592190059470838,1.9083421598174628,0.7484682391591708,0.6670854064941406,-0.550876846129621
1874,1.148563995361328,0.4881248291015625,2.5538040034636387,1.996501750957804,0.7467656929779712,-0.6604391662597655,-0.5573022525058346
918,0.55338037109375,-0.065885693359375,2.5457813701839656,1.9433466347453805,0.74641806904622,-0.619266064453125,-0.6024347354385851
748,-0.44296641235351564,0.12369330444335938,2.630208015944682,1.9791625927925016,0.7449633776477164,0.566659716796875,-0.6510454231521805
1974,0.3507631439208984,-0.259598388671875,2.5847515011025965,1.9751201017593034,0.7441916435342608,-0.6103615325927734,-0.6096313993432931
940,-0.9207112121582032,-0.295859619140625,2.5076940489471222,1.9133548173747534,0.743678635482639,0.6248515930175782,-0.5943392315723688
646,0.5546076721191406,-0.0330683837890625,2.4907983717650937,1.859680305384878,0.7436731603993239,-0.5876760559082032,-0.6311180663802156
1951,-1.1803707153320313,-0.5727623046875,2.7004953548830195,2.090463024445165,0.7413274248654129,0.6076084106445313,-0.6100323304378543
762,0.923803434753418,0.35154954833984375,2.6840975026212157,2.041310011837049,0.7406502688240453,-0.5722538864135742,-0.6427874907841669
2150,-1.1759875762939453,-0.5821403228759766,2.7044743972787537,2.0818727123649654,0.7402874184495534,0.5938472534179687,-0.6226016849137883
2222,1.4729368255615234,0.8462620849609375,2.482854985735687,1.8938175172051928,0.7396863698396247,-0.6266747406005859,-0.5890374685304942
1757,0.5238195373535156,-0.08697314453125,2.4498320587647995,1.84450981884222,0.7394827143888735,-0.6107926818847657,-0.6053222399225795
109,-0.9665892837524414,-0.41945576171875,2.557905763552724,1.8956631022131516,0.7379204334311115,0.5471335220336914,-0.6622426613395724
512,-0.3950807098388672,0.23947586975097657,2.6683812308720527,2.0897419558689894,0.7374854632768325,0.6345565795898438,-0.5786392750030633
1054,-1.5444243041992187,-0.9282146484375,2.712408449781486,2.115047038151061,0.73655499595907,0.6162096557617187,-0.5973614116304251
1934,-0.488751025390625,0.20371908874511718,3.631964269409815,3.1266724011801705,0.7348347310701719,0.6924701141357421,-0.5052918682296443
1864,-0.7085880294799805,-0.17535936889648437,2.649020143262378,1.9778271839456216,0.7348327931040544,0.533228660583496,-0.6711929593167565
1702,0.8697955261230469,0.205226904296875,2.891366619931234,2.353750811365397,0.7306822107358364,-0.6645686218261719,-0.5376158085658371
175,0.5543713256835937,0.05031515121459961,2.606798863762403,1.9168811023441514,0.7300591445406883,-0.5040561744689941,-0.6899177614182515
720,-0.0037894775390625,0.59930302734375,2.6059342229962317,2.0016048783883176,0.7289345262000562,0.6030925048828124,-0.6043293446079141
482,2.150702947998047,2.820201171875,2.7827378633420707,2.254288106016037,0.7274870177923384,0.6694982238769529,-0.5284497573260336
431,0.30009574584960935,-0.31728247375488283,2.5564435213138674,1.9693279130351689,0.7258606035264787,-0.6173782196044921,-0.5871156082786986
1133,0.3064318725585938,-0.30022491760253905,2.514083020527665,1.9163668216882286,0.7252971154036737,-0.6066567901611328,-0.5977161988394366
1081,0.4027248260498047,-0.17328475341796876,2.4219100743957434,1.795962540840964,0.7235973504019527,-0.5760095794677734,-0.6259475335547793
841,-0.41476607666015625,0.172835400390625,2.7000948689526827,2.0855522022514013,0.7229381850285821,0.5876014770507813,-0.6145426667012814
1914,1.112340301513672,0.484539892578125,2.6626745933172904,2.090330743820348,0.7217108355166189,-0.6278004089355469,-0.5723438494969426
313,-0.3063087829589844,0.27972958984375,2.588208917985958,1.9739046804113078,0.7208106706994493,0.5860383728027344,-0.6143042375746504
965,1.5851741775512695,0.98788310546875,2.459014633123288,1.8557079428937777,0.7207355872651716,-0.5972910720825195,-0.6033066902295101
1523,-1.0481674865722657,-0.382980517578125,2.7215287638514707,2.1948678129466557,0.7198454609275757,0.6651869689941406,-0.526660950904815
383,-0.751801431274414,-0.0098315673828125,3.287532060810344,2.876965775082681,0.7190839538995307,0.7419698638916015,-0.41056628572766307
2038,-0.5192126770019532,0.092833935546875,2.545668935107836,1.9589304799143648,0.7188630707353166,0.6120466125488282,-0.5867384551934713
2111,0.6278866821289063,0.009475286865234375,2.524641899228102,1.9447915457140454,0.718659086262338,-0.618411395263672,-0.5798503535140567
16,-0.634902978515625,0.008787548828125,2.935028761372724,2.3844329689443677,0.7174932216318846,0.6436905273437501,-0.5505957924283562
1426,-0.3960552307128906,0.21400380859375,2.4810970672888146,1.895100188771805,0.7155643730714202,0.6100590393066406,-0.5859968785170095
2148,1.2697515075683594,0.658971630859375,2.682571322293546,2.1014046632304977,0.7108067433991474,-0.6107798767089844,-0.5811666590630482
147,0.9609345123291015,0.404763623046875,2.3927124918088385,1.759555079650844,0.7102143666555913,-0.5561708892822266,-0.6331574121579946
759,-0.5291060180664062,0.0880421875,2.592836966313712,2.0217688843682673,0.7069906618506843,0.6171482055664063,-0.5710680819454446
1000,0.3555223114013672,-0.216630908203125,2.711199385041423,2.0954726586611887,0.706478708282706,-0.5721532196044922,-0.6157267263802342
820,-0.34912366638183595,-1.001007421875,2.743964242731988,2.213468863914169,0.7063777776229325,-0.651883755493164,-0.530495378817819
2168,0.800998974609375,0.1939450439453125,2.6506112220012166,2.0712338937001684,0.7041925632839489,-0.6070539306640624,-0.5793773283010482
674,0.6711666336059571,0.0046966796875,2.863251597592329,2.355160261251443,0.7023390055407377,-0.6664699539184571,-0.5080913363408861
959,-0.27000767517089846,0.3335634765625,2.424176698759243,1.842892761640377,0.7021891507571909,0.6035711517333985,-0.5812839371188661
2059,0.8056893005371094,0.222058837890625,2.8566868233032494,2.256225735281494,0.7011780351572197,-0.5836304626464844,-0.6004610880217554
1607,0.6157504516601563,0.0705920654296875,2.7909940433421903,2.1555249357922865,0.70101865272768,-0.5451583862304688,-0.6354691075499037
1866,-0.6855502502441406,-0.11633588256835938,2.587081069823374,1.9741129250809586,0.6997349428374984,0.5692143676757813,-0.6129681447424156
2179,-1.0369516418457032,-0.403007177734375,2.58739616448073,2.04311941285151,0.6981227659414544,0.6339444641113282,-0.5442767516292197
2240,-1.5508983047485352,-0.875963818359375,2.987505643594722,2.495334903882507,0.6977685979462687,0.6749344863891602,-0.49217073971221525
1198,-0.6656809265136718,-0.0600796142578125,2.7241045346399893,2.149191631538297,0.6972777955588347,0.6056013122558593,-0.5749129031016924
776,0.8544082153320313,0.27502041015625,2.672779756541917,2.073465013514535,0.6948683899963859,-0.5793878051757813,-0.599314743027382
1693,0.21251939697265626,0.8468998046875,2.7550511273979374,2.2148364400634355,0.6942704101043652,0.6343804077148438,-0.540214687334502
305,-0.9134984680175782,-0.2467908203125,3.164883710160613,2.666691718979342,0.6926943475855983,0.6667076477050782,-0.4981919911812711
2301,0.7401509735107422,0.13892939453125,2.6160143358542,2.0421730073590774,0.6907612573196409,-0.6012215789794922,-0.5738413284951225
2209,1.0138798400878906,0.41734072265625,2.6577664620670003,2.0797437888359815,0.6899691293952537,-0.5965391174316406,-0.5780226732310187
2245,1.404859066772461,0.722088330078125,2.8033577211291374,2.3306695863872733,0.689609951611869,-0.682770736694336,-0.4726881347418641
2210,0.4637080383300781,-0.09251284790039062,2.5456675132164364,1.929749358855952,0.6887368471498334,-0.5562208862304687,-0.6159181543604844
1495,0.429583740234375,-0.14589833984375,2.6868112759695943,2.090399033103368,0.686887187931768,-0.5754820800781251,-0.5964122428662262
1753,0.26046300354003904,-0.43493667907714845,2.894104414736404,2.4455568635055553,0.684775624299276,-0.6953996826171875,-0.44854755123084855
1720,1.3092162536621095,0.679380419921875,2.9569261447686688,2.422256582758337,0.6825647180035761,-0.6298358337402344,-0.5346695620103317
1445,0.44511478881835936,-0.20898330078125,2.5140721053282644,2.0097595455330657,0.6821754687850445,-0.6540980895996094,-0.5043125597951987
121,-0.5135625732421875,0.04224296875,2.6419261889247023,2.0312535101883715,0.6818409210642351,0.5558055419921875,-0.6106726787363308
1378,0.3541665344238281,-0.18075263671875,2.814289162829013,2.1854061735102297,0.6816323339103917,-0.5349191711425781,-0.6288829893187833
1918,0.9156312561035156,0.3362986328125,2.4839222836216015,1.8958476517148894,0.6814580611014647,-0.5793326232910156,-0.588074631906712
234,-0.8670904403686523,-0.284287060546875,2.5559799703470794,1.9736856125520192,0.6787264986516484,0.5828033798217773,-0.5822943577950601
1295,-0.3924894744873047,0.09329912109375,2.546280963540756,1.8810050948491082,0.6785825410600401,0.4857885955810547,-0.6652758686916478
582,-0.6854731048583984,-0.11032891845703124,2.7099924531724273,2.121069082927374,0.6776215711720825,0.5751441864013671,-0.5889233702450531
1890,0.5896960426330566,-0.029821484375,2.5381657007830736,1.9961477886530787,0.677585383339937,-0.6195175270080566,-0.5420179121299948
1831,-0.7843352478027343,-0.2070326904296875,2.563225078116925,1.97811768892581,0.6756288996355029,0.5773025573730468,-0.5851073891911149
1256,-1.328733383178711,-0.5505998046875,4.630423801735989,4.368599305385255,0.6740439328648529,0.7781335784912109,-0.2618244963507337
1521,1.1242000915527344,0.621760986328125,2.563119825715154,1.914084022748356,0.6736925279916622,-0.5024391052246093,-0.649035802966798
1243,-0.5382681915283203,0.04560139770507812,2.564848707758252,1.9889794452171143,0.6725291047712512,0.5838695892333984,-0.5758692625411377
511,0.9369583923339844,0.38271240234375,2.642141949777623,2.038063315609162,0.672099613679088,-0.5542459899902343,-0.6040786341684607
2090,0.4638427062988281,-0.11152180786132812,2.4938848759626606,1.91045021716097,0.6714403252457977,-0.5753645141601562,-0.5834346588016905
1731,-0.7984563995361328,-0.244021240234375,2.5972304763800134,1.9951222084266624,0.6699327122077499,0.5544351593017578,-0.6021082679533509
694,0.34130740966796874,-0.091778271484375,2.7530780111399302,2.058631028265168,0.6698198192430498,-0.43308568115234375,-0.6944469828747621
1747,-1.0291466064453125,-0.5516609375,2.567656832969379,1.9029559968305967,0.6698197656117492,0.4774856689453125,-0.6647008361387825
1941,0.4750622573852539,-0.041014501953125,2.565343111144354,1.930754226491433,0.6690382740542414,-0.5160767593383789,-0.6345888846529211
239,1.6467203491210938,1.11048349609375,2.4307334960572455,1.8136728917741631,0.6683137519028719,-0.5362368530273438,-0.6170606042830824
1544,0.6421842391967774,0.0771128173828125,2.562979104316555,1.9723504187675571,0.6681479559441926,-0.5650714218139649,-0.5906286855489977
1176,0.35740445556640627,-0.12950804443359376,2.5694263710390444,1.9136768611317652,0.667091202399887,-0.4869125,-0.6557495099072792
1063,1.0385347106933593,0.5159513671875,2.506104399799802,1.878428337878346,0.6670705896189902,-0.5225833435058593,-0.6276760619214559
1420,0.7100198547363281,0.123152294921875,2.456269936044196,1.8888182383988883,0.6664149619231127,-0.5868675598144532,-0.5674516976453079
152,-1.0482673034667969,-0.4530211669921875,2.439291125519808,1.8809108935456713,0.6661064464474402,0.5952461364746093,-0.5583802319741369
1181,-0.40228634338378905,0.1672326171875,2.6155858686239384,2.032240859865683,0.6646432456933706,0.569518960571289,-0.5833450087582555
2128,-0.7263964172363281,-0.0058224609375,3.8638887614989046,3.4834556069449567,0.6639562115800134,0.720573956298828,-0.3804331545539479
120,-0.3883229125976562,-0.9523409538269043,2.5998682094618584,2.013404447949997,0.6620560943987192,-0.5640180412292481,-0.5864637615118613
283,0.9667060607910156,0.4023115234375,2.674897659181479,2.089292825220239,0.66147421535326,-0.5643945373535156,-0.5856048339612396
774,0.7311268432617187,0.13611923828125,2.7379278604050317,2.1850880736329237,0.6596658798228232,-0.5950076049804687,-0.552839786772108
786,0.5453758117675781,-0.0035553466796875,2.5862296946041203,1.9883176843444224,0.6588241887270502,-0.5489311584472656,-0.597912010259698
1637,-0.5648206909179687,0.130361865234375,2.6996183645497993,2.2837440777135916,0.6562302088300309,0.6951825561523437,-0.41587428683620775
2081,0.8050709045410156,0.23305955200195314,2.3411975798219498,1.7679035246754085,0.6558630610999331,-0.5720113525390624,-0.5732940551465413
1848,0.4798695129394531,-0.05504844055175781,2.6253772666517348,2.0182136852720656,0.6547848315210115,-0.534917953491211,-0.6071635813796692
572,0.8281448150634766,0.311827197265625,2.549200609735072,1.9273591356713484,0.6532707013141931,-0.5163176177978516,-0.6218414740637237
939,-0.8110115692138672,-0.27020869140625,2.56291184722707,1.9640764203801266,0.6510716210919615,0.5408028778076173,-0.5988354268469434
738,-0.35768167114257815,0.087496875,2.697404449791209,2.0244895687889137,0.6509983750199526,0.4451785461425781,-0.6729148810022951
758,-0.3674704833984375,0.1764806640625,2.764242855549451,2.1686191247719573,0.650650479489371,0.5439511474609375,-0.5956237307774939
2050,0.3012278503417969,-0.1721110107421875,2.7319496263999747,2.078907288021608,0.6505139731269688,-0.4733388610839844,-0.6530423383783668
299,-0.46887092247009277,0.02256820068359375,2.4545872531799167,1.8159965803710758,0.6493104591645124,0.49143912315368654,-0.6385906728088409
852,-0.33536499633789063,0.2372560546875,2.477085532507967,1.9115846908313947,0.6476860700143345,0.5726210510253906,-0.5655008416765721
955,0.30373497314453124,-0.20402066650390624,2.667327076361754,2.044054085929504,0.6462850101971536,-0.5077556396484375,-0.62327299043225
1900,0.5629544830322266,-0.0070859375,2.6118245056006564,2.0450587170511993,0.6461695401106455,-0.5700404205322266,-0.566765788549457
1710,-0.6065402465820312,0.024510400390625,2.6136909414831835,2.116225410070295,0.6456968739885155,0.6310506469726562,-0.4974655314128884
1115,0.6826566162109375,0.21813441162109376,2.575745815642165,1.92017585405514,0.6455528530922221,-0.4645222045898438,-0.655569961587025
42,0.515935791015625,-0.044462353515625,2.579783320405052,2.0050470970293635,0.6443678068542174,-0.56039814453125,-0.5747362233756887
1723,0.5838125305175781,0.132042919921875,2.650585223316082,1.9876383075459818,0.6435943941868816,-0.4517696105957031,-0.6629469157701002
1858,-0.6115955505371093,-0.04176748046875,2.608203681865945,2.0437155680083867,0.6433508601242948,0.5698280700683593,-0.5644881138575584
2248,-0.6945787256240845,-0.24786431884765625,2.6825602387008955,2.017491654901436,0.6418699823786351,0.44671440677642826,-0.6650685837994597
830,-0.17177552490234374,0.225331982421875,2.7457665283996175,2.05023222945929,0.6414623333756673,0.39710750732421873,-0.6955342989403275
2032,-0.6888884582519531,-0.1706844482421875,2.5931527730154427,1.9830383098664772,0.6407750541337516,0.5182040100097656,-0.6101144631489654
2280,-0.4398225769042969,0.1206436279296875,2.5016105854672808,1.935679793565695,0.6344000279833656,0.5604662048339843,-0.5659307919015857
1154,-0.9173152862548828,-0.44897666015625,2.567734192134986,1.9252040029517707,0.6321861127077733,0.4683386260986328,-0.6425301891832151
402,1.371255062866211,0.7737268585205078,2.593454560459384,2.069769384629975,0.6312861183720797,-0.5975282043457032,-0.5236851758294092
2203,-0.4225418060302734,0.102047021484375,2.4594375060544706,1.8627240499069904,0.6312603867006644,0.5245888275146484,-0.5967134561474803
1492,0.5776108142852783,0.09904453125,2.5046087564438784,1.8705975850249854,0.6309958527421589,-0.47856628303527826,-0.634011171418893
2221,0.37559216003417967,-0.16804462890625,2.494495272106223,1.9153923785650298,0.6309011195972438,-0.5436367889404297,-0.5791028935411933
887,-0.32964017333984375,0.1456388427734375,2.6174470940487455,1.9812674031343667,0.6306147422895233,0.47527901611328127,-0.6361796909143789
2155,-1.4410542877197265,-0.85698359375,3.341374009175712,2.8039037725699263,0.6300128307913571,0.5840706939697266,-0.5374702366057855
1504,-1.3027540588378905,-0.8122203125,2.667995887749186,2.0458293433652286,0.6277145652469608,0.4905337463378905,-0.6221665443839575
1487,0.676661557006836,0.035889697265625,2.9038960848893822,2.439788007843758,0.6259848834151971,-0.640771859741211,-0.46410807704562407
170,-0.6940040481567383,-0.18529716796875,2.518477519826199,1.9134283991106091,0.6248671284293046,0.5087068801879884,-0.6050491207155897
905,-0.1286908203125,0.455692822265625,2.5939311309511255,2.0622613582556553,0.6241769889109308,0.584383642578125,-0.5316697726954702
1050,1.2843889282226562,0.672614013671875,2.7866408303121726,2.287286202675605,0.6236235902156706,-0.6117749145507811,-0.49935462763656746
472,0.29781866455078126,0.8286635009765625,2.4569508483854907,1.8729596293712274,0.6228419842456796,0.5308448364257812,-0.5839912190142633
1031,-0.5931238403320312,0.004644610595703125,2.4653300515004437,1.950233194658845,0.6226518928526377,0.5977684509277343,-0.5150968568415988
315,-1.0802687591552735,-0.54519111328125,2.4880889820678966,1.9087611911921498,0.62192877639506,0.5350776458740235,-0.5793277908757468
1573,-0.7049526306152344,-0.2200629150390625,2.5976135817695156,1.9762315471624752,0.6212336692039261,0.4848897155761719,-0.6213820346070404
1663,0.05059083862304688,0.600314794921875,2.613847624130585,2.049571724945431,0.6206037185300497,0.5497239562988281,-0.5642758991851538
1443,0.12152684326171875,0.8239798828125,6.957668712920892,6.601653085559488,0.6201873996996655,0.7024530395507813,-0.3560156273614039
1739,-1.5370219635009765,-0.965164892578125,3.1586084962110705,2.61717615203815,0.6201694928810474,0.5718570709228515,-0.5414323441729207
1961,-0.6123432861328125,-0.04672978515625,3.089029306657936,2.541896494295582,0.6192729468505025,0.5656135009765625,-0.5471328123623538
1112,-0.9669589111328125,-0.506546875,2.6123767980701778,1.9749976772304327,0.6182313866984086,0.46041203613281256,-0.637379120839745
2067,0.8184246765136719,0.194664111328125,2.6258056962586522,2.1479111113893232,0.6174604769280212,-0.6237605651855469,-0.477894584869329
837,-0.5808811401367188,-0.0686420166015625,2.6085045872604518,2.0131319499070663,0.6168574969891909,0.5122391235351562,-0.5953726373533854
432,-0.14622543640136718,0.23017509765625,2.5746247065902303,1.8865922361502636,0.6150660424185832,0.3764005340576172,-0.6880324704399667
2207,0.975126318359375,0.4525056884765625,2.563983167244145,1.9792367301936806,0.6150607184223206,-0.5226206298828125,-0.5847464370504645
1129,0.8451681549072265,0.2945374755859375,2.413691959444856,1.8554389522295887,0.6148405650747135,-0.550630679321289,-0.5582530072152674
1566,-0.45059561767578127,0.055911386108398436,2.5898086858144667,1.9913021899617287,0.6147593704603505,0.5065070037841797,-0.598506495852738
741,-0.8210529418945313,-0.3349921142578125,2.5685066573590576,1.9532837241152758,0.6147543857519747,0.48606082763671876,-0.6152229332437817
886,-0.05590423583984375,0.43387822265625,2.6095362482648974,1.9981452068263619,0.6136858622017748,0.4897824584960937,-0.6113910414385355
307,0.3370811279296875,0.86194853515625,2.8377948253417244,2.256469510755962,0.6134249165469698,0.5248674072265626,-0.5813253145857624
794,0.6751618194580078,0.0848775390625,2.7800200715508336,2.266118526386545,0.6125303298042858,-0.5902842803955078,-0.5139015451642885
1396,0.9335231323242188,0.48369482421875,2.6581163557734633,2.0187274839752436,0.6111636361524287,-0.4498283081054688,-0.6393888717982197
122,-1.313793017578125,-0.7594892578125,2.7435279697252164,2.1925246146006674,0.6108573554488175,0.554303759765625,-0.551003355124549
2099,-0.9864648651123047,-0.24223125,5.045111003937693,4.806923834661438,0.6106168014709655,0.7442336151123047,-0.23818716927625516
1601,0.6416639831542968,0.12083694763183593,2.819141877592501,2.236994874905476,0.6101559336686015,-0.5208270355224609,-0.5821470026870248
1551,-0.8680685119628906,-0.444798193359375,2.535146595590463,1.8787977536896543,0.6099515648752541,0.4232703186035156,-0.6563488419008086
552,-0.25167921447753905,0.188905712890625,2.6623634568590178,2.017763122605176,0.6096246691441747,0.440584927368164,-0.6446003342538416
1861,1.013306820678711,0.43737294921875,2.9216260938083116,2.3951533554916717,0.6088733684854801,-0.5759338714599611,-0.5264727383166399
139,1.2161058959960938,0.75508642578125,2.745956975633272,2.1165146756995474,0.6087365608630322,-0.4610194702148438,-0.6294422999337246
722,-0.14353912353515624,0.3104925048828125,2.461175920883566,1.826965295401668,0.608367837078013,0.45403162841796874,-0.6342106254818982
1609,-0.7155367782592773,-0.18162626953125,2.432384711942943,1.863910017994555,0.6082239089899346,0.5339105087280274,-0.5684746939483882
337,0.08918114624023438,0.4199258544921875,2.6577791367912234,1.9517045628711587,0.6079333659730705,0.3307447082519531,-0.7060745739200647
1837,0.5523998779296875,0.013223583984375,2.4185870207096665,1.855630138257278,0.6076315274531143,-0.5391762939453125,-0.5629568824523885
2285,0.18682486572265625,-0.236604833984375,2.5658563508476333,1.911793602819141,0.6070907889525698,-0.42342969970703126,-0.6540627480284924
211,-0.38050223999023436,0.09150126953125,2.499103103461207,1.8796808247303198,0.6064712723887629,0.47200350952148434,-0.6194222787308872
618,0.3322890380859375,-0.1817420654296875,2.44021731805283,1.8558478292662803,0.6057156748061445,-0.514031103515625,-0.5843694887865496
593,-1.8634903625488282,-2.4331,3.6840922111090797,3.1540066545174557,0.6054458363843074,-0.5696096374511719,-0.530085556591624
2042,0.14006478118896484,0.7487806640625,7.210237836306621,6.726788866228367,0.6042579327322313,0.6087158828735352,-0.4834489700782534
1001,-0.558778598022461,-0.2093638916015625,2.6487694411120306,1.955454972966341,0.602775588803343,0.3494147064208985,-0.6933144681456895
2129,-1.150842059326172,-0.7388661865234375,2.628338061660975,1.9704653694369971,0.6025205989455993,0.4119758728027344,-0.6578726922239777
2138,0.08395123901367188,0.5707037109375,2.4317871150392927,1.8271688751319635,0.6024911849525939,0.4867524719238282,-0.6046182399073292
2006,-0.6896417327880859,-0.176335595703125,2.562054693163572,1.9799135352226602,0.6023715181378705,0.513306137084961,-0.5821411579409119
2049,-0.83301298828125,-0.3082092529296875,2.8225287448154885,2.2509600614127825,0.6021097204856557,0.5248037353515626,-0.5715686834027061
1896,1.1626309600830078,0.6100300537109375,2.682300535835935,2.1378222068737887,0.6018244124326446,-0.5526009063720703,-0.5444783289621462
2135,0.9547700897216796,0.5014149719238281,2.7051245990005306,2.0757869529765545,0.6015967355365033,-0.45335511779785154,-0.6293376460239761
1410,0.20698218994140624,-0.2253606689453125,2.5434759319394082,1.899940363042534,0.6010583760657648,-0.43234285888671875,-0.6435355688968742
1152,-0.7056387878417969,-0.22391215209960938,2.5484771975523848,1.941160741474276,0.6008938294067597,0.48172663574218755,-0.6073164560781088
1147,-0.9693376831054688,-0.41972109375,2.6758152234344266,2.129307943178651,0.6007486026673028,0.5496165893554688,-0.5465072802557756
914,0.8434125778198243,0.36944033203125,2.4698725950875793,1.8569477880849439,0.6003265088170825,-0.4739722457885743,-0.6129248070026354
1458,0.2522963409423828,-0.202500927734375,2.8110250246179826,2.184005888403481,0.5999935527750189,-0.4547972686767578,-0.6270191362145017
172,-1.078080728149414,-0.62476826171875,2.7042025519766497,2.0765239979842107,0.5994725593634911,0.45331246643066403,-0.627678553992439
1432,0.22860350036621094,-0.2690455322265625,2.5501398951615015,1.9575439561596846,0.5988245065619685,-0.4976490325927735,-0.592595939001817
889,-0.5601003112792968,-0.1368126953125,2.904412056025544,2.2572481381098037,0.5979935424829055,0.4232876159667968,-0.6471639179157402
1945,0.185141259765625,-0.121057177734375,3.2403035368548414,2.530233106871202,0.5979574986645918,-0.3061984375,-0.7100704299836393
243,0.3780712707519531,-0.085286083984375,2.5161192974235442,1.8982841892505187,0.5964202590794216,-0.4633573547363281,-0.6178351081730256
2109,-0.1725408935546875,0.22900162353515624,2.5638640465131304,1.9044227376808787,0.5960992328252406,0.40154251708984373,-0.6594413088322517
1687,1.0556591468811034,0.567439306640625,2.5381658946603762,1.9408080970531696,0.5951949507665707,-0.4882198402404784,-0.5973577976072066
144,0.2781811462402344,-0.2163904296875,2.5046947584657966,1.9128236846216786,0.5949124117690321,-0.4945715759277344,-0.591871073844118
1200,-0.3866991729736328,0.0691287841796875,2.531060080027873,1.9095931122542058,0.5940003185563654,0.4558279571533203,-0.6214669677736671
2093,-0.8043497436523438,-0.1356730026245117,3.477981116935905,3.0957084685149807,0.5932609617223501,0.668676741027832,-0.38227264842092445
2215,0.9013194580078125,0.4588741943359375,2.660555008713863,2.0308273459259314,0.5923147406260258,-0.44244526367187503,-0.6297276627879316
1130,-0.17464497680664062,0.251053857421875,2.567443083831351,1.9264345946809773,0.592111380626362,0.4256988342285156,-0.6410084891503738
1226,0.5957029266357422,0.09628004760742187,2.594763506536264,2.0099061234804654,0.5914813706118134,-0.49942287902832033,-0.5848573830557986
1675,0.7035333061218262,0.191002001953125,2.5659148469785213,1.9930641719045599,0.5908462336855631,-0.5125313041687012,-0.5728506750739615
470,-0.5432979797363281,-0.0304788818359375,2.6226722050766718,2.050096232087301,0.5908266720160953,0.5128190979003906,-0.5725759729893709
1466,0.2578901601791382,-0.02202803955078125,2.5793397974060244,1.863520446378001,0.5907515418462196,-0.27991819972991944,-0.7158193510280233
1814,-0.6901035003662109,-0.09711844787597657,2.7781793959743926,2.2895843502793283,0.5903563911546079,0.5929850524902344,-0.4885950456950643
1153,-1.159949853515625,-0.72654638671875,2.5891806637749455,1.9557435538638421,0.5890811372440811,0.4334034667968749,-0.6334371099111034
2064,0.6917827270507813,0.23447410583496095,2.628428985828086,2.012599456221833,0.5883771845733732,-0.4573086212158203,-0.6158295296062528
609,-1.3042066772460938,-0.742136328125,2.7141502024329305,2.1931903944279405,0.5873221989177044,0.5620703491210939,-0.52095980800499
2113,0.5368304870605469,0.09045869140625,2.5427713097759588,1.9206372466310784,0.5862985724807994,-0.4463717956542969,-0.6221340631448804
278,-1.0434634948730468,-0.6047547119140625,2.561023498134048,1.9343210214273847,0.5852213905556188,0.4387087829589843,-0.6267024767066631
2225,-0.8047954772949218,-0.31986357421875,2.6058113561268716,2.014506704177722,0.584800142037783,0.48493190307617184,-0.5913046519491498
667,-1.1369466064453124,-0.6965126220703125,2.531803197211892,1.907816268579658,0.5833417816963266,0.4404339843749999,-0.6239869286322342
1536,-0.3238040679931641,0.094922021484375,2.4451677350620136,1.8071808353797825,0.5823588221752973,0.4187260894775391,-0.6379868996822311
1381,-0.1326692352294922,0.2814045166015625,2.4771814120486075,1.8362195274383262,0.5822892094786095,0.4140737518310547,-0.6409618846102814
1262,0.5339091018676758,0.0340974609375,2.537331733502346,1.9607435527829116,0.5822656065546621,-0.4998116409301758,-0.5765881807194344
747,-0.3059183044433594,0.22356561279296874,2.605204476402781,2.0558927823271027,0.5820965558602182,0.5294839172363281,-0.5493116940756781
1641,0.8896974060058593,0.52409951171875,2.9498034670692235,2.280196458410966,0.5820353663514278,-0.3655978942871093,-0.6696070086582573
471,-0.9366215362548828,-0.3950998779296875,2.4837355365283966,1.9463665150850273,0.5820111716422738,0.5415216583251953,-0.5373690214433693
15,-0.0006189395904541015,0.49147345581054686,2.462736470803463,1.8800359071401203,0.5816948725050723,0.49209239540100097,-0.5827005636633427
1075,0.5259608032226563,0.01416025390625,2.711642400843512,2.1474098176208574,0.5802982102506852,-0.5118005493164063,-0.5642325832226547
1408,-1.4808859725952148,-1.01123671875,2.526267250528128,1.926718507551931,0.5800291168417047,0.46964925384521483,-0.5995487429761968
534,-0.22000069274902342,0.1550135498046875,2.621328734981021,1.95921324278266,0.5790326071272114,0.37501424255371096,-0.662115492198361
1105,1.0607567474365234,0.567692919921875,2.6181789790422045,2.0387024041640935,0.578905038835862,-0.4930638275146484,-0.579476574878111
1186,-0.10055513458251954,0.375501708984375,2.604215571898043,2.0110998401363847,0.5784163895700423,0.47605684356689454,-0.5931157317616584
454,0.36907725830078125,-0.08746800537109375,2.6294204482722137,2.021828013415334,0.5776021446765335,-0.456545263671875,-0.6075924348568797
827,0.7627538696289062,0.267628076171875,2.5470070328793692,1.9704472011914949,0.5775707908624048,-0.4951257934570312,-0.5765598316878744
963,-0.2157052185058594,0.2621540832519531,2.503423742940804,1.9133614801755505,0.5765229862161154,0.4778593017578125,-0.5900622627652536
406,0.40522288818359375,-0.0205433837890625,2.5444075428653354,1.915990236735486,0.5761852289929908,-0.42576627197265626,-0.6284173061298495
2279,0.6468956970214844,0.29490916748046875,2.568232555838584,1.896094457616644,0.5756641400597347,-0.35198652954101567,-0.67213809822194
295,0.1311388427734375,-0.28359277954101564,2.8328833161875893,2.1976146616533843,0.5755685819812774,-0.41473162231445315,-0.635268654534205
2302,0.7074999000549317,0.260612939453125,2.893196077649075,2.2803213671089995,0.5753233663755019,-0.44688696060180666,-0.6128747105400754
804,-0.9380945892333984,-0.39876376953125,2.8085720964779908,2.2752987080283535,0.575258239909149,0.5393308197021485,-0.5332733884496372
578,0.7631374404907226,0.136309228515625,2.875717417940799,2.4499776587724114,0.5741679498646548,-0.6268282119750976,-0.4257397591683878
994,-0.8922793579101562,-0.405807958984375,2.7128593704819424,2.131926632673993,0.574137267829846,0.48647139892578123,-0.5809327378079492
1238,-0.885833544921875,-0.436113134765625,2.4536702004497224,1.844762106090413,0.5730175146873915,0.44972041015625003,-0.6089080943593095
1037,-0.9295851776123046,-0.26830625,4.48110643314897,4.11324273583395,0.572613519906356,0.6612789276123046,-0.3678636973150198
528,-1.483875128173828,-1.04134892578125,2.725835919497621,2.112368340766069,0.5721719099587499,0.442526202392578,-0.613467578731552
1260,0.15693476257324218,-0.1986239501953125,2.6353047864193275,1.9676941765015972,0.5721259247003555,-0.35555871276855466,-0.6676106099177304
856,-1.6752171752929688,-1.090191796875,2.972234460019764,2.4933439139579265,0.5715908485004925,0.5850253784179689,-0.47889054606183734
1201,-0.9394318634033203,-0.4213939453125,2.8642904273458583,2.3141526863910156,0.571014818602769,0.5180379180908203,-0.5501377409548427
22,0.12505748291015625,-0.203731005859375,2.5948732824249197,1.9148114224522927,0.570586003736781,-0.32878848876953126,-0.6800618599726269
1401,0.59339677734375,0.1649270263671875,2.5609632754998333,1.9392028677515025,0.570172332145288,-0.4284697509765625,-0.6217604077483307
2144,-0.41230318603515625,-0.8448927734375,2.541754203604133,1.9229596528369644,0.5700404471880723,-0.43258958740234377,-0.6187945507671688
1645,19.96606640625,19.228525,13.98589869131367,13.825908203532226,0.5695642821137709,-0.7375414062499992,-0.1599904877814442
1370,0.6498099914550781,0.243352490234375,2.6042131752818167,1.9695123399891927,0.5680528506197325,-0.4064575012207031,-0.634700835292624
1787,1.138432797241211,0.5827248657226562,3.1081708199567237,2.599168776291561,0.5678943856079429,-0.5557079315185547,-0.5090020436651628
930,-0.6107497802734375,-0.1487222412109375,2.8629109379770914,2.2675878063424957,0.5678790779113722,0.46202753906250005,-0.5953231316345957
2036,-0.0050799468994140624,0.39323701171875,2.693123122463628,2.0534881818638713,0.5677892567588786,0.398316958618164,-0.6396349405997568
967,0.7628176391601562,0.225729345703125,2.8504742575516535,2.3222210897881825,0.567515244220728,-0.5370882934570312,-0.528253167763471
423,-1.091538232421875,-0.52667373046875,2.640792413604979,2.1425235490309946,0.5673437669705995,0.564864501953125,-0.49826886457398434
863,-0.34956381225585936,0.08356800689697266,2.5336061565060084,1.9174175656067538,0.5672915523170505,0.43313181915283205,-0.6161885908992546
231,-0.9422843017578125,-0.50806826171875,2.624376342269712,2.0090652608227124,0.5671512963786809,0.43421604003906256,-0.6153110814469995
1746,-0.2026088439941406,0.170167041015625,2.4602911226759407,1.8059677523419344,0.5671009334100672,0.3727758850097656,-0.6543233703340063
308,0.15265764465332032,-0.321293310546875,2.479546761018731,1.894727498759586,0.5666430774445085,-0.4739509552001953,-0.5848192622591453
79,-1.138182341003418,-0.50881328125,3.449379710190086,3.036427053545643,0.5666353100046047,0.629369059753418,-0.41295265664444303
2216,-0.20261561279296875,0.289607763671875,2.6369701961911023,2.067532150289636,0.5665435404585315,0.49222337646484376,-0.5694380459014661
587,0.04640939331054687,-0.3343969482421875,2.6838138100372952,2.034639949955373,0.5664401703804411,-0.3808063415527344,-0.6491738600819223
2219,0.0366102783203125,-0.43182001953125,2.621826792548156,2.0327558053966257,0.5664315718489819,-0.4684302978515625,-0.5890709871515303
1190,0.6205649108886718,0.1197952880859375,2.645673495115787,2.0850977856582964,0.5650153411557617,-0.5007696228027343,-0.5605757094574906
620,-0.32301180725097656,0.1519822265625,2.4370351807628614,1.854509661503791,0.5649553127464476,0.47499403381347655,-0.5825255192590704
1184,-0.5718686660766602,-0.099771044921875,2.4849937966554374,1.9003771201096462,0.5646528223954533,0.4720976211547852,-0.5846166765457912
52,-0.7168436950683593,-0.3138265625,2.6293629683949122,1.9951616889156736,0.5646340720367259,0.4030171325683593,-0.6342012794792387
1823,0.8860798095703125,0.453908447265625,2.6160251939258052,2.002903496490288,0.5626903022624996,-0.4321713623046875,-0.6131216974355174
1067,-0.29602537231445314,0.1111904296875,2.537940666943262,1.909139690807212,0.561215376989743,0.4072158020019531,-0.6288009761360498
2218,0.441107177734375,0.088425048828125,2.7081418997296725,2.047842984623571,0.5603793413401396,-0.35268212890625,-0.6602989151061016
1271,-0.7503983909606934,-0.323034033203125,2.6481660529105175,2.0337413480786988,0.5601580121892065,0.42736435775756837,-0.6144247048318188
2289,0.3926613037109375,-0.01195390625,2.49556892002168,1.8660168202295744,0.5600493144843831,-0.40461520996093747,-0.6295520997921058
1206,0.11049349060058594,0.6131032958984375,2.535404179027734,1.9823022594862922,0.558538349781972,0.5026098052978516,-0.5531019195414419
214,1.1766262084960937,0.760247705078125,2.562410842711911,1.941875250873656,0.5584354788466409,-0.41637850341796867,-0.6205355918382551
880,-0.874283154296875,-0.347617724609375,3.236893218936725,2.707481556103755,0.5576531835714893,0.5266654296875,-0.5294116628329699
2007,0.8455887145996094,0.3907603515625,2.4938949943767774,1.9020450043929626,0.5571552504668582,-0.4548283630371094,-0.5918499899838148
2141,0.5018146545410156,0.14526229858398437,2.6824804110261202,2.027178648315558,0.5565499827500797,-0.3565523559570312,-0.6553017627105624
635,0.8008635498046875,0.31834652099609373,2.806487961063961,2.237874058772872,0.5561444529689734,-0.4825170288085938,-0.568613902291089
1362,-1.1148697845458984,-0.577575244140625,2.7149602201936154,2.1978115904252613,0.5561281284206001,0.5372945404052734,-0.5171486297683541
182,-0.6848128143310547,-0.173975,2.818851839746778,2.2757235080777836,0.5559436572120742,0.5108378143310547,-0.5431283316689943
1402,-0.2579412902832031,-0.8903732177734375,4.484106674858398,4.089845334662255,0.5554121472822722,-0.6324319274902344,-0.39426134019614345
1064,0.8810790222167969,0.407596484375,2.5767651501726236,2.002102437198336,0.5544229473240772,-0.4734825378417969,-0.5746627129742876
207,0.6868393005371094,0.2111611328125,2.530969822321473,1.9586204205892253,0.5538535569131035,-0.47567816772460936,-0.5723494017322477
1168,0.2102427421569824,-0.23898255615234376,2.4187650948189456,1.8257880841325478,0.5534251038436795,-0.44922529830932617,-0.5929770106863979
460,0.8741520324707032,0.4127548828125,2.4891766810826548,1.9058644469919614,0.5531404921525901,-0.46139714965820317,-0.5833122340906933
2151,-0.4986233642578125,-0.05186923828125,2.654413257681577,2.05996443573825,0.5529586509868917,0.4467541259765625,-0.594448821943327
1531,-0.005705157470703125,0.4445447265625,2.5765637816812683,1.9851675217248448,0.5524744943623585,0.4502498840332031,-0.5913962599564235
2256,0.8857003326416015,0.373965234375,2.505072811850629,1.966302464033898,0.5521462984844898,-0.5117350982666016,-0.5387703478167312
1826,-0.45949246826171875,-0.04496502685546875,2.553721411328854,1.9370357789362496,0.5521341688782784,0.41452744140625,-0.6166856323926044
743,-0.49470709533691404,-0.15204310455322265,2.555582017439258,1.8966965888598293,0.551548618574103,0.34266399078369136,-0.6588854285794286
1264,0.6885941284179687,0.2731173583984375,2.7241788889732232,2.1087940016879556,0.551319505924964,-0.41547677001953126,-0.6153848872852676
1568,-0.4804816589355469,-0.0119412109375,2.589867158330208,2.0140336462417046,0.5511143850543911,0.4685404479980469,-0.5758335120885034
1699,-2.3127206909179687,-2.923798046875,11.596181600117305,11.174713150159679,0.55105118927312,-0.6110773559570313,-0.4214684499576258
921,-0.5669495773315429,-0.088844091796875,2.710466471723806,2.1430800894212942,0.5505121621206727,0.4781054855346679,-0.5673863823025118
1101,-1.9665978057861329,-1.61279873046875,2.991151230975533,2.339178505928301,0.5502422199009485,0.35379907531738275,-0.6519727250472318
734,-0.6630547973632812,-0.23236329956054688,2.50485471937083,1.9013104590473509,0.5497608404489782,0.4306914978027343,-0.6035442603234791
2199,0.2266375,0.66549755859375,2.4645539836673414,1.867413193440556,0.5491752743815794,0.43886005859375005,-0.5971407902267853
929,-0.777004833984375,-0.20808818359375,3.5525488669402625,3.0782086288712676,0.5486648165430394,0.568916650390625,-0.47434023806899495
1490,-0.5744476959228516,-0.20594130859375,2.67524480970653,2.033300933782666,0.5478888973384992,0.36850638732910157,-0.641943875923864
1352,-0.6713662841796875,-0.2742476806640625,2.686576291776874,2.0624863870598786,0.5471913944278682,0.39711860351562495,-0.6240899047169952
1843,0.5633142944335937,0.0710271484375,2.37844863163705,1.8267121287017056,0.5467598027843025,-0.4922871459960937,-0.5517365029353443
2175,-0.7370751098632813,-0.286964697265625,2.565573812738647,1.9803797384453685,0.5450514881167997,0.4501104125976563,-0.5851940742932786
1664,0.3155543151855469,0.78653623046875,2.606006109519832,2.037670913848568,0.5448288591625285,0.4709819152832031,-0.5683351956712643
1740,0.8167096221923829,0.405158740234375,2.465724881388757,1.8531163574083036,0.5446633320939237,-0.4115508819580079,-0.6126085239804533
3,-0.8096001953125,-0.44405032958984375,2.5988764970408926,1.9582581760758182,0.5440185374859632,0.3655498657226563,-0.6406183209650744
881,0.31112527770996096,0.72036181640625,3.0507857461362877,2.4374994765940805,0.5435945930131161,0.409236538696289,-0.6132862695422072
1902,-0.8699732421875,-0.413055224609375,3.0806976387088945,2.5021791353722427,0.5434577334904034,0.45691801757812506,-0.5785185033366518
1212,0.8064150634765626,0.3327080322265625,2.4777556059306254,1.9131276113532447,0.5432031237161632,-0.4737070312500001,-0.5646279945773807
778,-0.02458018798828125,-0.349417626953125,2.6385842679916442,1.9770312515669213,0.5431717552938884,-0.32483743896484374,-0.661553016424723
1646,0.8923764205932617,0.4945173828125,2.462192944154992,1.8419746774156835,0.5429625123409454,-0.3978590377807617,-0.6202182667393084
1742,0.5366746444702148,0.09361505126953125,2.308434843445044,1.7196660441820886,0.5429505021126977,-0.4430595932006836,-0.5887687992629556
179,-0.11349921264648437,-0.55167119140625,2.535335993809157,1.9431288703328595,0.5427039600663193,-0.4381719787597656,-0.5922071234762976
398,0.6132158630371094,0.193303076171875,2.5459300778793046,1.9409183002779522,0.542365999609276,-0.41991278686523437,-0.6050117776013524
1307,0.3930698303222656,0.003292724609375,2.625750214356882,2.0011274485176482,0.5420797917425723,-0.3897771057128906,-0.6246227658392338
1498,-1.94578857421875,-1.5169147407531738,2.7083488689534647,2.1101157861983646,0.5418155863341292,0.42887383346557617,-0.5982330827551001
479,-0.38880660400390626,0.04824454345703125,2.685501112893701,2.093241801028318,0.5417847979881794,0.43705114746093754,-0.5922593118653832
701,-0.3509824951171875,0.00108955078125,2.555104194965024,1.9087578164944299,0.5417183664651641,0.3520720458984375,-0.6463463784705943
1668,0.4592197479248047,0.09264211730957031,2.5059722582899844,1.868255754368567,0.5410614986412344,-0.3665776306152344,-0.6377165039214174
981,-0.004989642333984375,-0.428421923828125,2.529242987760118,1.9278785066658908,0.5409341361330625,-0.42343228149414064,-0.6013644810942274
1104,0.7903541595458984,0.3123548828125,2.5821199690797574,2.0235680947168073,0.5404635049120167,-0.47799927673339837,-0.5585518743629501
1686,0.17849674987792968,-0.30023441772460935,2.5746349038587772,2.016927313622981,0.5402212870407093,-0.47873116760253903,-0.5577075902357964
378,0.7091307739257813,0.21508701171875,3.063528586039548,2.519444206524909,0.540107051007507,-0.4940437622070313,-0.5440843795146386
785,-0.0818879150390625,-0.54761650390625,2.4466366241898525,1.8786251184638907,0.5395401891252962,-0.46572858886718754,-0.5680115057259618
1715,0.6573980102539062,0.21032916259765624,2.64772351067008,2.065031256712395,0.5394008173669744,-0.44706884765625,-0.5826922539576849
669,0.6812168243408203,0.264541357421875,2.4573219578304792,1.85291095680556,0.538931102892066,-0.4166754669189453,-0.6044110010249193
1647,-0.1898599578857422,0.173697314453125,2.72852438431667,2.091238147192941,0.5383076382977992,0.3635572723388672,-0.6372862371237291
673,0.5872695556640625,0.084239501953125,2.573963833296288,2.0403533253705697,0.5377794091051717,-0.5030300537109375,-0.5336105079257183
583,0.03180172119140625,0.42227529296875,2.645845096223384,2.025199252081994,0.5376708741065348,0.39047357177734376,-0.6206458441413898
1350,0.1655841064453125,-0.0938760498046875,2.6383169268004436,1.9525687762972892,0.5375700985997713,-0.25946015624999996,-0.6857481505031544
1419,-0.26904937438964843,-0.722698055267334,2.572849292698693,1.9978371037996034,0.5364361430445865,-0.45364868087768556,-0.5750121888990896
712,-1.6443082153320312,-1.2627572418212891,2.630959039704555,2.006272084098012,0.5358149378919659,0.3815509735107421,-0.6246869556065429
1679,0.6394601501464844,0.240672607421875,2.5996397754393428,1.9860084385537542,0.5355749218403268,-0.39878754272460937,-0.6136313368855886
262,-0.32106136932373047,0.1116177978515625,2.4285768665691516,1.8385957092111627,0.5352890277449772,0.432679167175293,-0.589981157357989
649,-0.6083918273925781,-0.0145132080078125,3.686071141755685,3.2589966093416467,0.5350844707990248,0.5938786193847656,-0.42707453241403837
721,1.055420263671875,0.706990625,2.464437260177712,1.8214577879990859,0.5348258147481181,-0.34842963867187504,-0.6429794721786262
544,0.5468717224121094,0.10196337890625,2.6634068713835917,2.083654673338056,0.5340560452597576,-0.44490834350585934,-0.5797521980455356
689,0.34414949951171875,-0.0340442626953125,3.0952850418960627,2.4700233273971715,0.5339827333904015,-0.37819376220703127,-0.6252617144988912
2238,-0.8654055801391601,-0.367069970703125,2.977897580786607,2.444268954083462,0.5330978908690687,0.4983356094360351,-0.5336286267031447
1532,-0.07003200378417969,0.259797998046875,2.5132150996883897,1.86207617510033,0.5327697292215683,0.32983000183105465,-0.6511389245880597
1314,0.12911586303710937,-0.2192931915283203,2.6603734030797717,2.01928965605798,0.532377239998677,-0.3484090545654297,-0.6410837470217916
519,1.0025569366455078,0.5113244262695312,3.0271156048890693,2.4876624012697195,0.5323191381454636,-0.4912325103759766,-0.5394532036193498
1701,-0.9892901123046876,-0.5933099853515625,2.530334204599131,1.91786863819079,0.5319143309777029,0.395980126953125,-0.6124655664083409
2294,0.5787046112060547,0.22684012451171875,2.510587625735627,1.8717722786680804,0.5318936646456985,-0.3518644866943359,-0.6388153470675466
426,-0.13348468017578125,0.2791457336425781,2.5808057502678396,1.9795655305917597,0.5317536601640513,0.41263041381835935,-0.60124021967608
754,-0.4717661865234375,-0.043271630859375,2.476429737491282,1.8865792451783467,0.5315311875155542,0.42849455566406247,-0.5898504923129351
1296,0.7547531188964843,0.2679379638671875,2.663075617284046,2.1205599778848314,0.5313122141589371,-0.48681515502929684,-0.5425156393992148
1580,-1.342141015625,-0.782596435546875,3.0921109044788957,2.6252484691733504,0.5310506705942297,0.559544580078125,-0.4668624353055453
77,1.0156661071777344,0.6550913330078125,2.734746473678368,2.101728226698434,0.530726268777239,-0.3605747741699219,-0.6330182469799341
1685,-1.157049884033203,-0.7320493896484375,2.643382917799149,2.0517985305172246,0.5305975075030251,0.4250004943847656,-0.5915843872819244
1233,-0.5614950653076172,-0.16892900390625,2.5493046614260138,1.9360352570825006,0.5302074748680294,0.3925660614013672,-0.6132694043435132
971,1.322158624267578,0.849177099609375,2.521974238509741,1.9688993095239757,0.5296033997406075,-0.472981524658203,-0.5530749289857653
1330,-0.897136328125,-0.49453759765625,2.6737771791160787,2.067614157528376,0.5295193465153829,0.40259873046875,-0.6061630215877027
1799,-0.1547331573486328,0.3516284942626953,3.2991659716552033,2.776934010533091,0.5291283434399994,0.5063616516113281,-0.5222319611221122
1888,-0.0809579345703125,0.25966533203125,2.675333764912738,2.032934957698578,0.5287004372604952,0.3406232666015625,-0.6423988072141604
209,-0.43378704223632814,-0.0175939208984375,2.4489965336578723,1.8529534982959173,0.5284840142524689,0.41619312133789066,-0.596043035361955
1428,-0.5001488525390625,-0.068537158203125,2.4448857673208892,1.860122855884049,0.5282363172796286,0.4316116943359375,-0.5847629114368402
254,0.030913299560546875,-0.38902744140625,2.584912146057046,1.9919355596023616,0.5279714580071924,-0.4199407409667969,-0.5929765864546845
446,0.4484728393554688,0.13100797119140625,2.577359136074676,1.9237902278640637,0.5279362602980372,-0.3174648681640625,-0.6535689082106122
477,-1.4010815551757811,-0.98064794921875,2.6723750088854894,2.08045459548605,0.5271341928169956,0.42043360595703116,-0.5919204133994396
2239,0.1702,0.5481834228515625,2.599797451279728,1.9799740220136923,0.5270525514176914,0.3779834228515625,-0.6198234292660356
655,0.36542713623046874,-0.06402951354980468,2.3751411192445198,1.7899182015132007,0.5269188774784547,-0.4294566497802734,-0.5852229177313191
1179,-0.9018278137207031,-0.5144488159179688,2.5973000629616596,1.9834493434336395,0.5268751938037188,0.3873789978027343,-0.6138507195280201
116,0.073351904296875,0.54639501953125,2.544273751696842,1.9942944221698797,0.5262470517775693,0.47304311523437503,-0.5499793295269624
521,0.07026696166992187,-0.4185194519042969,2.6887547909652185,2.152918341495806,0.5260328586747336,-0.48878641357421876,-0.5358364494694126
895,-0.656858935546875,-0.204724462890625,2.546103128665464,1.9793241423067498,0.525664000741957,0.45213447265625006,-0.5667789863587143
274,-0.8464004272460938,-0.471850537109375,2.5401177165566766,1.91935547449167,0.5256333813750018,0.37454989013671874,-0.6207622420650065
381,0.3909515441894531,0.023294091796875,2.5365505729897464,1.9118044916927202,0.5254796683957914,-0.3676574523925781,-0.6247460812970262
1632,0.4483819458007812,-0.034484423828125,2.632116794600367,2.0921578134071073,0.5247156322898627,-0.4828663696289062,-0.5399589811932599
520,-0.150948388671875,0.193823095703125,2.973981160520097,2.337694650195035,0.523727899659786,0.344771484375,-0.6362865103250619
871,0.6644438659667968,0.204890625,2.4977760976446493,1.93924891737514,0.5231417923828958,-0.45955324096679684,-0.5585271802695093
982,0.153853857421875,0.4542203125,2.8643460279716977,2.206530473244853,0.5229413113767857,0.300366455078125,-0.6578155547268447
108,0.29750760040283203,-0.08473656005859374,2.534201809292807,1.9209066003374442,0.5222416115344622,-0.3822441604614258,-0.6132952089553627
1460,-0.8774206237792969,-0.3975503601074219,3.0218618948855114,2.481581074291898,0.5221788350578233,0.47987026367187496,-0.5402808205936136
825,-0.25837353515625,0.051231005859375,2.731538907420656,2.0786120521260245,0.5221684501824324,0.309604541015625,-0.6529268552946315
526,-0.044903633117675784,0.26930848908424376,2.5683444027900775,1.9177284714392047,0.5220303478661976,0.3142121222019195,-0.6506159313508728
811,-0.5605865661621093,-0.19708955078125,2.533006945360042,1.908827391192028,0.5217301960321736,0.3634970153808593,-0.6241795541680142
763,-1.3042603332519531,-0.95883984375,2.547344064291911,1.913427161001375,0.5211659548452318,0.34542048950195314,-0.6339169032905361
1066,-0.2299954559326172,0.1318408203125,2.6564322962231786,2.0317445455038814,0.5211602767056674,0.36183627624511716,-0.6246877507192972
2193,0.2470941650390625,-0.10337825317382812,2.5141633129862337,1.8830569022046695,0.5211262176575799,-0.35047241821289066,-0.6311064107815643
1913,0.11600018615722656,0.5439498046875,2.491899517483527,1.9107242763780783,0.5209055368741827,0.4279496185302734,-0.5811752411054485
558,-0.32950534057617187,-0.05675146484375,2.786218260732645,2.1181956986861965,0.5206488201301587,0.2727538757324219,-0.6680225620464486
462,-0.1577911102294922,0.02339599609375,2.699333308664882,2.000927927283852,0.5205988442397719,0.1811871063232422,-0.69840538138103
2212,0.9264605255126953,0.5193115386962891,2.7174730306893995,2.1222254117363124,0.5200900253349457,-0.4071489868164062,-0.5952476189530871
1652,-0.13143870544433595,-0.5505467590332032,2.586453316225158,1.9995654851531057,0.5200888868435067,-0.4191080535888672,-0.5868878310720524
1915,-0.9738131378173828,-0.5952236572265625,2.8374845789492706,2.22394835861803,0.5197566884723718,0.3785894805908203,-0.6135362203312407
750,-0.12372049865722656,-0.412042822265625,2.553583447701478,1.8930260865614092,0.519465789647277,-0.28832232360839843,-0.6605573611400686
1189,-0.29796378173828125,0.032119140625,2.517300793682736,1.8766180162881074,0.5194291568859792,0.33008292236328124,-0.6406827773946286
2299,-0.18815564575195312,-0.520526220703125,2.602585386675072,1.9633921700890142,0.5190381672230034,-0.33237057495117195,-0.6391932165860577
1180,-0.5588116394042969,-0.18769248046875,2.549570516831691,1.9322711181689824,0.5187879777183692,0.3711191589355469,-0.6172993986627084
565,0.421255859375,0.12171285095214844,2.619311217608946,1.9647460106829215,0.5181816240131218,-0.29954300842285153,-0.6545652069260246
184,0.5125840942382812,0.8113541015625,2.8704407833623455,2.21565737489632,0.5180048292788998,0.29877000732421877,-0.6547834084660256
1488,0.9039872039794922,0.41450948066711424,3.0237443119396143,2.4961048717705854,0.5179918204409552,-0.48947772331237793,-0.527639440169029
212,-0.1462623046875,-0.6078341857910157,2.5467351129581526,1.9947261350173904,0.5177625131526429,-0.46157188110351566,-0.5520089779407622
670,-0.9122071731567383,-0.5512916748046875,2.5385272436713366,1.9162827005596754,0.5174482683829491,0.3609154983520507,-0.6222445431116612
1681,-0.3071920227050781,0.057699609375,2.6538562642408094,2.033965468519742,0.5174105017817614,0.36489163208007813,-0.6198907957210675
1137,-0.6000547729492187,-0.13797093505859376,3.2096894312871567,2.6586179699073034,0.5172012287870564,0.46208383789062496,-0.5510714613798533
1654,0.040881787109375,-0.358541162109375,2.4344855491183455,1.836509064846523,0.5171145681046933,-0.39942294921875,-0.5979764842718225
1195,0.09345792846679687,0.3614384521484375,2.7612935647302637,2.094134165134099,0.5169152255422016,0.2679805236816406,-0.6671593995961649
421,0.5122953918457032,0.0926986083984375,2.653298835873836,2.0697836417118296,0.5165514424972154,-0.4195967834472657,-0.5835151941620063
2181,-0.34792176513671874,-0.05198438720703125,2.5809770639821075,1.9261617247001013,0.5163620602149076,0.2959373779296875,-0.6548153392820062
68,0.4896732864379883,0.025576220703125,2.865366875374293,2.3171378808769414,0.5159411168312871,-0.4640970657348633,-0.5482289944973515
2116,1.1121015930175782,0.5145802520751953,3.148045064717297,2.750074573575159,0.5154122647014979,-0.5975213409423829,-0.397970491142138
321,0.22802930908203126,-0.142817431640625,2.5968244373685714,1.9825964525147026,0.5148033224822615,-0.3708467407226562,-0.6142279848538688
1610,0.2104164855957031,-0.16604013671875,2.6683715356825393,2.0578312704830553,0.514479003914263,-0.3764566223144531,-0.610540265199484
208,-0.3064258056640625,0.02752042236328125,2.646642220433365,2.0119411905754925,0.5143654805163345,0.33394622802734375,-0.6347010298578724
71,-0.8214586730957031,-0.450828125,2.6455292775228605,2.0316523233664223,0.514211918026107,0.37063054809570306,-0.6138769541564382
1791,0.360306649017334,0.10913167724609375,2.554659003212215,1.8834509239338408,0.5136091521328475,-0.25117497177124026,-0.6712080792783741
2020,-0.3284649131774902,-0.03452587890625,2.4947228935386843,1.8412424255973434,0.5134368778491432,0.29393903427124024,-0.6534804679413408
1960,0.4680255920410156,0.11518310546875,2.4929634205697564,1.8693957530989818,0.513334456245442,-0.35284248657226563,-0.6235676674707746
418,-0.4327782318115234,-0.046360205078125,2.4007893293730014,1.7975668537835818,0.5131962464407613,0.3864180267333984,-0.6032224755894195
1373,0.42293650512695313,0.152677978515625,2.823651834909859,2.160336072882797,0.5130274713596676,-0.2702585266113281,-0.6633157620270618
892,0.26677655181884763,-0.1045503173828125,2.5090133032314283,1.8969060886121152,0.5125588859801208,-0.37132686920166014,-0.6121072146193132
1811,-0.3423575622558594,-0.02109296875,2.5411314638561886,1.9017051338757982,0.5120769705126762,0.3212645935058594,-0.6394263299803904
1372,0.46222254028320314,0.07649501953125,2.4975199739039713,1.8950641130570758,0.5117387845342224,-0.38572752075195316,-0.6024558608468955
1470,1.0884391815185548,0.74488740234375,2.540402279209799,1.913299203562467,0.5112860924605175,-0.34355177917480484,-0.6271030756473321
339,0.1868636239528656,0.41499468994140626,2.7331623092140718,2.0556726347018963,0.5110360423396814,0.22813106598854066,-0.6774896745121755
1808,-0.5802294616699218,-0.9511202514648438,2.4662162176331455,1.8553179771126393,0.5107566382257511,-0.37089078979492196,-0.6108982405205061
1698,0.037894677734375,0.412066455078125,2.5953809506883134,1.9865357005222268,0.5106970576103854,0.37417177734375,-0.6088452501660866
1164,-0.19552454833984376,-0.417514697265625,2.651969428576846,1.9728634857694216,0.510464507776451,-0.22199014892578126,-0.6791059428074242
954,-1.0716418243408203,-0.6171228515625,2.6466230226162852,2.0955960736364747,0.5102181951174583,0.4545189727783203,-0.5510269489798105
1060,0.7331634857177735,0.39677373046875,2.561021525876944,1.9315611294008896,0.5093784581682894,-0.3363897552490235,-0.6294603964760543
1762,0.46894374389648436,0.1908021240234375,2.655115754507822,1.9980512170209321,0.5090965671284629,-0.27814161987304686,-0.6570645374868898
1325,0.07639041748046875,0.1879285888671875,2.7186932265178108,2.0141766244346977,0.5087844062870286,0.11153817138671875,-0.7045166020831131
1756,0.714058740234375,0.313829052734375,2.544955438915466,1.9545871896511304,0.5087184724957843,-0.4002296875,-0.5903682492643356
509,0.28019814109802244,-0.1045010009765625,2.506212518243165,1.9057167444948921,0.5085886042024585,-0.38469914207458494,-0.6004957737482728
1452,0.5921440368652344,0.238912646484375,2.3866085414558644,1.7677156893344033,0.5078007775574319,-0.35323139038085943,-0.6188928521214612
1683,0.2920709564208984,-0.095871826171875,2.525542141020167,1.9280847695869239,0.5074549132457439,-0.3879427825927734,-0.597457371433243
1188,-0.2499609100341797,0.2452162841796875,2.5725148209689745,2.0605753701308296,0.5072824549939794,0.4951771942138672,-0.511939450838145
1141,-0.05723546142578125,0.33477470703125,2.633920477287247,2.039415505143715,0.5071081340770918,0.39201016845703124,-0.594504972143532
1617,0.6301709899902344,0.16676708984375,2.577908121866658,2.037461692559882,0.506825517621417,-0.46340390014648436,-0.5404464293067761
2295,-1.0641331268310548,-0.69419765625,2.4848326843223307,1.8772698483391723,0.5059848520619247,0.3699354705810548,-0.6075628359831584
413,0.25296817932128907,-0.135925390625,2.5471304966415067,1.9516906427700815,0.5057868283239935,-0.3888935699462891,-0.5954398538714252
1070,-1.0925544494628907,-0.45807454223632815,3.84213909757321,3.521497605288124,0.5053757192490341,0.6344799072265626,-0.32064149228508576
368,-0.6427627471923828,-0.4190430419921875,2.629846697869445,1.955077714603465,0.5053636872726667,0.2237197052001953,-0.67476898326598
1932,-0.25563400802612307,-0.0357178466796875,2.5234442505952512,1.8479735679692681,0.5046237611085631,0.21991616134643557,-0.6754706826259831
1750,0.45270984268188474,-0.0610709228515625,2.6641904071622915,2.1743241328009884,0.5039396417887586,-0.5137807655334472,-0.48986627436130314
435,-0.5844696058273315,-0.2246118438720703,2.633763278428133,2.02295386876313,0.5025857437747588,0.3598577619552612,-0.610809409665003
416,0.28923470153808595,-0.14734482421875,2.5495999293299447,1.991406243933075,0.5021818727270032,-0.43657952575683595,-0.5581936853968696
1804,-0.4781673095703125,-0.12342183837890625,2.5319253675955977,1.9187683066224543,0.501805930752036,0.35474547119140626,-0.6131570609731434
279,-0.8321374816894531,-0.5428376708984375,2.5755885009490136,1.9291083452683562,0.5016309722126044,0.28929981079101563,-0.6464801556806574
604,0.11356925659179687,0.5372248046875,2.4581398244173585,1.8907328273898591,0.5014347237080352,0.42365554809570316,-0.5674069970274993
1029,0.588758935546875,0.203673974609375,2.4357339648512153,1.8416094528645957,0.5012743628835749,-0.3850849609375,-0.5941245119866196
1981,-0.5718018249511718,-0.80232412109375,2.973857922177197,2.3044375811503817,0.5012641219993043,-0.23052229614257813,-0.6694203410268154
1857,-0.24434564819335938,0.0788215576171875,2.5883309655294395,1.9586436173583928,0.5009431993580814,0.32316720581054686,-0.6296873481710468
2100,1.6189590209960938,1.2902845703125,2.8336122631705756,2.2068065658407914,0.500912276737239,-0.3286744506835937,-0.6268056973297842
450,-0.4822441345214844,-0.08958486328125,2.6848742058968207,2.0963194084896415,0.5005780528419177,0.3926592712402344,-0.5885547974071792
1475,0.6717422485351563,0.243815869140625,2.4964911421898126,1.9331815562617298,0.5004386757801804,-0.42792637939453126,-0.5633095859280828
168,0.5648901733398437,0.291816845703125,2.766477185904778,2.1139329485982477,0.5003830239085519,-0.2730733276367187,-0.6525442373065302
1977,0.15697054138183594,-0.26538896484375,2.544489049253492,1.9773477723085355,0.5000367805138766,-0.42235950622558593,-0.5671412769449564
358,0.15307147216796874,-0.39847841796875,2.7890267131748576,2.3465576211489165,0.49998617870808726,-0.5515498901367187,-0.4424690920259411
550,1.3534848510742188,0.7573833984375,4.1886517821096545,3.8085917279301116,0.49978258661856334,-0.5961014526367188,-0.3800600541795429
298,0.44247625732421875,0.151104052734375,2.521790744150158,1.87787142000381,0.4995298576166355,-0.29137220458984375,-0.6439193241463481
1667,0.5117756591796875,0.1212572021484375,2.4999901493494057,1.9112461676283188,0.4991241412948677,-0.39051845703125,-0.5887439817210869
1413,0.5778552032470703,0.02167121887207031,3.9391717211208817,3.5036884647384903,0.4989862910646618,-0.5561839843749999,-0.4354832563823914
46,-0.6533655517578125,-0.274841455078125,2.560997214738747,1.964762827422888,0.4987759363850913,0.3785240966796875,-0.5962343873158591
106,-0.6659577270507813,-0.3747171875,2.6672090326029436,2.0242620995804854,0.49820181056081553,0.2912405395507813,-0.6429469330224582
2242,-0.9985352630615234,-0.61948681640625,2.612735801434698,2.018098575878548,0.49727115492889107,0.3790484466552734,-0.5946372255561498
1015,0.6548792297363282,0.31447841796875,2.7988655419702893,2.181724211188238,0.4967361348114674,-0.3404008117675782,-0.6171413307820512
70,-0.768051416015625,-0.4092609375,2.665064050809095,2.058451614453738,0.4967092554144531,0.358790478515625,-0.6066124363553569
842,0.3735739227294922,-0.032059521484375,2.4920735699632117,1.9162574471285794,0.496102698381113,-0.4056334442138672,-0.5758161228346323
428,0.6543577178955078,0.3679575927734375,2.707781822335635,2.0643819440148534,0.49598843509313395,-0.2864001251220703,-0.6433998783207815
2259,-0.2438641845703125,-0.24358336181640625,2.63509936423213,1.9311671371837102,0.49552065913876725,0.0002808227539062569,-0.7039322270484198
901,0.2044198486328125,0.59080908203125,2.526246966816213,1.937980767659821,0.49535376075613985,0.38638923339843756,-0.5882661991563918
1383,-0.846586181640625,-0.570631494140625,2.6050324205024844,1.9578344211553156,0.4950162399122006,0.2759546875000001,-0.6471979993471688
1930,0.9329704376220703,0.6293578979492187,2.577301481714361,1.9427905035029214,0.4947847557174371,-0.3036125396728516,-0.6345109782114398
1080,0.6482937255859375,0.24022900390625,2.7296447101322006,2.1567218857866117,0.4947573797356472,-0.40806472167968744,-0.5729228243455888
1,-0.39598045654296876,-0.132795703125,2.520113964728256,1.867903218153568,0.49464507237918925,0.26318475341796876,-0.6522107465746882
1096,-1.0573773895263672,-0.7482748046875,2.620768038638146,1.9890892403804836,0.4945625121223136,0.3091025848388672,-0.6316787982576624
1220,0.5435677062988281,0.105439013671875,2.5897209743196004,2.0403503318928053,0.4937648540634326,-0.4381286926269531,-0.549370642426795
926,-0.42957273559570314,-0.0341640869140625,2.5555592896437513,1.974775348503408,0.4936579857387508,0.3954086486816406,-0.5807839411403433
1570,30.872440502929688,30.6873515625,18.793842813640456,19.47160456669642,0.49361890977487827,-0.1850889404296865,0.6777617530559645
380,-0.5348402801513672,-0.1825271484375,2.4780956704486967,1.8704559312729063,0.49335059540365533,0.3523131317138672,-0.6076397391757904
1074,0.49231730346679686,0.128132177734375,2.5528552456908913,1.9525954474873404,0.49294263114410763,-0.3641851257324219,-0.6002597982035509
1540,-0.4389861785888672,-0.3806215393066406,2.6009644256965614,1.9013643330305459,0.49284672077684194,0.05836463928222657,-0.6996000926660155
357,0.48090723876953123,0.728239111328125,2.60136718803564,1.9445181864282848,0.49262366609592,0.2473318725585938,-0.6568490016073554
396,-0.18238247451782227,0.3641119140625,2.6383859091514545,2.198118517153691,0.49249149320629265,0.5464943885803223,-0.44026739199776355
185,-0.969749479675293,-0.547313671875,2.4182113365405895,1.857822689742453,0.49248744717213266,0.422435807800293,-0.5603886467981365
632,-0.5799398742675781,-0.13692005615234376,2.418929138204613,1.8747702598072118,0.4923754441815729,0.44301981811523433,-0.5441588783974012
1815,1.328697430419922,0.8309231964111328,2.9321742563947524,2.4380083195231212,0.4919791612072537,-0.4977742340087892,-0.49416593687163113
1356,-0.021834649658203125,0.3621647392272949,2.5551168877574946,1.968170916165304,0.49196110423273653,0.38399938888549806,-0.5869459715921905
1527,-0.3567206176757812,0.03457099609375,2.5300766454993036,1.9480193787041515,0.4918997888354068,0.39129161376953125,-0.582057266795152
976,-0.5386493774414063,-0.2784345458984375,3.0444066532691867,2.3931228745652335,0.4918823189578354,0.26021483154296876,-0.6512837787039532
844,0.47721527709960937,0.2368875,2.553903406857394,1.8957254155670769,0.49095570866459637,-0.24032777709960937,-0.6581779912903172
341,0.7138669067382812,0.282997509765625,2.5142087168475644,1.9618141160539646,0.4907882322335009,-0.43086939697265625,-0.5523946007935998
233,-0.40223476867675784,-0.649167431640625,2.5601353096581803,1.9047149928770424,0.49055153168791393,-0.24693266296386712,-0.6554203167811379
1182,0.822443359375,0.441895947265625,2.5877281956758797,2.0000375743192396,0.4901965992936963,-0.38054741210937504,-0.5876906213566402
1482,0.7306828857421875,0.2943707275390625,2.814952537850451,2.26765847757124,0.4898990878127738,-0.436312158203125,-0.5472940602792113
259,0.7470871337890626,0.25889736328125,2.593120896446422,2.092096063200074,0.48935513555800153,-0.48818977050781254,-0.5010248332463481
2276,0.2814060729980469,-0.10141549072265625,2.5417765454711057,1.9564365040409009,0.48917531375107826,-0.38282156372070314,-0.5853400414302048
942,0.09765512084960938,0.200840380859375,2.722486828615191,2.0310350444555048,0.4887527677008964,0.10318526000976562,-0.6914517841596863
615,0.49376600646972657,0.1969506591796875,2.6304183878648084,1.997543362173122,0.48863014853115927,-0.2968153472900391,-0.6328750256916864
468,-0.4160028564453125,-0.021935546875,2.6944891070384185,2.1172965769367926,0.4884402612771008,0.3940673095703125,-0.5771925301016259
2127,-1.3547165313720704,-0.9511454833984375,2.6024026255147863,2.0318579498056972,0.48839081774252585,0.40357104797363286,-0.5705446757090891
543,-0.2218573455810547,0.11544146118164063,2.4908238842910904,1.8788558716098356,0.48827533358858244,0.3372988067626953,-0.6119680126812548
1267,-1.0118146942138673,-0.64268779296875,2.765846984776713,2.1732168691312674,0.4874651231927566,0.36912690124511727,-0.5926301156454454
235,-0.2764342590332031,0.12889150390625,2.7051573893328045,2.13677744879357,0.4873447309098337,0.4053257629394531,-0.5683799405392347
320,-0.09351716918945313,-0.510908154296875,2.6473023730064313,2.0878004508686656,0.4872576353247985,-0.41739098510742184,-0.5595019221377657
1090,0.4674050765991211,0.1818141845703125,2.505202134380722,1.8682923648855085,0.48721621208825633,-0.2855908920288086,-0.6369097694952133
1113,-0.2886307189941406,0.032202783203125,3.123544471074508,2.5038600625777305,0.486942902266164,0.3208335021972656,-0.6196844084967776
1351,0.2918658447265625,-0.145842822265625,2.506684271063644,1.9633216461790104,0.48683181928159663,-0.4377086669921875,-0.5433626248846335
1322,0.629892529296875,0.34041728515625,2.9036608086341174,2.2688206662353956,0.4868179233711038,-0.289475244140625,-0.6348401423987218
475,-0.04478785400390625,-0.435959423828125,2.562667931832842,1.9851721133330653,0.4865166174234704,-0.39117156982421875,-0.5774958184997765
928,0.6548150329589844,0.181367138671875,2.415500627853908,1.903592588568702,0.48620274928972207,-0.4734478942871093,-0.5119080392852062
24,0.4776542053222656,0.050104296875,2.6466749118497743,2.096160560449995,0.48586497531038475,-0.4275499084472656,-0.5505143513997792
693,0.22075952758789064,0.61348505859375,2.453442537613772,1.8778304638546781,0.4855626021610788,0.3927255310058594,-0.575612073759094
735,-0.5360805892944336,-0.221490966796875,2.655210131894527,2.033806584831728,0.4851089988853847,0.3145896224975586,-0.621403547062799
855,-0.42806885681152346,0.066212646484375,2.7012641438981793,2.21082296770013,0.4848467518109792,0.4942815032958985,-0.49044117619804917
1109,0.2267720703125,-0.219480322265625,2.516845429121668,1.9823885735711197,0.48478532832668053,-0.446252392578125,-0.5344568555505482
847,-0.40789501647949217,-0.06904140625,2.5960896261890354,1.9879701810701242,0.48463102869729296,0.3388536102294922,-0.6081194451189111
1884,-0.35423327941894533,0.075076513671875,2.678939771369145,2.1312072357745238,0.48431782899259623,0.42930979309082035,-0.5477325355946214
485,0.4861952941894531,0.10657281494140625,2.5841688126132976,2.0009068473546217,0.4843077468678466,-0.3796224792480469,-0.5832619652586759
665,-0.34392809143066405,-0.08570087890625,2.442143835297633,1.796075423985543,0.4840856853834568,0.25822721252441405,-0.64606841131209
713,1.3276644714355468,0.9383766723632813,2.7603097067036235,2.184133082647378,0.4835244926153808,-0.3892877990722655,-0.5761766240562456
1438,0.47771717224121096,0.08789150390625,2.503003626563573,1.9274793065042974,0.48319229467249053,-0.38982566833496096,-0.5755243200592757
622,0.7587246856689454,0.3696114379882813,2.7117780384282106,2.135802994482546,0.4831563707688041,-0.3891132476806641,-0.5759750439456646
2017,-0.30876858291625975,-0.6583167724609374,2.5501685873836744,1.949451651941769,0.48304477334067614,-0.3495481895446777,-0.6007169354419053
1836,0.05010910339355469,0.39841048583984373,2.4247520049699873,1.8236904172891755,0.4825888851993744,0.34830138244628905,-0.6010615876808119
633,0.8651564651489257,0.5027725280761719,2.504785074940842,1.912701958559451,0.48188453455224955,-0.36238393707275385,-0.5920831163813911
862,-0.44855391540527345,-0.045113433837890626,2.4871860032217192,1.922547119670291,0.48158129098552505,0.4034404815673828,-0.5646388835514282
1672,0.5563480072021484,0.216338330078125,2.5566402465554963,1.9517694925888422,0.48147520954217116,-0.3400096771240234,-0.604870753966654
1203,-1.2995290344238282,-0.8411001953125,2.5915423528531596,2.0707012685760247,0.48143243559994153,0.45842883911132815,-0.5208410842771349
1640,0.25474092712402346,-0.1507283203125,2.621260265764083,2.058220952058806,0.4814185793944502,-0.40546924743652346,-0.5630393137052772
1156,-2.3445351959228518,-1.72695205078125,5.250234321068737,4.934150570118774,0.4813178787775908,0.6175831451416018,-0.31608375094996255
1471,0.003059461975097656,-0.2832984130859375,2.6557613915411045,2.024383163957806,0.4806392988756991,-0.28635787506103516,-0.6313782275832986
261,0.20449961242675782,-0.095355322265625,2.455292373751506,1.8302846131735477,0.48054768264204784,-0.29985493469238284,-0.6250077605779585
606,-0.3507836547851563,0.101716796875,2.5420146038228357,2.0172591375100626,0.4801249581777814,0.4525004516601563,-0.5247554663127731
223,0.0867507080078125,-0.253060595703125,2.540784776095065,1.9370734039937654,0.4799391429341609,-0.3398113037109375,-0.6037113721012997
456,0.09179031372070312,-0.36463095703125,4.027142463355045,3.5061543778760296,0.47974896160591807,-0.4564212707519531,-0.5209880854790159
2025,0.3463519073486328,0.014986083984375,2.484467165004669,1.8763476380814383,0.4796126679192064,-0.3313658233642578,-0.6081195269232307
1185,-1.0462125366210937,-0.581424267578125,2.678968943600303,2.1659506184516713,0.47921593697826625,0.46478826904296866,-0.5130183251486318
1973,0.879999658203125,0.4856909423828125,2.5147587036305152,1.9457889745019152,0.4792059160365364,-0.39430871582031246,-0.5689697291286
1040,0.21346571655273439,0.494427783203125,2.4957255038713684,1.8631990488750483,0.4790293991666703,0.28096206665039064,-0.6325264549963201
1319,-0.5236076583862305,-0.06745386962890625,2.5126180320065887,1.9938554074074173,0.4771909396786824,0.4561537887573242,-0.5187626245991714
314,0.15427513427734374,-0.1689246337890625,2.725895910078025,2.115522895600545,0.4770133068805045,-0.32319976806640627,-0.6103730144774797
2298,-0.9683273864746094,-0.834153076171875,2.616739849101187,1.9393823341091811,0.47681594866136,0.1341743103027344,-0.6773575149920059
40,-0.18875111389160157,-0.1152864990234375,2.699644902007395,2.01309287725426,0.4767507323303575,0.07346461486816407,-0.6865520247531354
1435,-0.10858765258789063,0.2752879150390625,2.793629991072366,2.2197589503533823,0.476688422796805,0.3838755676269532,-0.5738710407189838
1921,-0.1902814453125,-0.447267724609375,2.515245527575479,1.874473310487999,0.4766309819380562,-0.256986279296875,-0.6407722170874801
1992,0.05324099426269531,0.44373040771484373,2.6635131582165665,2.0941877917184692,0.4766133549563957,0.39048941345214844,-0.5693253664980973
488,-0.05639666748046875,0.3171616455078125,2.764485464294404,2.1846988133547423,0.47569837381047975,0.37355831298828124,-0.5797866509396616
1235,0.4900812316894531,0.107630517578125,2.4643586608069548,1.890620313428305,0.475444239977049,-0.38245071411132814,-0.5737383473786497
2074,0.02740638427734375,0.15225673828125,2.726458831017036,2.048362268659191,0.47540255877642773,0.12485035400390625,-0.6780965623578452
1689,-0.6529997802734375,-0.29559556884765625,2.6082817899510404,2.018731085236721,0.47530780377403514,0.35740421142578127,-0.5895507047143194
628,-0.3545902618408203,-0.0439197998046875,2.530770911531855,1.9154514002040262,0.47513423700246216,0.3106704620361328,-0.6153195113278287
2237,0.2525529541015625,-0.0529545654296875,2.682509785798479,2.0647269360811586,0.4749904938949906,-0.30550751953125,-0.6177828497173206
335,0.225205615234375,-0.075656201171875,2.690711125056376,2.070837963887566,0.4747605685086821,-0.30086181640625,-0.6198731611688104
430,0.31789078979492186,-0.07014521484375,2.760756736830428,2.191685812340887,0.4744136579953241,-0.3880360046386718,-0.5690709244895409
1288,-0.2654540740966797,-0.030619046783447266,2.632263364141108,1.9848082389217225,0.47434562922605666,0.23483502731323244,-0.6474551252193854
995,-0.5245101013183594,-0.176547314453125,2.4212904242892255,1.8275089434831977,0.47365454799121964,0.3479627868652344,-0.5937814808060278
478,0.7125294738769531,0.37001331787109376,2.582039309082584,1.9860006176193652,0.4725794388462163,-0.34251615600585933,-0.5960386914632188
966,-0.5234430480957031,-0.315434423828125,2.544879975412358,1.8897380563894857,0.47247852183066213,0.2080086242675781,-0.6551419190228722
692,-0.04823427734375,-0.30676982421875,2.680788747513912,2.0447247932776613,0.47141798287661024,-0.25853554687499997,-0.6360639542362505
2197,-0.21472142333984376,0.01442430419921875,2.6950417783045273,2.0480875584628055,0.4710575270204171,0.2291457275390625,-0.6469542198417217
1227,-0.024989178466796876,0.25298192138671877,2.448366657426375,1.8209386237212075,0.47093386983290614,0.27797109985351565,-0.6274280337051676
1802,-0.29209844970703125,0.248799169921875,4.2726562405231245,3.850383988925501,0.4708840893895437,0.5408976196289063,-0.4222722515976236
2187,0.14492537231445313,-0.14834453125,2.662369749274205,2.042085504703432,0.47075978039943794,-0.29326990356445315,-0.6202842445707728
1334,-0.2870169097900391,0.08417010498046874,2.5446849839125534,1.9678527054914585,0.4705152773627127,0.3711870147705078,-0.5768322784210949
306,0.3478440856933594,-0.026021435546875,2.763213404222384,2.188179782120315,0.47043909452005717,-0.3738655212402344,-0.5750336221020689
1132,-0.2536551025390625,0.213233642578125,2.6139912736732236,2.111587492616848,0.4703946595368448,0.4668887451171875,-0.5024037810563757
112,-0.134033203125,-0.38954889068603515,2.647287418936318,2.010874764375294,0.4703093334751978,-0.25551568756103515,-0.636412654561024
51,0.06454533920288086,0.5330375244140625,4.014159837259442,3.513444268067404,0.47020100883525423,0.46849218521118163,-0.5007155691920375
1057,-0.6421812316894532,-0.3452158447265625,2.57876465830522,1.9608853221590348,0.4699633150904702,0.29696538696289065,-0.6178793361461854
455,0.27756669311523435,0.274986669921875,2.767249292653818,2.081723266849473,0.469952588574778,-0.002580023193359371,-0.6855260258043452
2189,-0.4571143005371094,-0.183582080078125,2.5443083094625134,1.9159339817414163,0.4696741713681632,0.2735322204589844,-0.6283743277210971
1118,0.5132154357910156,0.18902005615234374,2.5528699071336534,1.949122169288394,0.4696139751323306,-0.32419537963867184,-0.6037477378452594
2092,-0.09959550476074219,-0.445719189453125,2.5826340767076656,1.9916731889503432,0.4690363759639547,-0.3461236846923828,-0.5909608877573225
1565,-0.13078821411132813,0.1945791015625,2.7743665882441406,2.171820212033814,0.46892602559298907,0.32536731567382815,-0.6025463762103267
860,-0.18054506225585937,-0.04882432250976562,2.561773611219776,1.8900152779867805,0.4686096115472307,0.13172073974609375,-0.6717583332329957
1448,0.1766354736328125,-0.1193271484375,2.6696803377377405,2.0532729890157015,0.46755189322126794,-0.29596262207031254,-0.616407348722039
1076,0.4461389923095703,0.7124373046875,2.659058298133592,2.0293205372154137,0.467484438701574,0.26629831237792967,-0.6297377609181782
1707,-0.25821824340820315,0.0955411376953125,2.650623381148243,2.0657909019603107,0.46717472843184593,0.3537593811035157,-0.5848324791879325
1035,-0.003971087646484375,-0.15098074951171875,2.474754886855977,1.8072607092964783,0.4671603177575621,-0.14700966186523437,-0.6674941775594987
1364,1.0776125549316407,0.775971142578125,2.530106191360386,1.9168825419362554,0.4670307858596729,-0.3016414123535156,-0.6132236494241308
1827,0.26014439086914065,0.2465380859375,2.621925569326739,1.9388110264667957,0.46683061020064226,-0.01360630493164064,-0.6831145428599434
1042,0.4792239097595215,0.2317356201171875,2.487589936863899,1.850785705204228,0.4667700829697519,-0.247488289642334,-0.6368042316596711
303,-0.1953039276123047,-0.004297705078125,2.61383866740429,1.9580474321820769,0.46654552124105253,0.1910062225341797,-0.655791235222213
1236,-0.02753729248046875,-0.4969226989746094,3.3834700949828056,2.887389869403827,0.46641825004016,-0.4693854064941406,-0.4960802255789787
1813,-0.013473835754394531,0.356870703125,2.353141588909154,1.7794410174651212,0.466287423153001,0.37034453887939456,-0.5737005714440326
1389,-0.3720633728027344,0.07160908203125,2.585294622608551,2.066528258608955,0.46596378759577534,0.4436724548339844,-0.5187663639995961
420,-0.3085634735107422,-0.10406796875,2.6234111686180763,1.9725543008388111,0.46543307380278665,0.20449550476074219,-0.6508568677792652
1717,-0.26698650970458987,0.18633206520080567,4.163599711551297,3.6539001647836775,0.46529135832937496,0.4533185749053955,-0.5096995467676191
1730,-0.005132562255859375,0.363441455078125,2.6646185500529143,2.090658539812363,0.4652768996090457,0.36857401733398437,-0.5739600102405511
72,0.3334432922363281,-0.05623602294921875,2.63695940390802,2.0776434141903852,0.46468434503729406,-0.3896793151855469,-0.5593159897176347
1017,-0.052938372802734376,0.3136806640625,2.626891727163394,2.0526351138070678,0.4641801761754693,0.3666190368652344,-0.5742566133563263
126,0.7614536865234375,0.49308955078125,2.6026739577553157,1.976474457016338,0.46414512407839625,-0.2683641357421875,-0.6261995007389778
532,0.1825580421447754,-0.25091014404296874,2.405099032713645,1.879682436488941,0.4639572680252464,-0.43346818618774413,-0.5254165962247039
592,0.14815111083984375,-0.2020999267578125,3.4799900357905886,2.8958841138376843,0.4638555173986872,-0.35025103759765625,-0.5841059219529043
1110,0.349433837890625,0.10245636596679687,2.5008157150310955,1.86634451236591,0.4635515786492922,-0.24697747192382813,-0.6344712026651855
2040,-0.61595625,-0.2929642333984375,2.6475459334694516,2.0482686835859147,0.463457065016319,0.32299201660156246,-0.5992772498835368
1908,0.5255859008789062,0.26666748046875,2.5146299343492275,1.8854330043244765,0.4629275251802619,-0.2589184204101562,-0.6291969300247511
1806,0.4452995178222656,0.090350537109375,2.757193814516387,2.1767652186648707,0.46288613379128263,-0.3549489807128906,-0.5804285958515161
127,-0.8273181869506836,-0.514148583984375,2.6159085504124255,2.012414216472382,0.4622806113198122,0.3131696029663086,-0.6034943339400436
1294,-0.12242413940429688,-0.3079906433105469,2.558919788728662,1.904973412399712,0.46208079048575285,-0.18556650390625,-0.6539463763289499
1797,0.7589739440917969,0.441604541015625,2.7061659339606448,2.1050948881207288,0.46200974015601604,-0.31736940307617184,-0.601071045839916
403,-0.05096594848632813,-0.11833856201171875,2.734900731009625,2.0586531242911708,0.4618498946456787,-0.06737261352539062,-0.6762476067184542
2121,0.4805079864501953,0.07270625,2.5636511249771896,2.0201245889668793,0.4617233515991618,-0.40780173645019535,-0.5435265360103103
355,-0.9301680694580078,-0.3865491455078125,3.209305673063156,2.8019259181129472,0.4614797992200603,0.5436189239501953,-0.40737975495020873
436,-0.3404116577148438,-0.08458701171875,2.6153855587903863,1.9867601843716227,0.46061611086215737,0.2558246459960938,-0.6286253744187635
2146,0.16336390991210936,0.41405439453125,2.6552526897371624,2.0247437459157185,0.4603872473174123,0.2506904846191406,-0.630508943821444
1650,-0.28675521545410154,-0.05321179428100586,2.6571481243202952,2.0202081194209174,0.46023509941445345,0.23354342117309568,-0.6369400048993779
2194,-0.15568140563964844,0.17099674072265625,2.603746790976794,2.009302951286713,0.4600820898561982,0.3266781463623047,-0.5944438396900811
1957,-0.33467509765625,-0.151841845703125,2.530585572150356,1.877603165349778,0.4598140216108302,0.18283325195312497,-0.6529824068005778
992,-0.6435803649902344,-0.265644482421875,2.443355524593408,1.8809887325693688,0.4590919401041339,0.3779358825683594,-0.5623667920240394
813,-0.6656182312011719,-0.4271970703125,2.527964941700408,1.8937378878513702,0.45908860579353256,0.23842116088867193,-0.634227053849038
985,-0.09813858032226562,0.277463671875,2.5427843926519293,1.9790206456652335,0.4589066142721375,0.3756022521972656,-0.5637637469866958
1995,0.4287930648803711,0.1223732177734375,2.5073683173727743,1.9037150157934957,0.4582904312086001,-0.3064198471069336,-0.6036533015792787
216,-0.7160614471435547,-0.2602618896484375,2.593684479176167,2.093173821153163,0.458264155407365,0.4557995574951172,-0.5005106580230039
566,-0.6324829467773437,-0.305639697265625,2.601323527308542,2.0085664005389408,0.45818752108753275,0.3268432495117187,-0.5927571267696012
1634,0.05953697814941406,0.3164014892578125,2.4013762626550785,1.7751829129289964,0.4580974883081279,0.2568645111083984,-0.6261933497260821
340,0.3184220642089844,-0.09118744049072265,2.41108043724182,1.8722786263524476,0.4580873377580066,-0.409609504699707,-0.5388018108893726
861,-0.38044544067382813,-0.07809302978515625,2.463053224761859,1.8575578315003063,0.4580416516311544,0.3023524108886719,-0.6054953932615526
438,0.22256338195800782,0.584023681640625,2.5273069834090682,1.9553650618175311,0.45777110992046743,0.36146029968261717,-0.5719419215915371
2084,0.07544779357910156,0.26010593872070314,2.775795941652695,2.1249752749815305,0.45766617073343574,0.1846581451416016,-0.6508206666711644
1120,0.5416957977294922,0.41955316162109374,2.6141853627146174,1.9488855389157773,0.4575426791022763,-0.12214263610839843,-0.6652998237988401
164,-0.889086361694336,-0.63075791015625,2.616555943753396,1.9915087325809058,0.4574176050685726,0.2583284515380859,-0.6250472111724901
2166,0.0736882568359375,-0.141037841796875,2.656429800832713,2.0158201215310814,0.4564880586490079,-0.2147260986328125,-0.6406096793016318
801,-0.08232035903930664,0.22982734375,2.47158019450687,1.8723879710131515,0.45646750905198774,0.31214770278930665,-0.5991922234937186
1424,0.4016089782714844,0.1132385009765625,2.4450567253831026,1.8340838370386041,0.45644540246732,-0.2883704772949219,-0.6109728883444985
836,-0.2525493667602539,-0.034415185546875,2.5291628125119687,1.8898119749722582,0.4563520144763606,0.2181341812133789,-0.6393508375397106
685,-0.2801975036621094,-0.0265812255859375,2.4898241813457656,1.8638257981019264,0.45619519232911065,0.2536162780761719,-0.6259983832438392
1545,0.19196805419921875,0.583497021484375,2.4812801487224796,1.9309444967555425,0.45616426204925464,0.39152896728515624,-0.5503356519669371
20,0.32944708251953125,0.28349085693359377,2.5826839952240044,1.908910930775969,0.4560821170458019,-0.04595622558593748,-0.6737730644480353
945,0.789230517578125,0.5031670600891113,2.5048841710277174,1.8933194942512734,0.4558436555912452,-0.28606345748901374,-0.611564676776444
1781,0.44722950439453124,0.08317366943359375,2.7486258865250885,2.180606313777822,0.45518288599309265,-0.3640558349609375,-0.5680195727472666
333,-0.7335573852539062,-0.3093849853515625,2.605808700719655,2.0812147621855757,0.45512102518561104,0.42417239990234373,-0.5245939385340792
19,-0.7368890846252442,-0.34382091064453124,2.5520117280725607,2.0038498190534026,0.4549840678960597,0.3930681739807129,-0.5481619090191581
442,0.1776404571533203,-0.084731103515625,2.6798760060880378,2.0584925000847467,0.4549562973808001,-0.2623715606689453,-0.6213835060032911
1790,-0.14753583984375,0.2090109375,2.4365915679319876,1.8642588133254243,0.45469038642975024,0.35654677734374995,-0.5723327546065633
1624,0.2489683776855469,0.6041279296875,2.594445704700806,2.0215619443882455,0.4543341102080872,0.35515955200195304,-0.5728837603125605
1892,0.028057595825195313,0.2881908203125,2.7228402476744242,2.101022848384797,0.4543261725414781,0.2601332244873047,-0.6218173992896272
487,-0.10688710632324219,-0.25134725341796876,2.546306156729837,1.8881697701940017,0.4540122373810766,-0.14446014709472657,-0.6581363865358354
228,-0.2038179443359375,0.2699413330078125,2.748087415148382,2.2692297092432363,0.4537525553740111,0.47375927734375,-0.47885770590514554
659,0.11429874877929687,0.463616162109375,2.9305761733841074,2.354993710479168,0.45331782685933275,0.34931741333007815,-0.5755824629049395
1825,0.33122916870117186,-0.006349658203125,2.7206736804910756,2.138238243202009,0.4531905029841874,-0.33757882690429686,-0.5824354372890665
293,-0.3103496887207031,0.0273677734375,2.5214218914197057,1.939465939782253,0.45272581389283073,0.33771746215820314,-0.5819559516374528
866,-0.67252080078125,-0.413808740234375,2.512436440418199,1.89137050568806,0.45265482555463094,0.25871206054687496,-0.6210659347301388
627,0.6456470520019532,0.565265576171875,2.5849760082402637,1.9172462652374256,0.45232419134725776,-0.08038147583007815,-0.6677297430028382
666,0.16081159973144532,-0.2165194091796875,2.5543303003060287,1.9979931050985547,0.45188976505721246,-0.3773310089111328,-0.556337195207474
309,0.4448981292724609,0.29823947143554685,2.638714542931724,1.9826899264890971,0.45187705929722044,-0.14665865783691406,-0.6560246164426267
457,-0.06401875610351562,0.16663741149902345,2.614797180145157,1.9833941070286358,0.4518721083940774,0.23065616760253907,-0.631403073116521
194,-0.27894715576171875,0.0461625,2.592616007620626,2.004702416352463,0.45133867906733166,0.32510965576171874,-0.5879135912681628
2030,-0.19987138061523438,0.104598828125,2.597527286611761,1.998742773414081,0.4512450012557044,0.3044702087402344,-0.5987845131976799
1421,0.3811871551513672,0.01259248046875,2.6688025432860645,2.1072554539003123,0.45119716780199426,-0.3685946746826172,-0.5615470893857522
1332,-0.025452249145507814,-0.3487526123046875,2.8460144236302343,2.257524650622558,0.4508433377534836,-0.3233003631591797,-0.5884897730076761
263,-0.20785615844726563,0.00820263671875,2.551495043328966,1.9159069728207483,0.4506535983409492,0.21605879516601562,-0.6355880705082175
1795,-0.08691841430664063,-0.3112101318359375,2.772901293858371,2.140212849217773,0.45060144253398093,-0.22429171752929686,-0.632688444640598
491,-0.4321228088378906,-0.10092119140625,2.8261848267605885,2.2424978562879887,0.4503849908888164,0.3312016174316406,-0.5836869704725998
1491,0.4032200134277344,0.0911621337890625,2.320483969859684,1.7263551048707961,0.45036922845756794,-0.3120578796386719,-0.5941288649888878
586,0.4914390411376953,0.25114951171875,2.9087989571612645,2.2824168585451083,0.45009359141515815,-0.24028952941894532,-0.6263820986161561
1400,0.6005637603759766,0.3922568115234375,2.4767934940796743,1.8392858416964522,0.4498077917874216,-0.2083069488525391,-0.6375076523832222
874,-0.1576397247314453,0.29601981201171873,2.459808689897901,1.966299614953189,0.4493581823308073,0.45365953674316406,-0.49350907494471175
1991,-0.6077688888549805,-0.328734716796875,2.4792634665320117,1.8699068573809154,0.44917554629227424,0.2790341720581055,-0.6093566091510962
483,0.45470132446289063,0.2392843017578125,2.570432138553924,1.9358746571170715,0.4490676909186017,-0.21541702270507812,-0.6345574814368526
1862,0.2193910888671875,-0.20656884765625,2.773935466916644,2.256646022489256,0.4490302368390463,-0.4259599365234375,-0.5172894444273877
1247,-0.6017586303710938,-0.290556982421875,2.561882279436191,1.968447575487532,0.44901121353694196,0.3112016479492188,-0.5934347039486589
1379,-0.1163856201171875,-0.054360888671875,2.625630526084342,1.9584785091411108,0.44893888102228463,0.0620247314453125,-0.6671520169432312
1916,-1.0046396362304688,-0.77425244140625,2.48255214176773,1.8535758199447046,0.4486894729529948,0.23038719482421877,-0.6289763218230255
1261,-5.362036950683594,-5.910675,10.371792640251101,10.75603964941946,0.44864947321254045,-0.5486380493164065,0.38424700916835874
178,0.10770028686523438,-0.167006884765625,2.5570313377349114,1.9463321534982923,0.4484175237726986,-0.2747071716308594,-0.6106991842366192
2293,0.12681480712890625,0.49006103515625,2.374409607896765,1.8119046608098244,0.4483596376733747,0.36324622802734374,-0.5625049470869405
45,0.3462031799316406,0.068943505859375,2.5977089480770914,1.988283075362022,0.44827282120118295,-0.2772596740722656,-0.6094258727150694
62,-0.3654816131591797,-0.11474960632324219,2.5487768648620532,1.9282144992747046,0.44796418883534284,0.25073200683593755,-0.6205623655873487
2087,-0.04642034301757812,0.306153662109375,2.570626903768689,2.001768357064748,0.44790847524938043,0.35257400512695314,-0.5688585467039409
1763,0.6745355773925781,0.4214587158203125,2.5624422133675826,1.942912548502973,0.4478649035105231,-0.25307686157226555,-0.6195296648646096
1909,0.14703760986328124,0.0553468994140625,2.536417332299575,1.8736114342902843,0.4477188448185848,-0.09169071044921874,-0.6628058980092908
394,-0.0139890625,-0.257627783203125,2.5566479372746542,1.9335190843173649,0.44764939361372247,-0.243638720703125,-0.6231288529572894
1219,-0.497832861328125,-0.18707644653320313,2.6443931901296627,2.052043054445082,0.4474482325817346,0.3107564147949219,-0.5923501356845806
777,-0.8031574127197265,-0.61601875,2.7082381851730712,2.066071500105449,0.44739893049526624,0.18713866271972657,-0.6421666850676222
1789,0.6813218017578125,0.453202001953125,2.681004267445162,2.0523215168963365,0.44728064390056776,-0.22811979980468755,-0.6286827505488257
1703,0.4910121002197266,0.17176044921875,2.6316207913652554,2.0441392888138408,0.4470561325069171,-0.3192516510009766,-0.5874815025514146
361,-0.5226172119140625,-0.473440523147583,2.821614714053623,2.154966127449796,0.4468386847389157,0.049176688766479515,-0.6666485866038272
2170,-0.6094870498657227,-0.862732275390625,3.04764402478907,2.429074875328754,0.44676093691521745,-0.25324522552490236,-0.618569149460316
1006,0.609346826171875,0.22538994140625,2.51476363294374,1.96769947917086,0.44670207770216064,-0.38395688476562495,-0.54706415377288
2089,0.7292596710205078,0.16954501953125,3.854944936436975,3.4898969032888756,0.44654055759703704,-0.5597146514892578,-0.3650480331480992
1062,-1.251547708129883,-0.8096037109375,2.9270612490955785,2.4259320121820744,0.4464450087438918,0.44194399719238286,-0.5011292369135041
687,-0.28281429138183595,-0.00136357421875,2.6437748606080693,2.0380087446792365,0.4461670933991195,0.28145071716308595,-0.6057661159288328
174,-0.2089404541015625,0.06716708984375,2.4537169292984364,1.8455338617005188,0.44612201953632596,0.2761075439453125,-0.6081830675979176
1870,0.27723634033203126,0.57489580078125,2.50342057064383,1.9055170525541614,0.4460897713389229,0.29765946044921876,-0.5979035180896688
54,-0.14755615234375,-0.39172861328125,2.5700999687180976,1.9484456499809353,0.44607428268484045,-0.24417246093750003,-0.6216543187371624
502,0.3968810256958008,0.0101786376953125,2.5641716197288864,2.0196599843998713,0.44603165789395854,-0.3867023880004883,-0.5445116353290151
6,0.20688807983398438,-0.04367786865234375,2.813262896373481,2.1942084588614312,0.44601169114421374,-0.2505659484863281,-0.6190544375120499
271,-0.1236437744140625,-0.4082998779296875,2.5555387060915047,1.951434031109323,0.44597155560402557,-0.28465610351562504,-0.6041046749821817
2291,-0.28237873840332034,0.0870681640625,2.52856808879072,1.972276806091331,0.44595100494892104,0.36944690246582035,-0.5562912826993891
493,0.7033558776855469,0.3112678466796875,2.549745594347832,2.0093907146314134,0.445716420091397,-0.39208803100585937,-0.5403548797164186
935,-0.27440835571289063,0.0281680419921875,2.319120053588225,1.7240223419645504,0.44569376282791556,0.3025763977050781,-0.5950977116236744
1736,0.11782630004882813,-0.19756064453125,2.5583654415433585,1.9700355456954248,0.44560099115999774,-0.3153869445800781,-0.5883298958479337
576,0.13161974182128905,0.04401174926757812,2.544034500517414,1.882361702611512,0.44548605184791573,-0.08760799255371093,-0.661672797905902
1818,-0.053773321533203126,-0.5048799560546875,2.561692665894153,2.0699575511993427,0.44530061873321836,-0.45110663452148436,-0.49173511469481035
903,-0.22750496215820312,0.10120390625,2.4463710316644205,1.8657173047933566,0.44520827069945745,0.3287088684082031,-0.5806537268710639
1989,0.36323680725097657,0.11594844970703125,2.7338927643569244,2.1142157926155734,0.4451510810833133,-0.24728835754394532,-0.6196769717413511
424,-0.19123047485351563,0.10222216796875,2.6089574276712293,2.009778444939862,0.44512990692636817,0.29345264282226563,-0.5991789827313672
1486,0.08312725219726562,-0.2588603759765625,2.578361225256336,2.0057641637813495,0.44482293263374995,-0.3419876281738281,-0.5725970614749865
1315,0.2566209259033203,0.009520166015625,2.50410672084333,1.8848255270143817,0.444567982567284,-0.2471007598876953,-0.6192811938289484
594,0.14966636657714844,-0.2721537109375,3.8562610787002436,3.340162974042994,0.4442894314252693,-0.42182007751464845,-0.5160981046572495
570,0.4455446472167969,0.35745087890625,2.889515726892172,2.229041674729208,0.44398648559571796,-0.08809376831054688,-0.660474052162964
1324,-0.169325235748291,0.17124462890625,2.4702531501882756,1.897575338933611,0.4439477082142457,0.340569864654541,-0.5726778112546647
1225,-0.30936527099609373,0.0244023681640625,2.5262337016235903,1.950694566864057,0.4426461325902965,0.3337676391601562,-0.5755391347595333
821,-0.06179608764648437,-0.1776434814453125,2.5290488711654273,1.8741810297538155,0.44227250836508475,-0.11584739379882814,-0.6548678414116118
867,-0.28123150634765626,0.13271247215270995,2.673778975176022,2.153334324468708,0.4422122517865699,0.41394397850036624,-0.5204446507073142
1496,-0.4633347595214844,-0.162968798828125,2.6213920935071626,2.0281657110661726,0.4421372511672685,0.3003659606933594,-0.59322638244099
2115,-0.8719502960205078,-0.3357045654296875,3.324796553968758,2.93181099758775,0.44199713110097294,0.5362457305908203,-0.39298555638100785
949,0.03056368103027344,-0.3057990478515625,2.531072342311946,1.9576657666951967,0.44193498634136225,-0.33636272888183594,-0.5734065756167492
933,-0.14146185913085937,0.1725574172973633,2.4726252677579006,1.8868781664156284,0.4417077726993786,0.3140192764282227,-0.5857471013422721
1950,-0.4679797515869141,-0.110585546875,2.486799302523568,1.9264816533265836,0.44168648556329637,0.3573942047119141,-0.5603176491969843
410,0.27368310546875,0.09247697143554688,2.630129790093267,1.9909285786195219,0.4414138517607626,-0.18120613403320313,-0.6392012114737451
1898,-0.10709962768554687,0.122809912109375,2.499973117096847,1.876632880448803,0.44141144711315233,0.22990953979492187,-0.623340236648044
2137,-0.20215034790039063,-0.420654345703125,2.7251098568874177,2.0977926948199905,0.441270818880108,-0.21850399780273436,-0.6273171620674272
1357,-0.2229659606933594,-0.696564404296875,3.345972801133255,2.8802722244871903,0.44117251287214954,-0.47359844360351566,-0.4657005766460647
32,0.052656675720214846,0.404771240234375,2.498958391357032,1.9358577559005856,0.4410669921944505,0.3521145645141601,-0.5631006354564465
2172,-0.3299192108154297,-0.534928173828125,2.423837410162888,1.792310377038739,0.4408550684821305,-0.20500896301269528,-0.6315270331241489
251,0.06948581848144532,0.400936181640625,2.537000810190719,1.961697291731404,0.44083348159001945,0.3314503631591797,-0.5753035184593149
391,-0.04186940231323242,0.3614442626953125,2.4707663424151596,1.9434989670426976,0.4406727975147895,0.40331366500854493,-0.5272673753724619
1917,-0.014421865844726562,0.205198291015625,2.524132801974931,1.8977544039306395,0.44058291083589846,0.21962015686035158,-0.6263783980442916
114,0.7183730041503906,0.3538051025390625,2.558542578467503,2.0039879443779496,0.44044059707548533,-0.3645679016113281,-0.5545546340895533
1311,0.235241064453125,0.1784931640625,2.697431138496176,2.0362541268872945,0.44037536487879564,-0.05674790039062502,-0.6611770116088818
310,0.22487757568359376,0.41578974609375,2.567145879858959,1.9318566395811276,0.4400398756235007,0.19091217041015626,-0.6352892402778314
226,0.2558150360107422,0.0748319580078125,2.4625568236771826,1.8245476454730145,0.4398105859961725,-0.18098307800292968,-0.6380091782041681
1140,-0.4801343627929687,-0.45519404296875,2.529263905150336,1.8666674779536159,0.43965604488679255,0.024940319824218737,-0.66259642719672
508,-7.26792626953125,-7.01057265625,2.6488055063254596,2.0377819251593707,0.4395806990099472,0.25735361328124995,-0.6110235811660889
318,-0.9712284790039063,-0.5630936279296875,2.5099902065200093,1.9875989620175798,0.43946666899417175,0.40813485107421876,-0.5223912445024295
1591,0.3787720458984375,0.205108935546875,2.6154174535464456,1.975750332218588,0.439332902004847,-0.17366311035156248,-0.6396671213278575
2270,0.6021422454833985,0.50115703125,2.605032439559154,1.9502714246004629,0.4389100002035007,-0.10098521423339846,-0.6547610149586911
2002,-0.7768098571777343,-0.6850395141601563,2.487594347660479,1.8328457489526184,0.4371175233674712,0.09177034301757803,-0.6547485987078607
294,1.2050382751464843,0.9300982177734375,3.035936269452086,2.4347121745186855,0.4370624474767808,-0.27494005737304683,-0.6012240949334005
2117,-0.6096297180175781,-0.359747607421875,2.5589450899867874,1.946883580452414,0.43706036064925896,0.24988211059570314,-0.6120615095343733
1320,0.49711861877441405,0.319084912109375,2.864167279988728,2.2276251539934444,0.4368818788754885,-0.17803370666503904,-0.6365421259952835
1690,0.7929266189575195,0.3387628173828125,2.938306802315631,2.4583274572563223,0.43664493034435287,-0.454163801574707,-0.47997934505930884
131,0.30266656494140626,0.07230322265625,2.480562666744307,1.8614743415888453,0.43633762381258256,-0.23036334228515626,-0.6190883251554615
2078,0.4385561645507812,0.1235442138671875,2.637453448035796,2.056950285614121,0.4362164506550485,-0.3150119506835937,-0.580503162421675
656,-0.14257720947265626,-0.4540728515625,2.514287026850234,1.9320677543299738,0.436008816334985,-0.3114956420898437,-0.5822192725202602
1414,0.17361463470458985,-0.124109130859375,2.5634921898853347,1.9741950964648385,0.4359105048954317,-0.29772376556396485,-0.5892970934204962
1205,0.8084776275634765,0.2545536865234375,3.825482810890905,3.4664016075010835,0.435771043085211,-0.553923941040039,-0.35908120338982163
1241,-0.17896641845703126,-0.038797527313232424,2.435140196503075,1.790111049842092,0.43570991808667775,0.14016889114379882,-0.6450291466609828
2271,0.6668468322753907,0.782215966796875,2.5775744284936697,1.9276916974186,0.4356576013498276,0.11536913452148434,-0.6498827310750697
2284,0.060099591064453124,-0.2533400634765625,2.5745627877144748,1.9937925026325998,0.4355385410728736,-0.31343965454101563,-0.580770285081875
729,0.4917661315917969,0.22956552734375,2.4812921734187214,1.8763183308509515,0.4347425070592539,-0.2622006042480469,-0.60497384256777
675,-0.5265248748779296,-0.2694970458984375,2.5954155900081495,1.9882398445565477,0.4347256907346194,0.25702782897949217,-0.6071757454516018
1734,-0.15751552124023438,0.108508642578125,2.4453303861282314,1.8420584544286345,0.4347058793118205,0.26602416381835936,-0.6032719316995969
1505,0.5749195922851562,0.6101452758789062,2.7197786818482155,2.061526161982228,0.43453722869456946,0.03522568359375,-0.6582525198659877
1530,0.14150239868164063,0.012541561889648438,2.5730915985889413,1.9267893452161757,0.43433750014080535,-0.1289608367919922,-0.6463022533727656
1406,-0.865285986328125,-0.605403271484375,2.677615843984186,2.0723276957783234,0.4339127678330401,0.25988271484375003,-0.6052881482058625
366,0.32032378540039064,0.150780859375,2.5343520217161357,1.8978341552011029,0.43389979815810026,-0.16954292602539064,-0.6365178665150328
657,0.8155965881347657,0.53579599609375,2.4795137845168207,1.8833796360953516,0.433664294220693,-0.2798005920410157,-0.5961341484214691
1765,0.8862885437011718,0.4951493408203125,3.0579437785695727,2.528268820936247,0.43354543677413926,-0.39113920288085935,-0.5296749576333255
1388,0.030651214599609376,0.3166581420898438,2.5359493255403325,1.9434010477095767,0.43291342413259876,0.2860069274902344,-0.5925482778307558
14,-0.41079258728027346,-0.295426513671875,2.5377256080682056,1.8900423280122436,0.4328029622038681,0.11536607360839846,-0.647683280055962
1483,-0.22769208068847657,-0.2523373046875,2.7370219936392064,2.079913560003412,0.43239888062124926,-0.024645223999023413,-0.6571084336357944
845,0.5658253784179688,0.322219677734375,2.5412406681658504,1.9305565380818184,0.43227884414203555,-0.24360570068359377,-0.610684130084032
37,0.03894697265625,0.14148018798828124,2.5854835318414295,1.9362761194686833,0.4319833245260417,0.10253321533203125,-0.6492074123727463
607,-0.1785560821533203,0.056327001953125,2.6315566630678235,2.0177520792917387,0.4319261302638882,0.23488308410644532,-0.6138045837760848
1043,-0.4094528564453125,-0.428383984375,2.5499504771000803,1.8930959675783885,0.4318162342836725,-0.01893112792968754,-0.6568545095216918
616,0.06460951995849609,0.136699951171875,2.556170329558159,1.9030661953338115,0.4317420404134652,0.07209043121337891,-0.6531041342243473
1507,0.3097393859863281,0.0958271484375,2.449500809265451,1.8284033687018366,0.4315204760478189,-0.2139122375488281,-0.6210974405636145
2192,0.054580789184570315,0.0290296142578125,2.700432461349336,2.0440911555232653,0.43143677227360927,-0.025551174926757816,-0.6563413058260705
1269,-0.21153702087402343,-0.4986589294433594,2.277763993331995,1.6872322749368123,0.4311667008112656,-0.28712190856933595,-0.5905317183951828
730,-0.03708111267089844,-0.4900197021484375,2.3706521498564253,1.8954143030595179,0.4310043768660635,-0.45293858947753907,-0.4752378467969074
2268,0.11423800048828125,-0.19352513122558593,2.5567199935082994,1.9769445062233157,0.43085776089886735,-0.30776313171386716,-0.5797754872849836
1773,0.004344537353515625,0.27580108642578127,2.644033292081443,2.0464795456524225,0.43075913790558135,0.27145654907226563,-0.5975537464290204
1777,-1.4816523956298828,-1.15599228515625,2.750784613941772,2.1810286279193485,0.4306763911620828,0.32566011047363275,-0.5697559860224235
1232,0.4542003173828125,0.31271375732421874,2.5650793602524193,1.9242720213033349,0.43065249232822095,-0.14148656005859378,-0.6408073389490845
1986,-0.1489504119873047,0.15522460327148438,2.6500003625338344,2.0685440488279525,0.4306138846561175,0.3041750152587891,-0.5814563137058819
1525,-0.8706318908691406,-0.492946484375,2.419039335345677,1.8824813180632602,0.43054077218868264,0.3776854064941406,-0.5365580172824169
1547,0.5392509399414063,0.3423642578125,2.544792084003566,1.9190363537064272,0.4303345995994345,-0.19688668212890625,-0.6257557302971388
342,0.36613110961914064,0.137368408203125,2.4526840205515006,1.8380608885277703,0.43009396797781296,-0.22876270141601565,-0.6146231320237303
614,-0.13713367919921876,0.22376508178710938,2.6839471129814334,2.136800208230427,0.42961765106007355,0.3608987609863281,-0.5471469047510062
1889,0.8759431518554688,0.72398515625,2.6478009286436714,2.0103172543473167,0.4294766674228126,-0.15195799560546874,-0.6374836742963548
1353,0.6763382141113281,0.513884423828125,2.5113100910143755,1.8764463207807578,0.4294432407326227,-0.16245379028320306,-0.6348637702336177
1725,1.3197593627929687,0.8896046875,2.7136680603802876,2.219367775459298,0.42936581634937065,-0.4301546752929687,-0.49430028492098943
2260,-0.21212730407714844,0.0552033203125,2.6153291584166793,2.01729592908551,0.4291094061208261,0.26733062438964844,-0.5980332293311692
1838,-0.14678748779296874,-0.124842041015625,3.4982802509629067,2.8435954024472982,0.42909385351016244,0.02194544677734374,-0.6546848485156085
1817,-0.22138681640625,-0.53630673828125,2.519004343538435,1.944622789270322,0.429088727077209,-0.31491992187499995,-0.5743815542681128
1117,-0.4393943603515625,-0.31881767578125,2.568014833632335,1.9241701441292576,0.42907472106328276,0.12057668457031251,-0.6438446895030774
264,0.8951563842773438,0.63208916015625,2.4457095672594935,1.8459364453886555,0.4289321621254688,-0.26306722412109373,-0.599773121870838
2101,0.6448925827026367,0.36875166015625,2.673087031372986,2.079306110553115,0.4288295910344637,-0.2761409225463867,-0.5937809208198712
2019,0.8582299224853516,0.305351416015625,3.417939333703834,3.067005288863456,0.42882934674422407,-0.5528785064697266,-0.35093404484037816
1688,-0.08491008911132812,-0.27785732421875,2.7966329544829076,2.170949991486873,0.42870780571909617,-0.19294723510742184,-0.6256829629960348
1302,-0.9895568267822266,-0.7437,2.662921077497462,2.0563532824607513,0.4283700692511229,0.24585682678222653,-0.6065677950367108
189,0.6295925109863282,0.2685932434082031,2.699581701623287,2.1537124200210083,0.4282937437889304,-0.36099926757812506,-0.5458692816022785
1102,0.01072957763671875,0.24945615234375,2.566745623001054,1.9574011328912508,0.42829108509852765,0.23872657470703124,-0.6093444901098031
579,0.5880080017089844,0.24483623046875,2.560242992877006,2.0030942990879708,0.428181531566988,-0.34317177124023435,-0.5571486937890353
2073,0.3014364318847656,0.653794580078125,2.659740442660102,2.1083786120559,0.4281561328454705,0.35235814819335937,-0.5513618306042023
1996,0.18528251037597657,0.359806494140625,2.4610803398885452,1.8304995605164425,0.4280907402226118,0.17452398376464842,-0.6305807793721028
919,-0.24841210327148439,0.09652180480957032,3.0135427873212284,2.4577192893135518,0.4279191618815592,0.34493390808105473,-0.5558234980076766
2208,0.1657722137451172,0.096270556640625,2.828968909289153,2.1785690459714737,0.4278504625439263,-0.06950165710449219,-0.6503998633176793
349,0.8481563415527343,0.630150390625,2.602449509662381,1.9858335100403062,0.42774188562983656,-0.21800595092773434,-0.616615999622075
1052,0.2684051208496094,0.06926605224609375,2.649956786686994,2.0270175442387957,0.42770966842621116,-0.19913906860351563,-0.6229392424481985
1348,-0.965493115234375,-0.7742946044921875,2.5794670992973296,1.9541989019074149,0.4275171891772639,0.19119851074218752,-0.6252681973899148
1535,-0.20736415405273437,0.00854832763671875,2.7309433691173113,2.1139425724809824,0.42730818279916294,0.21591248168945312,-0.6170007966363289
547,-0.8356305297851563,-0.550229732131958,2.608778772263108,2.020812716880005,0.4271576975838482,0.28540079765319826,-0.5879660553831032
1143,-0.274539875793457,-0.15943658447265624,2.4869137149910308,1.8435657938482362,0.4271453153116366,0.11510329132080077,-0.6433479211427946
1134,-0.3207855102539062,-0.191648876953125,2.597728537848836,1.957061461999519,0.42713057213757516,0.12913663330078123,-0.6406670758493171
1285,-0.47917381896972655,-0.185243798828125,2.540058184139719,1.9564686087030498,0.4269716492987943,0.2939300201416015,-0.5835895754366693
1775,0.2720338989257812,0.3487516296386719,2.5316267182000876,1.8828103512745407,0.4268482881962015,0.07671773071289067,-0.6488163669255469
1011,-0.1840138885498047,-0.0205481201171875,2.5915042680411506,1.9590422008942907,0.4267293238289452,0.16346576843261718,-0.6324620671468599
802,0.2984232666015625,0.0634228515625,2.470932682807057,1.8614253055401109,0.42672443801136306,-0.2350004150390625,-0.6095073772669461
1780,0.5070391235351562,0.504741796875,2.6751149569961234,2.021922679792577,0.4266654287081383,-0.0022973266601562514,-0.6531922772035466
1882,0.26138798828125,0.3662490478515625,2.6033832445000407,1.9587417617677045,0.4265584830735535,0.1048610595703125,-0.6446414827323361
1344,-0.26591719131469727,-0.02943759765625,2.5365991869451174,1.927993393976517,0.42632360945180325,0.23647959365844726,-0.6086057929686004
439,-0.0403875244140625,-0.2810527099609375,2.6022683080815443,1.9953265110735872,0.42629807648956003,-0.240665185546875,-0.6069417970079571
824,-0.3509070861816406,-0.0711693603515625,2.6801152911405874,2.0901986785875466,0.42625480501863844,0.2797377258300781,-0.5899166125530408
1053,-0.09055279541015625,-0.2265840576171875,2.5142299850046075,1.8757677481919333,0.4261385321334814,-0.13603126220703127,-0.6384622368126742
319,0.2981848388671875,0.155480712890625,2.681136407078495,2.044161754065207,0.42610117615213305,-0.14270412597656248,-0.6369746530132878
647,-0.34637874145507813,-0.50701962890625,2.6193335369734294,1.9866697115513594,0.4260690107187875,-0.16064088745117183,-0.63266382542207
1760,-1.9146238952636718,-1.4104982177734375,4.413109051960466,3.9988210531094803,0.4257772446969418,0.5041256774902343,-0.41428799885098533
1377,-0.4624763000488281,-0.10794375,2.53105229377176,1.9833262411025387,0.42569715781673145,0.3545325500488281,-0.5477260526692214
1150,1.4351832504272461,0.82735126953125,5.049350433782167,4.812372274765884,0.4256183648506975,-0.6078319808959961,-0.23697815901628339
1014,1.3069710876464844,0.8615130859375,2.641137512481475,2.1646278221189212,0.4254943162959785,-0.4454580017089844,-0.47650969036255386
2070,0.8208639495849609,0.342394384765625,2.8007487139218865,2.357599959087763,0.4253139433694388,-0.4784695648193359,-0.4431487548341235
1620,0.24810892944335938,-0.01123446044921875,2.4963804353539483,1.8980310393520197,0.42528099357684657,-0.25934338989257816,-0.5983493960019286
1841,0.38247751770019534,0.34396378173828124,2.582815468993896,1.9319112304808892,0.42515963557194103,-0.0385137359619141,-0.6509042385130066
1709,0.38218019714355467,0.0506413818359375,2.504123269948223,1.9428196496877237,0.42497974017312135,-0.3315388153076172,-0.5613036202604995
1514,-0.448588330078125,-0.3672678436279297,2.468655304708346,1.8219956585250228,0.4247817195184374,0.0813204864501953,-0.6466596461833234
1259,-0.4425101928710938,-0.274955517578125,2.507879960402677,1.8782334602851358,0.42452928432280085,0.1675546752929688,-0.6296465001175411
1304,0.784779931640625,0.511132763671875,3.2536210827341527,2.6623315927167606,0.424506033542345,-0.27364716796875,-0.5912894900173922
601,-0.38411426696777345,-0.38530628662109373,2.5566426548771735,1.9051033150490744,0.4245049322544891,-0.0011920196533202754,-0.6515393398280991
419,0.4448148956298828,0.36875615234375,2.743904562402371,2.09694548750774,0.42434097701878287,-0.07605874328613282,-0.6469590748946312
160,-0.21347627563476562,0.41496025390625,9.820772755887152,9.649414686793747,0.42429605950497584,0.6284365295410157,-0.17135806909340445
1705,0.1198678466796875,-0.23833876953125,2.6939116385266137,2.1499674343660744,0.42418727713713245,-0.3582066162109375,-0.5439442041605393
1571,-0.18686817016601562,-0.36699619140625,2.4293813574558825,1.8035698503100444,0.4240861465120677,-0.1801280212402344,-0.6258115071458381
2205,-0.8645392272949218,-0.566322265625,2.742737845607934,2.1638144615184047,0.42408564087331213,0.29821696166992184,-0.5789233840895291
1839,-0.20766095886230468,-0.2995088562011719,2.4964044150186258,1.8517504923597576,0.424014716245037,-0.09184789733886722,-0.6446539226588681
1883,0.3711346221923828,0.104827099609375,2.6003613912974552,2.0062136855829507,0.4239311927901088,-0.2663075225830078,-0.5941477057145046
640,0.0323008056640625,-0.066999658203125,2.443809087360899,1.800450027849564,0.4237714615795478,-0.09930046386718751,-0.6433590595113348
1868,-0.6855495666503906,-0.376586865234375,2.4358000211987276,1.8630329390191063,0.42352008129483915,0.30896270141601556,-0.5727670821796214
1204,0.0230297119140625,0.146461767578125,2.648619836256309,2.0098707389936026,0.4232358816193788,0.12343205566406251,-0.6387490972627066
784,3.199951953125,2.55008359375,15.501232794090996,15.525455236816544,0.4229156112483462,-0.6498683593749996,0.024222442725548632
899,-0.66525390625,-0.9364526977539063,2.530184456968351,1.939172092585164,0.422844399366984,-0.27119879150390624,-0.5910123643831868
530,0.5045724273681641,0.138134423828125,2.6359620104305495,2.0989287879546854,0.42268149248122056,-0.3664380035400391,-0.537033222475864
518,0.08379116821289062,-0.00530361328125,2.497151125499743,1.8532044214145156,0.4226052377917163,-0.08909478149414062,-0.6439467040852276
124,-0.29829192962646484,0.001965087890625,2.699248035308166,2.1231457183260316,0.42204815620044167,0.30025701751708983,-0.5761023169821344
595,0.7430807983398438,1.130933837890625,2.850036192294629,2.328917164668859,0.42199502124240773,0.3878530395507813,-0.5211190276257698
769,0.2962974670410156,0.137869970703125,2.8701188512554423,2.2401682117779362,0.4219370797740112,-0.1584274963378906,-0.6299506394775061
1661,0.010340838623046874,-0.1937508758544922,2.5469997040730368,1.9303657989166507,0.42189080090679626,-0.20409171447753907,-0.616633905156386
746,-0.20597440185546875,0.021837451171875,2.498117306389509,1.8899300232884684,0.4217900117055774,0.22781185302734375,-0.6081872831010406
638,-0.32192369995117187,-0.1336458251953125,2.6041368811679186,1.9825874690213274,0.4217722298623562,0.18827787475585936,-0.6215494121465912
448,-0.26739120788574217,0.05142578125,2.651380359542925,2.0856196473910003,0.4217294559762328,0.3188169891357422,-0.5657607121519246
372,0.22781457824707033,0.0511614013671875,2.5632389371513655,1.9388267820168341,0.4210968843815053,-0.17665317687988283,-0.6244121551345314
1268,-0.8789646301269531,-0.679600634765625,2.9063105019991733,2.288943894877764,0.4208875302350321,0.1993639953613281,-0.6173666071214092
716,0.4069708679199219,0.27677294921875,2.8034741610604184,2.1681549341065196,0.42058201817141644,-0.13019791870117187,-0.6353192269538988
1895,0.15604755859375,-0.045492333984375,2.5331426464090994,1.9168511259581145,0.4204335664801889,-0.201539892578125,-0.6162915204509849
877,0.22792130126953125,0.03201982421875,2.627513347732579,2.009496291653125,0.42032247031579273,-0.19590147705078126,-0.618017056079454
1462,0.051831695556640626,0.2449166748046875,2.411786020747991,1.793092746871132,0.42006317635168494,0.19308497924804688,-0.6186932738768591
1662,0.33595978698730466,0.3728743072509766,2.644196156202897,1.9971668246400085,0.42000963770901517,0.036914520263671924,-0.6470293315628883
401,0.16023350830078126,0.0539987548828125,2.5408718411381725,1.9023407572633733,0.41900776790810257,-0.10623475341796876,-0.6385310838747993
1774,-0.5461379135131836,-0.2060100341796875,2.611150124112746,2.0604116218839583,0.4189998721371099,0.34012787933349614,-0.5507385022287878
999,-0.04478561706542969,-0.197276318359375,2.522171199772297,1.893244718587866,0.41880193271614974,-0.15249070129394532,-0.6289264811844311
300,0.0187108642578125,0.292027587890625,3.072696226874815,2.486196580246014,0.4186838669130837,0.2733167236328125,-0.586499646628801
94,0.44376978454589844,0.601657421875,2.4447432444252715,1.8172695389305156,0.4186517571086856,0.1578876373291016,-0.6274737054947559
789,0.8209766845703125,0.64195,2.4921858775666377,1.8704216748372362,0.4186412775839664,-0.17902668457031246,-0.6217642027294015
2160,-0.22152731323242186,-0.077884716796875,2.470681766536873,1.8398569566994385,0.4185731362171808,0.14364259643554686,-0.6308248098374345
1865,0.1554918670654297,-0.2362783447265625,2.4368478442012416,1.9220588727470476,0.41849158397840946,-0.39177021179199223,-0.514788971454194
1511,0.9256534896850586,0.400114892578125,3.9892330766934494,3.612099401632919,0.4184206259137855,-0.5255385971069335,-0.3771336750605303
1885,0.18804312744140625,-0.31195244140625,3.632455020544364,3.222101587242584,0.4183855090898498,-0.4999955688476563,-0.41035343330178
883,-0.5174343200683593,-0.1376875,2.4400967006785677,1.9168691267840863,0.41797474143553587,0.37974682006835936,-0.5232275738944814
2261,0.5975178741455078,0.5314181121826171,2.645081353400575,2.0019716568873536,0.4179592602808784,-0.06609976196289069,-0.6431096965132213
560,0.2521282165527344,-0.02787789306640625,2.5259036700987347,1.9432304044115587,0.41791155597060464,-0.28000610961914063,-0.582673265687176
1754,-0.4046203552246094,-0.0279830078125,2.8189917025553135,2.2936998992559867,0.4177871700790886,0.37663734741210936,-0.5252918032993268
1078,-1.057999594116211,-0.78088154296875,2.637886119813141,2.053992917500105,0.41772568597913917,0.277118051147461,-0.5838932023130363
1643,0.6261708679199218,0.27574122314453126,2.51577905251978,1.9727717319884026,0.4176578860880723,-0.35042964477539057,-0.5430073205313772
1603,0.1000718994140625,0.25633115234375,2.6312701624949035,2.004265002265163,0.41755242508086676,0.15625925292968748,-0.6270051602297406
1596,-0.06319237670898438,0.26703336181640625,2.488135641083635,1.9327593806765282,0.41749182900842197,0.3302257385253906,-0.5553762604071066
2046,-0.7353732421875,-0.574922607421875,2.5742987013056595,1.9484025727380536,0.4174903699526091,0.16045063476562504,-0.6258961285676059
265,0.3267361358642578,0.68479150390625,2.832071401312904,2.2942684854433693,0.4174356229014601,0.3580553680419922,-0.5378029158695345
1508,0.5542438171386719,0.352946728515625,2.607300215749536,1.9934696574138442,0.41730847223482187,-0.2012970886230469,-0.6138305583356918
1323,0.7308947814941407,0.4149089599609375,2.6937249984869704,2.1304159502791835,0.4171641232027761,-0.31598582153320315,-0.5633090482077869
1978,-0.10122571411132812,0.1610044921875,2.713466140571221,2.1232772136391964,0.41708765056870034,0.2622302062988281,-0.5901889269320244
1407,-0.6018459564208984,-0.3136600952148437,2.491324502172239,1.9133798960270512,0.41707105837139175,0.2881858612060547,-0.5779446061451878
828,0.5666298583984375,0.79697958984375,2.585725102817775,1.9824790568958208,0.4169667906973997,0.23034973144531246,-0.603246045921954
417,0.23207450561523438,0.030670639038085937,2.7945980614028607,2.1810815042603577,0.4169660833602159,-0.20140386657714843,-0.613516557142503
0,0.5116853357315063,0.265822021484375,2.6407090620296825,2.043643079520795,0.41693655676188657,-0.24586331424713131,-0.5970659825088873
822,0.2466595703125,0.6030695068359375,2.41019074820321,1.8718242357336732,0.4168665446012529,0.35640993652343755,-0.5383665124695369
225,1.2067432281494141,0.8337493713378906,2.601406147719278,2.0744999149474816,0.41675459535290177,-0.3729938568115235,-0.5269062327717964
206,-0.05679439086914063,-0.206531005859375,2.8244748316090296,2.196581871837596,0.41667062279926476,-0.14973661499023438,-0.6278929597714336
781,0.2669410858154297,-0.020320404052734376,2.4442518162917577,1.866268970921237,0.4165833331038805,-0.2872614898681641,-0.5779828453705207
1218,0.0036709152221679688,-0.323159765625,2.44515571974981,1.8886804177506493,0.4164830556780806,-0.32683068084716793,-0.5564753019991608
1146,-0.20192693481445312,0.008777099609375,2.4868515673481557,1.8768791514162306,0.41646253832030716,0.21070403442382812,-0.6099724159319251
162,-0.8512318481445312,-0.4544381591796875,3.0753826753744096,2.567104786555425,0.41579164386461337,0.39679368896484374,-0.5082778888189847
2228,0.6884227020263672,0.51456796875,2.6272037492618923,2.006325041703899,0.415715837781481,-0.17385473327636725,-0.6208787075579933
648,-0.732652651977539,-0.441418408203125,2.7973252476262735,2.222140625088198,0.41565473475112313,0.29123424377441404,-0.5751846225380755
1616,0.5062309814453125,0.1704635498046875,2.630067057390515,2.079760244195962,0.41557735679888647,-0.33576743164062506,-0.550306813194553
1980,1.0423257263183594,0.804993896484375,2.6245853100309815,2.025537803774306,0.4151843122046888,-0.23733182983398438,-0.5990475062566754
1417,0.0903650619506836,0.243372705078125,2.6370961333232463,2.0113696665050744,0.41494495013216726,0.15300764312744142,-0.6257264668181719
242,-0.46630325927734373,-0.6716464721679688,2.576339378515966,1.9659582165099763,0.41473099801202695,-0.20534321289062507,-0.6103811620059898
481,-0.26793524780273437,-0.09130595703125,2.5139480578855853,1.8946961180610964,0.41467087133483,0.17662929077148437,-0.6192519398244889
798,0.36173726806640627,0.285297900390625,2.697862630993623,2.0585655857333687,0.4145436890091648,-0.07643936767578124,-0.6392970452602542
1564,0.14734246826171876,0.49888619384765626,2.5248661048297425,1.9856864013195688,0.4142977436761598,0.3515437255859375,-0.5391797035101737
376,-0.31141510009765627,-0.08955947265625,2.5240974946498094,1.9198916820580942,0.41428458339703483,0.22185562744140627,-0.6042058125917151
2008,-0.442390625,-0.2869198974609375,2.509768954413028,1.88528349002478,0.4141532423537312,0.1554707275390625,-0.624485464388248
2303,-0.4969037963867188,-0.21516982421875,2.602596440153129,2.0240279800137744,0.414115494141566,0.2817339721679688,-0.5785684601393548
2062,0.2878268798828125,0.16563145751953126,2.655227569993906,2.023637806476952,0.4138373506259426,-0.12219542236328126,-0.6315897635169541
1430,1.0582235794067383,0.80391103515625,2.458099684653649,1.8673455224537656,0.4136653503196429,-0.2543125442504883,-0.5907541621998835
848,0.8546309692382813,0.7483159118652344,2.6147058726223418,1.980625916808962,0.41336028178853196,-0.10631505737304692,-0.6340799558133798
1771,-0.45091463623046873,-0.1127020263671875,2.7069153842492844,2.160197881102841,0.4132877977172133,0.3382126098632812,-0.5467175031464433
1224,0.6060926223754883,0.320491015625,2.447425180589775,1.8716897333856846,0.4130395829457547,-0.28560160675048835,-0.5757354472040905
411,0.7286332214355469,0.38154619140625,2.3855406556414764,1.8446792103382685,0.41300050943003297,-0.34708703002929686,-0.5408614453032079
1949,-0.6469972473144531,-0.141764697265625,3.206217356424946,2.8092669673332065,0.412829541028925,0.505232550048828,-0.39695038909173963
266,0.0223233154296875,-0.1252,2.763863448033587,2.1385104401063457,0.41282951311901517,-0.1475233154296875,-0.6253530079272411
445,-0.8307937744140625,-0.665016748046875,2.632347919687924,2.011590983889272,0.4128211958132789,0.1657770263671875,-0.620756935798652
833,0.043975927734375,0.176166650390625,2.7860000504814324,2.1574153298622556,0.41259313815227017,0.13219072265625,-0.6285847206191768
2149,-0.38391233825683596,-0.283238330078125,2.557508538107612,1.9231129348508895,0.41259303735422814,0.10067400817871097,-0.6343956032567226
2223,0.1613179473876953,0.49413037109375,2.5192296755982952,1.9699480995829928,0.41247435912295294,0.3328124237060547,-0.5492815760153025
74,-0.7446204284667969,-0.421508251953125,2.4971303054573695,1.9422764903155467,0.4122642347888383,0.32311217651367186,-0.5548538151418227
336,0.35872980194091797,0.10858080139160156,2.554256493218187,1.9629359810057594,0.41223447063898944,-0.25014900054931644,-0.5913205122124274
1230,-0.2101930908203125,0.11095,2.5688816682277924,2.0130216979001028,0.41211319139432345,0.3211430908203125,-0.5558599703276896
1474,0.08845068664550781,0.3753957763671875,2.841262745162817,2.2670275481320226,0.4120835460243783,0.2869450897216797,-0.5742351970307946
221,0.8593172546386719,0.3794934326171875,3.12660755395323,2.7002952669882414,0.4119730661966239,-0.47982382202148444,-0.42631228696498846
2080,-0.19814874267578125,-0.2228970947265625,2.506890799156245,1.8656571771255448,0.41179303895184033,-0.02474835205078124,-0.6412336220307002
1554,-0.833860888671875,-0.68537822265625,2.707671763830793,2.083427872378697,0.4117275381223639,0.148482666015625,-0.624243891452096
1940,0.19319714965820312,0.11335910339355469,2.693189738787988,2.0565161605495152,0.4117273588583368,-0.07983804626464842,-0.6366735782384727
1512,-0.0447404541015625,0.183272314453125,2.549501552731489,1.9497641116812419,0.41167482082147194,0.2280127685546875,-0.599737441050247
1524,0.16265381927490236,0.6203239013671875,2.888278529928049,2.4389457850258136,0.41136181968373653,0.45767008209228516,-0.4493327449022355
1303,0.3634626708984375,0.56633125,2.493943825178131,1.8855585117021008,0.4112883500400144,0.20286857910156247,-0.6083853134760302
2075,-0.04153060607910156,0.0714294677734375,2.580034086863648,1.9487754362589234,0.4112474622480692,0.11296007385253906,-0.6312586506047249
56,-0.14705759887695313,0.06503515625,2.8226985230093997,2.217645204682852,0.4110728547953083,0.21209275512695314,-0.6050533183265476
1499,-0.3443513916015625,-0.5339693359375,2.541608929864347,1.9291552337358693,0.41105449471562033,-0.18961794433593748,-0.6124536961284777
1436,0.9550911193847657,0.3904298522949219,5.245097708260349,4.941752462307434,0.4108606847937425,-0.5646612670898438,-0.3033452459529151
149,-0.10715808715820313,0.2038158203125,2.474225827202005,1.913863865521617,0.4107102992258899,0.31097390747070314,-0.5603619616803879
156,0.7651424835205078,0.39199599609375,2.8877253767916895,2.3670225877511624,0.4103696955935113,-0.3731464874267578,-0.5207027890405271
34,0.3636019866943359,-0.048072119140625,2.503817406756832,2.0130705807525615,0.41030801664828026,-0.4116741058349609,-0.49074682600427044
1355,0.12241043090820312,0.29773500366210937,2.563310300913154,1.9472474561853528,0.4102721344654506,0.17532457275390623,-0.6160628447278012
1347,-1.307848779296875,-0.9311319213867187,2.6340428309561914,2.116139026266103,0.41013994194617,0.3767168579101562,-0.5179038046900883
1522,0.24181177673339843,0.226330419921875,2.5228044278396573,1.8825794104428277,0.4101277453094964,-0.015481356811523433,-0.6402250173968296
2051,0.45456878051757815,0.27443763427734374,2.484483100222309,1.8703198287816076,0.40964375383256546,-0.1801311462402344,-0.6141632714407015
679,-2.0850137481689455,-2.318113671875,2.627982079948806,2.0319327028183705,0.40961043440934863,-0.23309992370605448,-0.5960493771304356
237,-0.17486094970703125,0.0402476806640625,2.615725542756041,2.013187497740584,0.40932381855117633,0.21510863037109376,-0.6025380450154567
979,0.05595258483886719,-0.253144091796875,2.4147935313852438,1.8546414011352148,0.409311164530906,-0.3090966766357422,-0.560152130250029
465,0.15364364624023438,-0.133638427734375,2.5082200502370977,1.9368166916548195,0.4090327882262605,-0.28728207397460936,-0.5714033585822782
484,0.5417475341796875,0.6204404296875,2.6596999482376336,2.0250044916454004,0.4090308944222268,0.07869289550781255,-0.6346954565922331
1875,0.17599474487304687,-0.043704541015625,2.616353585079155,2.015972833953683,0.4087248225419783,-0.21969928588867188,-0.600380751125472
737,0.8761246826171875,0.72985693359375,2.5479961331548107,1.9257458952649233,0.4085896129584047,-0.14626774902343742,-0.6222502378898873
1534,0.3881718215942383,0.22897177734375,2.624685059373995,2.0056836424914977,0.4085074081918967,-0.1592000442504883,-0.6190014168824973
573,0.7070080993652343,0.340079541015625,2.866111784248706,2.3427883490921433,0.40850398471658783,-0.36692855834960936,-0.5233234351565628
731,0.28463055419921873,0.45928445434570314,2.633776725778793,2.019047062449265,0.40839654381361334,0.1746539001464844,-0.6147296633295283
2229,-0.21899841918945312,-0.30540401763916014,2.4963307460662763,1.8631644006261374,0.40836554844147327,-0.08640559844970702,-0.6331663454401388
894,-0.1297187744140625,0.16666724853515624,2.5139998589168675,1.9481422402996467,0.4080395191468069,0.29638602294921873,-0.5658576186172208
1849,0.036975732421875,-0.439081396484375,2.6317599565619414,2.2060379651019026,0.40786960399516325,-0.47605712890625,-0.42572199146003875
1636,-0.3681757690429687,-0.09329901123046876,2.7282161458767376,2.1519916713586316,0.40759187701917915,0.2748767578125,-0.576224474518106
878,-0.4630737426757813,-0.4559931640625,2.621087260379516,1.9827156917500242,0.4075683942279767,0.007080578613281263,-0.6383715686294917
736,-0.5079173828125,-0.35419990234375,2.5202704574642367,1.900763264116079,0.4074182264117722,0.15371748046875,-0.6195071933481577
2162,0.4038800170898437,0.60177412109375,2.62921434958836,2.0226051535321616,0.4071367931394564,0.19789410400390622,-0.6066091960561986
623,-0.26187815551757815,-0.3350701416015625,2.564038764058636,1.930281976815811,0.4070047322032654,-0.07319198608398436,-0.6337567872428249
1966,0.6649161437988281,0.996722412109375,2.898874932556468,2.354208544471088,0.4067568740001445,0.3318062683105468,-0.5446663880853801
1529,0.34793356323242186,0.1881099365234375,2.5061307246636733,1.8887440523243488,0.4067098948366371,-0.15982362670898437,-0.6173866723393244
275,0.44026747131347654,0.3857291015625,2.6079940889675735,1.972601346879039,0.40669837047388097,-0.054538369750976534,-0.6353927420885344
2012,0.18966753692626953,0.2454663818359375,2.5446522572024772,1.9096142765424702,0.4063867479739927,0.055798844909667966,-0.635037980660007
817,-0.8331722534179687,-0.4836519287109375,2.518396948108871,1.9853587214835908,0.40629420842713215,0.34952032470703126,-0.5330382266252802
434,2.885529420471191,2.3746603515625,6.707666199835192,6.326516089824148,0.4062626119290638,-0.5108690689086912,-0.3811501100110437
1077,0.578062866973877,0.2692801513671875,2.6639569623612296,2.1063828231673494,0.4062356861552382,-0.30878271560668946,-0.5575741391938802
1384,-0.17649080810546874,-0.32729664916992185,2.6031384422942034,1.983871668644277,0.4062337386459463,-0.1508058410644531,-0.6192667736499264
1822,-0.24159254760742188,-0.28856751708984374,2.4906641912797127,1.8551285427259714,0.4061122083404991,-0.04697496948242186,-0.6355356485537413
1587,0.9084991638183594,0.70155654296875,2.409637611600189,1.8069223227761957,0.40609096770629505,-0.20694262084960935,-0.6027152888239935
1331,-0.48251357421875,0.0297964111328125,3.165388873262171,2.7866067469758042,0.4059374202849393,0.5123099853515625,-0.37878212628636687
241,0.15303438720703125,-0.054371875,2.4928674901047363,1.8904566260004823,0.4059162067935258,-0.20740626220703123,-0.602410864104254
1501,-0.4907565032958984,-0.19482745361328124,2.3441387106208946,1.7799228182507392,0.40591357564910774,0.2959290496826172,-0.5642158923701555
879,0.6990380432128906,0.41310693359375,2.638702008401344,2.069726390248677,0.40548985350024236,-0.28593110961914064,-0.5689756181526668
1967,-0.07157978210449219,0.2651641571044922,2.435059998820981,1.894712661052932,0.40537172602700217,0.3367439392089844,-0.540347337768049
154,-0.3711369323730469,-0.1108953857421875,2.527759626983434,1.9470082000312803,0.4049978824997847,0.2602415466308594,-0.5807514269521539
1280,-1.417113330078125,-1.21186923828125,2.6137114784090314,2.011332811672641,0.4049851953566353,0.20524409179687497,-0.6023786667363904
2188,-0.6942136352539062,-0.265183447265625,2.7255854487154485,2.25564809274421,0.40490802074249854,0.42903018798828124,-0.46993735597123854
1444,0.7393349655151367,0.514247021484375,2.6967282061957465,2.101555077564583,0.4048956355926028,-0.2250879440307617,-0.5951731286311635
1093,0.07672674560546874,-0.09652581787109375,2.5993533433941325,1.9870902323989892,0.40488256783665144,-0.17325256347656248,-0.6122631109951433
1103,-0.9174092895507813,-1.18148466796875,2.5780392811514927,1.9991321536429505,0.404869267766785,-0.2640753784179688,-0.5789071275085422
2095,-0.5818009338378907,-0.157494580078125,2.747672193403007,2.273584411095877,0.4047951071738002,0.42430635375976566,-0.4740877823071301
591,-0.7598556762695312,-0.44669265747070314,2.463782394299698,1.9099931334146454,0.4047536218148079,0.3131630187988281,-0.5537892608850525
1003,-0.05158701782226562,0.1718998291015625,2.489888857262123,1.8942325672021891,0.40475278663591885,0.22348684692382814,-0.595656290059934
1084,-0.56470068359375,-0.3530826171875,2.620413496791658,2.020495913623537,0.40468331262379936,0.21161806640625003,-0.5999175831681209
60,0.1532328125,-0.264142919921875,3.1302573383909964,2.650295052547032,0.40456629784726006,-0.417375732421875,-0.4799622858439645
608,0.3638754608154297,0.19227010498046876,2.636165501215941,2.0239572755907043,0.4042473096744441,-0.17160535583496095,-0.6122082256252366
688,0.44562410278320314,0.203244287109375,2.605679259591477,2.0182059629223366,0.4038728493453868,-0.24237981567382813,-0.5874732966691405
1943,0.3271450225830078,0.1439588134765625,2.6390016126642224,2.0304878373752486,0.40384620192322995,-0.1831862091064453,-0.6085137752889738
1439,0.3357992431640625,0.071381298828125,2.658453426191521,2.0806922371478533,0.4037248408519955,-0.2644179443359375,-0.5777611890436676
1367,-0.4184913948059082,-0.651734912109375,2.6057049519909414,2.0146779708696334,0.4037154307774596,-0.23324351730346676,-0.591026981121308
463,0.6634786499023437,0.4295349656581879,2.3655180627815975,1.7749452246471364,0.4035059245399216,-0.23394368424415585,-0.590572838134461
1759,0.34480577697753906,0.155118212890625,2.5242015870059284,1.9179964116257104,0.403466086626988,-0.18968756408691406,-0.606205175380218
807,0.28419242248535154,0.059309002685546876,2.5686729234693457,1.974639992241177,0.4034476758843854,-0.22488341979980467,-0.5940329312281687
575,-0.5246587707519531,-0.2478756103515625,2.8045048700940933,2.2328747624030734,0.40336989790007544,0.27678316040039064,-0.57163010769102
1310,0.23025192565917968,0.3953847839355469,2.6614567355698466,2.0482157983913716,0.4033333079140572,0.1651328582763672,-0.613240937178475
2196,-0.49057818603515624,-0.28504677734375,2.6458585636477365,2.0449675258570643,0.4033131992558249,0.20553140869140624,-0.6008910377906722
1290,0.44494912719726565,0.138923095703125,2.6784321300727667,2.1221304343887994,0.4031235085729101,-0.30602603149414065,-0.5563016956839673
676,0.19671345520019531,0.26579990234375,2.637464109104379,2.006330485223458,0.4031025883719829,0.06908644714355469,-0.6311336238809209
101,-0.03498514404296875,0.0813152587890625,2.6355233369053903,2.011463714365946,0.4029761961829665,0.11630040283203125,-0.6240596225394444
2266,0.60649580078125,0.360193701171875,2.6034955348154405,2.0185392876646526,0.40283853535272013,-0.246302099609375,-0.5849562471507879
1867,-0.6758857192993164,-0.5152797119140625,2.5021939726192746,1.8883769229986558,0.4025656600131934,0.16060600738525388,-0.6138170496206188
1979,-0.5766954528808593,-0.25364931640625,2.4734585769341666,1.9275359709600943,0.40239029800469406,0.32304613647460934,-0.5459226059740723
1387,-0.47252754516601564,-0.2535607666015625,2.4992147993477927,1.9040668704699761,0.4021475073624488,0.21896677856445312,-0.5951479288778165
2058,0.0503399169921875,-0.046028662109375,2.621185696857781,1.9944284616781265,0.40211153488809875,-0.09636857910156249,-0.6267572351796544
365,0.5585014099121094,0.21807783203125,2.569381865243189,2.0344458932183698,0.4020447065433438,-0.3404235778808594,-0.5349359720248192
1395,-0.2349673095703125,-0.291629833984375,2.689269339745871,2.0577787165472192,0.40199104886079573,-0.05666252441406247,-0.6314906231986517
1600,0.49960067138671876,0.7964138671875,2.7075702012720795,2.1473759072274117,0.4019157202816766,0.2968131958007812,-0.5601942940446678
549,-0.4004736267089844,-0.17665809326171875,2.4945354586565345,1.9014625337950133,0.4018288872160837,0.22381553344726565,-0.5930729248615212
1859,0.2868930908203125,-0.1149193359375,3.35486735695964,2.864710887969387,0.4017065903899954,-0.4018124267578125,-0.4901564689902531
1854,0.15731331176757812,0.1218580078125,2.560863527186281,1.9282952451154927,0.40139971006053565,-0.03545530395507812,-0.6325682820707885
338,-0.2627939483642578,-0.1681962890625,2.680940310710845,2.05453512502808,0.4013321737956311,0.09459765930175779,-0.6264051856827653
245,-0.10428887329101562,0.0064972412109375,2.583367420303043,1.959626422721674,0.4013263952302413,0.11078611450195312,-0.623740997581369
1631,-0.1071521728515625,-0.39936279296875,2.621754322992174,2.059838375096714,0.4011365790085244,-0.29221062011718746,-0.5619159478954598
1578,0.014748561096191406,0.0227392578125,2.3761049657152995,1.7429161294528481,0.4009919536014095,0.007990696716308594,-0.6331888362624514
1144,-0.4097322998046875,-0.019403369140625,2.7409574366012612,2.242634086194166,0.4006828356743033,0.3903289306640625,-0.4983233504070954
2048,0.5048596801757812,0.2749360534667969,2.5027589151686374,1.9140893122357665,0.3993967755361562,-0.2299236267089843,-0.5886696029328709
1024,-0.486214501953125,-0.431269140625,2.7016489677030906,2.072137008696506,0.39930429926378624,0.054945361328125,-0.6295119590065847
1157,-0.10693431396484375,-0.07754755859375,2.46145807358114,1.830402358436138,0.3990948970084107,0.029386755371093753,-0.6310557151450022
551,0.5702309875488282,0.3240020141601562,2.3946267277299023,1.8129957515966366,0.3989232997337747,-0.24622897338867195,-0.5816309761332656
1316,0.5293620239257812,0.36711368408203127,2.577077321369937,1.9667806192938033,0.398786588347058,-0.16224833984374998,-0.6102967020761336
97,0.2576921875,0.03219306640625,2.4390966043419184,1.8493661769602427,0.39863183059382756,-0.22549912109375,-0.5897304273816757
2263,0.168532080078125,0.33081477661132813,2.7382846893246047,2.128189406235216,0.39855192804200895,0.16228269653320312,-0.6100952830893887
760,-0.9186241424560547,-0.6940764923095704,2.7635665938896565,2.173851692735304,0.39818531182979544,0.22454765014648437,-0.5897149011543523
840,-0.5550103363037109,-0.190877685546875,2.9419731192424026,2.426884913175671,0.39790844737624365,0.3641326507568359,-0.5150882060667317
711,0.04839111328125,-0.177464453125,2.461144553322788,1.8722036302618357,0.3978621477325746,-0.22585556640625,-0.5889409230609524
790,-0.4212835388183594,-0.5583998046875,2.7300165576026716,2.115041345268409,0.396995382151468,-0.13711626586914055,-0.6149752123342624
2024,-0.20276702575683594,0.11511341552734375,2.6394248953510044,2.0954383391865075,0.39696934823873425,0.3178804412841797,-0.543986556164497
1606,-0.028046630859375,-0.010972265625,2.746581687511196,2.1168005383209687,0.3969158298235201,0.017074365234375,-0.6297811491902272
1107,-0.3526135406494141,-0.2207048828125,2.5651420269231555,1.9491630008644778,0.3968300545565332,0.13190865783691408,-0.6159790260586777
839,-0.9334301513671875,-0.790065625,2.5814367094144464,1.9680477689900635,0.3967993796554351,0.14336452636718755,-0.6133889404243829
176,-0.0269152099609375,-0.0755303466796875,2.8749054116696615,2.246869968195764,0.39679194977763815,-0.04861513671875,-0.6280354434738977
1245,0.7318961715698242,0.39550498046875,2.739318994454764,2.2068484823235552,0.39668387973967095,-0.33639119110107424,-0.5324705121312086
1449,0.390022265625,0.1655802001953125,2.5416818517480975,1.953405063784715,0.39644381999085865,-0.22444206542968748,-0.5882767879633826
86,0.7853394012451171,0.79693837890625,2.5885786467499647,1.9593100028536987,0.3961135624738291,0.011598977661132825,-0.629268643896266
312,0.04879277038574219,-0.152682080078125,2.4244354871412486,1.8282342157190892,0.396048071414837,-0.2014748504638672,-0.5962012714221594
1793,0.98546044921875,0.95029404296875,2.594177340641973,1.9661109823223575,0.39570402658140374,-0.035166406250000004,-0.6280663583196155
317,0.22321456909179688,0.1826234375,2.3392361536123167,1.7116785039300144,0.39547624363867784,-0.040591131591796864,-0.6275576496823023
1390,-0.018962744140625,0.14298272705078124,2.610687884057837,2.0030507082942837,0.39544927300931415,0.16194547119140623,-0.6076371757635535
1958,0.5259058776855469,0.774868115234375,2.353999946849589,1.7765898562071258,0.39538460850105656,0.24896223754882818,-0.5774100906424631
141,0.24152100830078124,0.30328974609375,2.363248158540654,1.7375425105706521,0.39532293487009634,0.061768737792968736,-0.6257056479700018
2250,-0.2304189208984375,-0.077978271484375,2.4615584150312135,1.8515737945018875,0.395319388876087,0.1524406494140625,-0.609984620529326
145,-0.009305967712402344,0.2937404052734375,2.458158390770065,1.907410913629666,0.3951598877563869,0.3030463729858398,-0.5507474771403988
2251,0.6548284118652343,0.559286865234375,2.5362118702886636,1.915063337171292,0.3949536873264792,-0.09554154663085934,-0.6211485331173716
437,-0.5097800567626953,-0.277231201171875,2.463861942897221,1.8803049331184265,0.394617753898568,0.23254885559082034,-0.5835570097787943
1174,0.028768384170532228,0.34776458129882815,2.4605776652655895,1.919453926894338,0.39457347401119325,0.3189961971282959,-0.5411237383712515
193,0.07836418151855469,-0.10170552978515625,2.7616215350779303,2.1598653028316765,0.3945356639762091,-0.18006971130371094,-0.6017562322462537
2176,0.30347521362304686,0.0918552978515625,2.399021755838419,1.8076631282470679,0.3944880151778562,-0.21161991577148437,-0.5913586275913509
1604,-0.23221298828125,0.0180202880859375,2.496449614418168,1.9206975876950247,0.39410708887726437,0.2502332763671875,-0.5757520267231433
1628,0.23265194091796876,0.1520704833984375,2.6486976595998817,2.0262133578919093,0.39398007716883404,-0.08058145751953125,-0.6224843017079724
1891,0.03686671752929688,-0.11774201583862305,2.4948839556812294,1.8865458255629048,0.3939791409894922,-0.15460873336791991,-0.6083381301183246
704,1.3581440795898438,1.0340267333984374,2.4951502190898505,1.9577042506299118,0.39390022311600137,-0.3241173461914064,-0.5374459684599386
1308,0.002713507080078125,0.2017247802734375,2.593481544571501,1.9982981247924885,0.3938487900378821,0.19901127319335937,-0.5951834197790125
1695,-0.5277741638183594,-0.620121044921875,2.488419907728864,1.8676899765173494,0.39383359395139855,-0.09234688110351563,-0.6207299312115147
1208,-0.20156609802246095,0.06449814453125,2.603598188971003,2.0352591011167664,0.3937994999486657,0.266064242553711,-0.5683390878542367
696,-0.10924678039550781,-0.45878330078125,2.7293051190711743,2.2081716021315474,0.39375592156123684,-0.34953652038574223,-0.521133516939627
2077,0.05229600830078125,0.0286642822265625,2.4951219500212263,1.8681334332824386,0.3936730585995519,-0.02363172607421875,-0.6269885167387876
346,0.3622249206542969,0.26428544921875,2.5549187660587647,1.9351949851391048,0.3936497047024329,-0.09793947143554688,-0.6197237809196599
1660,0.39966416625976564,0.34198076171875,2.6320460518037265,2.0073598625711964,0.39356021017730297,-0.057683404541015615,-0.6246861892325302
2034,0.3746966796875,0.2539363037109375,2.458781035426221,1.8434537790670027,0.3932107008245641,-0.12076037597656247,-0.6153272563592185
1183,0.19920469970703125,0.31402734375,2.594916537094746,1.9785172905008552,0.39313227078653445,0.11482264404296877,-0.6163992465938908
2003,-0.25004138793945313,-0.1500367431640625,2.5413866645164087,1.9224129528935008,0.39312938465689085,0.10000464477539062,-0.6189737116229079
1903,-0.36275155029296874,-0.18627998046875,2.4942578538753515,1.892686942541296,0.39302977631951014,0.17647156982421874,-0.6015709113340555
1382,1.1012598205566406,0.847938427734375,2.5030568059199996,1.9296153731009662,0.39300680493495854,-0.2533213928222656,-0.5734414328190334
459,0.1058260986328125,0.10957484741210938,2.6498110324255557,2.022925372099094,0.3929996842403541,0.0037487487792968732,-0.6268856603264616
2191,-0.9469988784790039,-1.2303195678710936,2.59299099262685,2.034054738779771,0.39268034890221537,-0.28332068939208976,-0.558936253847079
1509,-0.3839465423583984,-0.232698193359375,2.522899266586963,1.9149698536386868,0.3924542342025661,0.15124834899902342,-0.6079294129482762
11,-0.08205520629882812,0.1189971435546875,2.5822020491951077,1.989056286408951,0.3922439432927921,0.2010523498535156,-0.5931457627861567
453,0.846113427734375,0.5943962890625,2.8008043536297107,2.227355284784183,0.3922053524609586,-0.25171713867187506,-0.5734490688455276
1863,-0.35775704345703124,-0.029583837890625,2.608164555208686,2.0748746265319777,0.3920958008797394,0.3281732055664062,-0.5332899286767083
1541,0.5855495239257813,0.29855439453125,2.5094445913247885,1.953008307605804,0.39198754213517795,-0.2869951293945313,-0.5564362837189845
1391,0.19470797119140626,0.447968310546875,2.51540748954427,1.94283510227756,0.39197993815074667,0.25326033935546877,-0.5725723872667101
1879,0.03706725463867187,-0.2367799072265625,2.723749893446066,2.160883123118442,0.3918112692006941,-0.2738471618652344,-0.562866770327624
268,0.3126783630371094,0.37372518310546876,2.710770494739665,2.0878972236475217,0.3916978260814852,0.061046820068359375,-0.6228732710921432
1962,0.36853598022460937,-0.046145556640625,3.1576321289440528,2.6890941387783487,0.3914886252454301,-0.41468153686523435,-0.4685379901657041
691,-0.1763043212890625,-0.0272457763671875,2.444912919313083,1.837289309229287,0.3914249013454915,0.149058544921875,-0.607623610083796
1732,-0.6645292785644531,-0.28090264892578126,2.4423248479341932,1.948112386663765,0.39141534784290116,0.38362662963867183,-0.49421246127042817
2267,0.6715765747070312,0.562242431640625,2.5192483267835177,1.9034450248117427,0.3911676615594065,-0.10933414306640621,-0.615803301971775
1735,-0.35220526123046875,-0.17247319641113282,2.58466123332139,1.985821980456572,0.39091206589591526,0.17973206481933593,-0.5988392528648179
2004,-0.9794075317382812,-1.07604072265625,3.3616757229227483,2.744109090410355,0.3907265191796859,-0.09663319091796885,-0.6175666325123932
148,0.06824313354492187,0.03801640625,2.552257520822447,1.927953654221549,0.39066897289579344,-0.030226727294921867,-0.624303866600898
190,-0.21449642944335937,-0.024390380859375,2.4229441512258885,1.8275540028855095,0.3906297384489947,0.19010604858398436,-0.595390148340379
2165,-0.2916730834960938,-0.0038517822265625,2.3939372620911588,1.83971407325404,0.39000444450927085,0.28782130126953126,-0.5542231888371187
1457,-0.2414004638671875,-0.350482470703125,2.694385894625928,2.0795485370675073,0.3899238604647768,-0.1090820068359375,-0.6148373575584207
937,-0.6433672058105468,-0.535338525390625,2.457532866360163,1.8427854771286096,0.38958454836028084,0.10802868041992186,-0.6147473892315536
1630,-0.21320552978515625,-0.138579931640625,2.5687940898753654,1.9492044527950998,0.3894602982756843,0.07462559814453126,-0.6195896370802656
2246,-0.8913615997314454,-0.7287097412109375,2.521716976184175,1.9193225045187354,0.38933472657325924,0.1626518585205079,-0.6023944716654395
1231,-0.5143255676269531,-0.3970951904296875,2.550701409686625,1.937925734966363,0.38923698886668573,0.11723037719726564,-0.6127756747202622
2065,-0.13268958740234374,-0.198415576171875,2.5731321667353977,1.952726934056957,0.3892225583345226,-0.06572598876953126,-0.6204052326784406
2021,-0.3359150207519531,-0.03453837890625,3.218739049250158,2.67262783938264,0.38906533379315733,0.3013766418457031,-0.5461112098675178
138,0.41986707763671877,0.1332391387939453,2.549570489680663,1.9956673590706797,0.3889642534247967,-0.2866279388427735,-0.5539031306099831
1533,0.45449833374023435,0.4367948760986328,2.599505886836678,1.9761599722480487,0.3888735416468027,-0.017703457641601528,-0.6233459145886293
1939,-0.49585695190429685,-0.418356640625,2.668911825620087,2.0502173452373826,0.38878915830441246,0.07750031127929685,-0.6186944803827044
92,0.38265921630859373,0.26334794921875,2.6532995522031038,2.041293477642521,0.3887866137536375,-0.11931126708984374,-0.6120060745605826
911,-0.47691806793212893,-0.38514993896484373,2.6193536911362476,2.0028024003254576,0.38855688369460756,0.0917681289672852,-0.61655129081079
775,0.2622721496582031,0.16546485290527344,2.656844557806367,2.041066905695603,0.38855376954365495,-0.09680729675292968,-0.6157776521107641
1833,-1.1830398315429687,-1.00260380859375,2.7228935210041,2.126252842588235,0.38853725751827417,0.18043602294921857,-0.5966406784158647
2243,0.12831302490234375,0.11470804443359375,2.555925082154845,1.9328404463558806,0.3884195588622831,-0.01360498046875,-0.6230846357989643
1798,0.21056627807617187,-0.00999794921875,2.500370127123738,1.917477232615936,0.38841270482988954,-0.22056422729492187,-0.582892894507802
1755,0.34434810943603517,0.41363787841796873,2.5725035615520095,1.9531528415917192,0.38839638640089974,0.06928976898193356,-0.6193507199602903
374,-0.5795423828125,-0.44154903564453124,2.5315429455194045,1.9238716832357547,0.3883065268680238,0.1379933471679688,-0.6076712622836498
1543,-0.4049651062011719,-0.25368623046875,2.521062124351349,1.9167253004686298,0.38810829494351823,0.15127887573242188,-0.6043368238827191
1585,0.20096803588867188,0.229875732421875,2.3422523159994113,1.719971009746864,0.3880696790302325,0.02890769653320313,-0.6222813062525474
1860,0.7041631172180176,0.54737529296875,2.55015603972112,1.94734630622778,0.3879619966271308,-0.15678782424926763,-0.60280973349334
1983,-0.6389616271972657,-0.41309111328125,2.662968027815113,2.0826094289909105,0.38783359228587677,0.2258705139160157,-0.5803585988242026
82,-0.5930689208984375,-0.288549365234375,2.5289674502053727,1.9857950352703035,0.38776843212823303,0.3045195556640625,-0.5431724149350692
247,-0.04621626586914063,-0.3002378662109375,2.5896075466533466,2.0213729698503347,0.3874175077147056,-0.2540216003417969,-0.5682345768030119
1437,0.44705103759765624,0.35828392333984377,2.393416886855575,1.7774014946319199,0.3873545640301232,-0.08876711425781247,-0.6160153922236551
1087,-0.34768646240234374,-0.3761294921875,2.7119917968132525,2.0902935578183146,0.38731770631276624,-0.028443029785156282,-0.6216982389949379
1433,0.0996263671875,0.0617165283203125,2.650863860209964,2.0296792529789096,0.38730747214373534,-0.0379098388671875,-0.6211846072310543
1167,-0.36940540771484376,-0.058658837890625,2.7472711858051904,2.2082542870288404,0.38710264782399195,0.3107465698242188,-0.53901689877635
267,-0.22497957153320314,-0.22303324279785156,2.505990686321344,1.883921860179449,0.38697341265310115,0.0019463287353515824,-0.622068826141895
180,0.6592736526489258,0.5471680419921875,2.5949756672108695,1.9831139739115053,0.3869423996678853,-0.1121056106567383,-0.6118616932993641
1476,-0.5150642181396484,-0.30484853515625,2.4007449159304786,1.8153405603542123,0.38688889289984024,0.21021568298339843,-0.5854043555762662
2072,-0.03376299438476563,0.0163691162109375,2.4922811988087554,1.872501391192675,0.3866402384414056,0.050132110595703126,-0.6197798076160805
1733,0.2757234497070313,0.111063427734375,2.4682455257559957,1.868687242502085,0.38658305785441216,-0.16466002197265628,-0.5995582832539106
559,-0.7075732055664062,-0.43944296875,2.5322002567228723,1.9712855379247394,0.3865191456596106,0.26813023681640624,-0.5609147187981329
192,0.7327673522949218,0.455005549621582,2.639720703861491,2.083520592477482,0.38651018292792755,-0.27776180267333983,-0.5562001113840092
1358,-0.24437763061523438,0.05324702758789063,2.872341370013353,2.326563859347656,0.386453528318972,0.297624658203125,-0.545777510665697
1418,0.7149329345703125,0.4913969360351563,2.5359444235609816,1.9559691629489782,0.38633964556307065,-0.2235359985351562,-0.5799752606120034
1124,-1.0119560791015625,-0.70138232421875,3.231177761289344,2.692825032264628,0.3862797180703689,0.31057375488281247,-0.5383527290247163
373,0.26176964721679685,0.354276318359375,2.5886627615127544,1.9741032637558251,0.3862408604891303,0.09250667114257816,-0.6145594977569293
1274,-0.040825930786132815,-0.2658996337890625,2.4881841319730964,1.909106632783456,0.38598892185117895,-0.2250737030029297,-0.5790774991896404
1938,0.25301437377929686,0.322032568359375,2.625521589217607,2.0081587396859812,0.3859003991649025,0.06901819458007813,-0.6173628495316259
1766,-0.35577102661132814,-0.271679541015625,2.6930765914224457,2.077704959704334,0.3857536230731037,0.08409148559570312,-0.6153716317181117
2023,-0.9645764465332032,-0.762323291015625,2.651387753987627,2.064207261351218,0.38568726984955365,0.20225315551757816,-0.587180492636409
17,0.6066416976928711,0.4371394287109375,2.4412526113969886,1.8438916850424518,0.3855710955251741,-0.1695022689819336,-0.5973609263545367
517,0.18173551330566406,0.070828369140625,2.580451151522428,1.9694951383560082,0.38556764465105126,-0.11090714416503906,-0.6109560131664198
1638,-0.6120710815429687,-0.5436541625976562,2.551090554633417,1.9340600229133416,0.3854075518727283,0.06841691894531254,-0.6170305317200753
250,-0.5671933120727539,-0.47871806640625,2.660960753162883,2.0464911521225235,0.38540075969844667,0.08847524566650394,-0.6144696010403594
1360,0.6533082550048828,0.3860348876953125,2.4134093589923804,1.8532333629574669,0.3852321994067039,-0.26727336730957024,-0.5601759960349135
514,-0.03300708312988281,-0.334332421875,2.550436720620111,2.007836322272979,0.38521215205632586,-0.3013253387451172,-0.5426003983471319
2096,0.5658808410644531,0.43079541015625,2.5316339757907116,1.9260650160041215,0.3849618387006677,-0.13508543090820313,-0.6055689597865901
133,0.09289977569580078,-0.17239149169921875,2.441388402704257,1.880542296584307,0.3849278113059659,-0.2652912673950195,-0.5608461061199499
166,-0.25740185546875,-0.09043525390625,2.6032949593447356,2.0058634600907257,0.38480224233822474,0.16696660156249998,-0.59743149925401
2026,0.35425066528320315,0.2953155517578125,2.6546627656829265,2.037179448208231,0.3847589949658062,-0.05893511352539066,-0.6174833174746954
399,0.15100556640625,-0.046555224609375,2.63067361137313,2.0427178726411497,0.38472221685458835,-0.19756079101562501,-0.5879557387319805
740,0.1566702697753906,0.19874517822265625,2.4464089275813454,1.8276975521653476,0.3845740639900016,0.042074908447265635,-0.6187113754159979
2230,-0.54131474609375,-0.3932025390625,2.6360424799145985,2.03390659556288,0.3845048490956941,0.14811220703124994,-0.6021358843517186
2169,-0.10154919738769531,0.025816650390625,2.1517047207073046,1.5448695406835187,0.38447099489479086,0.12736584777832033,-0.6068351800237859
1674,0.12740991821289063,0.1001976318359375,2.6101518284247596,1.99072216132937,0.38443362100776646,-0.027212286376953138,-0.6194296670953896
384,-0.3586896638631821,-0.1911464599609375,2.534192562608573,1.937280655274915,0.3843745502905345,0.1675432039022446,-0.596911907333658
2273,0.118854931640625,0.3272951171875,2.5396956001887108,1.9559020677518175,0.3842621994659616,0.208440185546875,-0.5837935324368932
697,0.2334274169921875,-0.07049993896484374,2.4144576963778572,1.8742504445188797,0.38419571266006075,-0.30392735595703124,-0.5402072518589776
1030,0.6313389617919922,0.2580484130859375,2.6602799977212004,2.165479328014408,0.38417353649555763,-0.3732905487060547,-0.4948006697067924
1008,-0.2266594482421875,-0.1872720703125,2.6215373187866935,2.0031570535614267,0.38394551796024734,0.039387377929687495,-0.6183802652252668
875,-0.6746795471191406,-0.475199462890625,2.655657337727339,2.0691480683217236,0.38378542710252456,0.1994800842285156,-0.5865092694056155
819,0.3034134460449219,0.1272512939453125,2.508470313480948,1.9145772338725005,0.3837420938391715,-0.17616215209960936,-0.5938930796084474
2001,0.14214827880859374,-0.06446796875,3.6036569965654306,3.019709838160659,0.38368455756420167,-0.20661624755859373,-0.5839471584047717
1291,-0.35034154663085937,-0.54412666015625,2.458207675439372,1.8699179358798148,0.3836374878950999,-0.19378511352539063,-0.588289739559557
1089,0.3960977081298828,0.304968212890625,2.4720595432191654,1.8594484547532835,0.3835969306139146,-0.09112949523925784,-0.612611088465882
100,0.14310906982421875,-0.13254527587890624,2.601454179933753,2.0470774033888053,0.383318928677385,-0.27565434570312497,-0.5543767765449479
2029,-0.265457421875,-0.044132568359375,2.651571482703914,2.073785242969292,0.382821629610387,0.22132485351562498,-0.5777862397346221
882,-0.3039554702758789,-0.151540087890625,2.612547179840148,2.0130485046177116,0.38262911038109926,0.15241538238525387,-0.5994986752224363
2018,-0.4282084716796875,-0.3281048583984375,2.549365067386944,1.9390673133641925,0.38248408195717687,0.10010361328125,-0.6102977540227514
1297,0.045529107666015624,0.2038013671875,2.5099519783999455,1.91210203787566,0.382474659518928,0.15827225952148438,-0.5978499405242856
795,0.13266278686523436,0.43535120849609377,2.4717016270721324,1.932464620825357,0.3823968294953657,0.3026884216308594,-0.5392370062467753
104,-0.17896595153808595,-0.243815283203125,2.597679959225355,1.9827273692226304,0.38237212376846136,-0.06484933166503906,-0.6149525900027246
1440,0.35567247314453126,0.5491265380859375,2.624861385316056,2.0376822688391036,0.3822037900690083,0.1934540649414062,-0.5871791164769524
1614,-0.389414306640625,-0.3419986328125,2.516843770925155,1.900483247485777,0.3821485409790393,0.047415673828125005,-0.6163605234393781
556,-0.3968091796875,-0.4185084716796875,2.593835342897448,1.976186996643486,0.3819603389032165,-0.021699291992187508,-0.6176483462539621
1049,-0.5122318511962891,-0.40304990234375,2.5428595623785606,1.9347089156452546,0.38176790707737684,0.10918194885253912,-0.608150646733306
1161,-0.14088495178222657,0.0793304443359375,2.546105843249831,1.9688542331334813,0.38171424206939825,0.22021539611816407,-0.5772516101163498
857,-0.7543625762939453,-0.55345068359375,2.622312294100459,2.0381287476594507,0.3816360045607685,0.20091189270019527,-0.5841835464410083
555,-0.23048314819335938,0.13754345703125,3.1047714764268735,2.6087349204818446,0.3814958469869562,0.3680266052246094,-0.4960365559450288
270,-0.008725687408447265,-0.10530400390625,2.6462661179609355,2.0363191248271275,0.3813627056505233,-0.09657831649780274,-0.609946993133808
2045,0.25365478668212893,0.39559697265625,2.550230739043098,1.9492203925579417,0.3813610207413194,0.14194218597412106,-0.6010103464851562
864,-0.44694253540039064,-0.15030791015625,2.557668739821104,2.0162164050555664,0.3811627317167835,0.29663462524414064,-0.5414523347655376
938,-0.4579909423828125,-0.456417138671875,3.2978841745220913,2.680523478954797,0.38113670528945376,0.0015738037109375158,-0.6173606955672941
1959,-0.030761517333984374,-0.033079931640625,3.414329674450739,2.797233431328703,0.38081314832022867,-0.002318414306640624,-0.6170962431220364
25,0.2865398590087891,0.2782279052734375,2.6139045935507466,1.9969035909877046,0.3807593257386975,-0.008311953735351596,-0.6170010025630419
469,-0.07757086486816406,-0.222088818359375,2.4549569560180498,1.855118314211621,0.38069183508546894,-0.14451795349121094,-0.5998386418064288
201,-0.466167724609375,-0.4301439453125,2.533210617536074,1.9173976696658692,0.38052329943942126,0.036023779296875,-0.6158129478702046
1123,-0.5034990997314454,-0.187425390625,2.595814745046295,2.066256608384289,0.38033440969324206,0.3160737091064454,-0.5295581366620064
631,-0.22132677612304688,-0.23488965454101562,2.3863358892934325,1.7697928288224092,0.38030929708595657,-0.013562878417968743,-0.6165430604710234
612,0.9174686553955078,0.971894140625,2.693873487801911,2.0796600360563553,0.38022029774765553,0.0544254852294922,-0.6142134517455555
1270,0.7699473251342773,0.6481678466796875,2.6007788714224844,1.9963208475642615,0.3801997439792599,-0.1217794784545898,-0.6044580238582229
793,-0.458717138671875,-0.235872314453125,2.4229637477962482,1.8481915511672842,0.38002289369877007,0.22284482421875002,-0.5747721966289641
500,0.03218102722167969,0.1972435302734375,2.4464419153580805,1.8527496170361193,0.3797161750005242,0.1650625030517578,-0.5936922983219612
99,-0.5394630676269532,-0.228648388671875,2.495034266479563,1.9631290327581685,0.37952894231415946,0.3108146789550782,-0.5319052337213943
893,-0.4227971435546875,-0.55144912109375,2.585763881630271,1.9833169199701781,0.3794936729381889,-0.1286519775390625,-0.6024469616600929
407,0.4600873779296875,0.3079367919921875,2.5511900663876994,1.9544386858464466,0.3792620109790157,-0.15215058593750003,-0.5967513805412528
1778,-0.4097171630859375,-0.1951542236328125,2.534546529801887,1.9577189171978604,0.37876734964922637,0.21456293945312496,-0.5768276126040266
2202,-0.031271807861328126,0.1144772705078125,2.6005868389173425,2.0027776482287947,0.3786186223171505,0.14574907836914064,-0.5978091906885479
2010,0.490594775390625,0.389834423828125,2.5446765989408737,1.937847161004746,0.3783946151928752,-0.10076035156250002,-0.6068294379361276
157,0.291961865234375,0.108631787109375,2.6123479688315197,2.0252042063199855,0.3783477154015194,-0.18333007812500002,-0.5871437625115341
1472,0.5697588928222657,0.538140087890625,2.455037969257081,1.8408740700495914,0.3781970439150528,-0.03161880493164071,-0.6141638992074898
2055,0.5474926391601562,0.5477106201171875,2.616182343312056,2.001304875653245,0.3780743477502094,0.00021798095703129405,-0.6148774676588107
706,-0.1436692138671875,0.0411359375,2.682361720383965,2.0959758726302287,0.3780013064177173,0.1848051513671875,-0.5863858477537365
1056,-0.03281971130371094,0.147278173828125,2.525122060510526,1.93731369331818,0.3779539247702918,0.18009788513183594,-0.587808367192346
75,-0.5887101379394531,-0.309258251953125,2.571312118899036,2.0237823366023515,0.37788221908317066,0.27945188598632814,-0.5475297822966847
1454,0.6659819030761719,0.6250771362304688,2.4422698143101695,1.8290853661618036,0.3776683674017174,-0.0409047668457031,-0.6131844481483659
932,-0.03517723999023437,0.140163134765625,3.1314957294665073,2.5426021764826703,0.3775398637654525,0.17534037475585937,-0.588893552983837
1584,0.1663213623046875,0.23641949462890624,2.7032526769398557,2.092880799971824,0.3774675763488218,0.07009813232421874,-0.6103718769680317
1516,-0.08016037902832031,0.0139166259765625,2.684201701547639,2.0771573848328124,0.37735328532645934,0.09407700500488281,-0.6070443167148265
1878,-0.4550244873046875,-0.3633677490234375,2.465518894124806,1.8581104355601452,0.37734599320825485,0.09165673828124998,-0.6074084585646609
1277,-0.14006181640625,0.03494080810546875,2.4844927273881794,1.8957950130327461,0.3771909174733009,0.17500262451171877,-0.5886977143554333
705,0.18406825256347656,0.030004248046875,2.666373392617199,2.071946591912112,0.37707893888417665,-0.15406400451660157,-0.594426800705087
324,-0.33015712890625,-0.39493427734375,2.5160346535593483,1.9054088009417678,0.3770600108446411,-0.06477714843749999,-0.6106258526175805
191,-0.7432599304199219,-0.44435219078063964,2.8372360220696904,2.301167524963115,0.3767152704063672,0.29890773963928224,-0.5360684971065752
2076,-0.8963878143310546,-0.620676708984375,3.0834210681422918,2.5351566937609684,0.37661043782723175,0.27571110534667964,-0.5482643743813234
663,0.8248838577270508,0.31967685546875,3.742207817126533,3.3938977018821457,0.3765540515123772,-0.5052070022583007,-0.3483101152443875
680,-0.5919779113769531,-0.401049609375,2.661837144345197,2.0786746560570952,0.37653210425171935,0.1909283020019531,-0.5831624882881017
1924,0.9543227996826172,0.7207609252929688,3.4659945981309037,2.8988007610884052,0.37625999794739823,-0.23356187438964848,-0.5671938370424985
2265,-0.18754486083984376,-0.302502734375,2.573854499916622,1.9713484528607095,0.3762288494266667,-0.11495787353515627,-0.6025060470559127
637,-0.34527041320800783,-0.335418115234375,2.618437781048448,2.0051609116683324,0.3762055862920363,0.009852297973632851,-0.6132768693801154
2278,0.39080286865234376,0.205885546875,2.467982004122089,1.8831907644355304,0.3761752099074478,-0.18491732177734377,-0.5847912396865587
2140,0.456080810546875,0.26489853515625,2.4331652916143995,1.8505553512615012,0.3759850050215446,-0.191182275390625,-0.5826099403528984
322,-0.24773648376464844,-0.3092543212890625,2.7310411990216994,2.1210010805683113,0.37593339045630403,-0.06151783752441406,-0.6100401184533881
1830,0.5820573814392089,0.261411962890625,3.699757166458086,3.177258402579818,0.37581844269051445,-0.3206454185485839,-0.5224987638782679
1028,0.2533870788574219,0.19605087890625,2.662206867680255,2.0518676179288375,0.37580143961196394,-0.057336199951171896,-0.6103392497514175
1929,0.20229561157226564,0.0961937255859375,2.5084762213961076,1.9048085663900265,0.3756722479103967,-0.10610188598632814,-0.6036676550060811
1920,-0.029416497802734375,0.02839423828125,2.6728718065998374,2.0628607130189973,0.3754556154982645,0.057810736083984376,-0.61001109358084
1083,0.07939177856445312,-0.31218726806640623,2.4114074725009775,1.9402060281525018,0.3753649509164224,-0.39157904663085935,-0.4712014443484758
377,0.4049715148925781,0.378809765625,2.783060510638185,2.171039666212461,0.37525395113631566,-0.026161749267578083,-0.6120208444257238
215,-0.2708961303710937,-0.177198046875,2.6700827528375637,2.06477228277944,0.3751800960128277,0.09369808349609374,-0.6053104700581238
1583,-0.2802998809814453,-0.3353453125,2.6322668659731487,2.0222584872056557,0.3751402216976092,-0.05504543151855468,-0.610008378767493
2069,0.45376824951171874,0.42196708984375,2.5737811078908557,1.9622283644311551,0.375008071789314,-0.03180115966796876,-0.6115527434597006
163,0.38743622589111326,-0.0416104248046875,2.7289198268871067,2.291976348153134,0.3750006320814302,-0.4290466506958008,-0.43694347873397277
751,-0.07047020874023438,0.02659453125,2.555668691572827,1.9510585321976102,0.3749750085690967,0.09706473999023438,-0.6046101593752167
135,-0.2077471435546875,-0.059849609375,2.7940062751315615,2.1997831661274687,0.3749747838909218,0.1478975341796875,-0.5942231090040928
480,-0.12049949645996094,-0.028163427734375,2.605312298927707,1.999979719015426,0.3749534818909543,0.09233606872558595,-0.6053325799122811
2288,-0.09906835327148437,0.084197314453125,2.7005163399844587,2.116254431647064,0.3749482825006012,0.1832656677246094,-0.5842619083373948
603,0.8822968902587891,0.64477509765625,2.7358607606050183,2.171602188002369,0.37480433871670304,-0.23752179260253914,-0.5642585726026494
143,-0.35076554260253906,-0.282108056640625,2.5527818011047354,1.9444983002569032,0.3747226677823052,0.06865748596191407,-0.6082835008478322
1935,-0.1328722106933594,-0.2982111328125,2.6209939432416642,2.0318363264936226,0.37444365653975165,-0.1653389221191406,-0.5891576167480417
1013,0.8613972625732422,0.6755058715820312,2.533870536512828,1.9510132617770235,0.37427821195709615,-0.185891390991211,-0.5828572747358043
1202,-0.8535901794433594,-0.615850048828125,2.331229485716933,1.7675571029867192,0.37424692475770516,0.23774013061523436,-0.5636723827302137
2185,-0.3754974838256836,-0.183204296875,2.673027494677084,2.0923479634449267,0.3741653877396485,0.1922931869506836,-0.5806795312321573
1138,-0.3176046722412109,-0.0934166259765625,2.549068540260737,1.9799679461222706,0.3741357663367158,0.22418804626464842,-0.5691005941384666
1597,-0.09792061462402343,0.092658740234375,2.4833142683014455,1.9021834894511962,0.37403347262534076,0.19057935485839844,-0.5811307788502493
1032,-0.1082877197265625,0.010357568359375,2.532578964172498,1.932617352754678,0.3740306395600622,0.1186452880859375,-0.5999616114178199
1899,-0.45934034423828124,-0.388490234375,2.467607824513564,1.8601638144998858,0.37400796336913683,0.07085010986328122,-0.6074440100136784
218,-0.13463484497070313,-0.176711572265625,2.6725150593748324,2.062510460360722,0.37387606179821675,-0.04207672729492187,-0.6100045990141103
199,0.26838099365234375,0.09367382202148437,2.536695465526023,1.9507416113602871,0.373864515030935,-0.17470717163085936,-0.5859538541657359
562,0.17603597412109376,0.4767979248046875,3.030116038300497,2.497819332564526,0.3737975339163675,0.3007619506835938,-0.5322967057359711
105,0.4453586944580078,0.16008916015625,2.4237670876354387,1.8832640318293483,0.3735222605364634,-0.28526953430175783,-0.5405030558060904
1555,0.1366751007080078,-0.0666407470703125,2.5063049778660664,1.9300201718735093,0.3734415115756964,-0.20331584777832032,-0.5762848059925572
1519,0.3077219879150391,0.2289168212890625,2.5510440934206624,1.9452052224199028,0.373250991902423,-0.07880516662597659,-0.6058388710007596
739,0.3021568298339844,0.17602464599609374,2.493607407385393,1.8959337743563442,0.3731230994178573,-0.12613218383789065,-0.5976736330290486
1273,-0.7776165710449219,-0.641050244140625,2.6654845928154978,2.070222864439403,0.37298688691342696,0.13656632690429693,-0.5952617283760948
1618,-0.6418662841796875,-0.316090625,2.4428189975829073,1.9263579839957266,0.37286175866945803,0.3257756591796875,-0.5164610135871808
717,-0.5633351806640625,-0.18686729125976562,3.293572581506019,2.8130512643091894,0.3726288080331021,0.3764678894042969,-0.48052131719682967
1399,-0.045781842041015625,0.106835009765625,2.617719549355565,2.0267357288776835,0.3725537795220032,0.15261685180664064,-0.5909838204778817
718,0.10472052612304687,0.14937119140625,2.5834248671758817,1.974691090580761,0.37255049267799084,0.04465066528320312,-0.6087337765951206
1749,-0.5209688079833984,-0.572359521484375,2.320987031769449,1.7129308730453754,0.37237329759641524,-0.05139071350097657,-0.6080561587240736
753,-0.43426129150390624,-0.36284012451171876,2.5426950408467803,1.936753417409852,0.37226623410790627,0.07142116699218748,-0.6059416234369284
2016,0.18479713745117188,0.2891640014648437,2.5046859509288035,1.9035607106803307,0.37224399676783243,0.10436686401367185,-0.6011252402484728
843,-0.6205116821289063,-0.562629833984375,2.5426110360009617,1.9353160981005029,0.37215744994414873,0.057881848144531234,-0.6072949379004589
677,0.607801708984375,0.77391767578125,2.657033686307958,2.0701322692111233,0.37204778781513353,0.16611596679687501,-0.586901417096835
1326,0.06754273071289063,-0.08908304443359374,2.5863909420762248,1.9969251433171762,0.3720015613468802,-0.15662577514648438,-0.5894657987590486
80,-0.10743725280761719,-0.32706552734375,2.480386641825316,1.911405326980119,0.3719763156186884,-0.21962827453613282,-0.5689813148451972
580,0.6804776306152344,0.6425211669921875,2.814391085222602,2.205679071003196,0.37197100938581373,-0.03795646362304683,-0.6087120142194058
1691,-0.31747460021972657,-0.489455126953125,2.702616165346863,2.1174794353548916,0.37196229436119466,-0.17198052673339842,-0.5851367299919716
1569,0.1986775634765625,0.281506640625,2.4713353608202016,1.8671787109515894,0.3718659136017266,0.08282907714843751,-0.6041566498686122
146,0.4887303161621094,0.15147750854492187,2.67876799965124,2.170812870261853,0.37175786971866476,-0.3372528076171875,-0.5079551293893871
204,-0.04867203674316406,0.0072129150390625,2.609581751690226,2.0026986861624003,0.37143018306015296,0.05588495178222656,-0.6068830655278257
1328,0.05571315612792969,0.097032470703125,2.926447334084335,2.318506383648673,0.37129948497357984,0.04131931457519531,-0.6079409504356619
1122,0.04915557250976563,0.011398779296875,2.7073731525780564,2.099234486266123,0.37125821289737815,-0.037756793212890626,-0.6081386663119335
766,-0.18174996337890625,-0.3479525390625,2.6399818579768817,2.0538803047984246,0.37113832680206044,-0.16620257568359376,-0.586101553178457
375,-0.16791849975585937,-0.26833165283203125,2.4229192415396743,1.8221131870595895,0.37105071641062537,-0.10041315307617188,-0.6008060544800848
923,-1.1479220825195313,-0.9274691635131836,2.6926908104912934,2.1248527669239192,0.3710395332208425,0.22045291900634767,-0.5678380435673742
61,0.03512513427734375,0.0151828125,2.651864123584037,2.043082397911146,0.3710128857111344,-0.019942321777343747,-0.6087817256728911
353,0.6221062957763672,0.255732568359375,2.6428006557990398,2.156634187299037,0.3705875432351846,-0.3663737274169922,-0.48616646850000267
2028,-0.5924001525878906,-0.6812607788085937,2.5305619311510914,1.9283562206722853,0.37054792862561914,-0.08886062622070312,-0.6022057104788061
577,-0.18432528686523436,-0.03687756958007812,2.637089315788196,2.046540924794696,0.37048823143761495,0.14744771728515624,-0.5905483909934999
2224,0.192584716796875,-0.006804150390625,2.4893494665435116,1.9142967419821832,0.37044155638372156,-0.1993888671875,-0.5750527245613284
690,-0.5561253051757813,-0.5777841552734375,2.9888329365659643,2.3807620988446656,0.3702192494746347,-0.021658850097656224,-0.6080708377212987
2190,-0.06230068359375,-0.172587060546875,2.468257166352547,1.869999872245955,0.3700748748931884,-0.110286376953125,-0.5982572941065922
993,0.25404752197265623,0.122496826171875,2.6887841177162537,2.0950753779267015,0.3697956532681679,-0.13155069580078121,-0.5937087397895522
1752,-0.3063475524902344,-0.1101974365234375,2.5757515940761575,2.0003588698113592,0.369551655130654,0.19615011596679688,-0.5753927242647983
1055,-0.4496729614257812,-0.4715260009765625,2.516079049100642,1.9087198741200704,0.3693627227706888,-0.021853039550781272,-0.6073591749805718
703,0.85212373046875,1.1192177734375,2.709974466005576,2.1642411938997377,0.3691640320727372,0.26709404296874995,-0.5457332721058381
1111,0.37265828552246094,0.349871435546875,2.644598718941184,2.03745469433509,0.36914310714669507,-0.022786849975585943,-0.607144024606094
136,-0.026894976806640623,0.255452099609375,2.468269632813235,1.9303074468118917,0.3691231851280152,0.2823470764160156,-0.5379621860013433
5,-0.38110524291992187,-0.19696641845703125,2.5621242144668535,1.9831706409176082,0.3690943470000166,0.18413882446289062,-0.5789535735492453
2143,-0.33465430908203125,-0.2945763671875,2.6986905276979556,2.092484524400862,0.36909195985993715,0.04007794189453123,-0.6062060032970935
1068,23.164742236328124,23.712121875,25.070567486995774,25.333806037261606,0.36891900317861226,0.5473796386718774,0.2632385502658323
1669,-0.0538666259765625,0.13072742309570312,2.598314771307387,2.0197359411705906,0.368828425635358,0.18459404907226562,-0.5785788301367965
1048,0.46189478454589844,0.24496171569824218,2.4943082165687116,1.9273105653744855,0.36854629281943124,-0.21693306884765626,-0.5669976511942261
791,0.41573885498046875,0.18141163330078125,2.4835398079738797,1.9235356969277184,0.3685138512087228,-0.2343272216796875,-0.5600041110461613
505,0.5371176940917969,0.322948974609375,2.761672043907491,2.1937146267769503,0.3684438680783352,-0.2141687194824219,-0.5679574171305406
111,0.43248075561523436,0.6196347045898437,2.658087111144103,2.0806642838679115,0.3684437220764211,0.18715394897460935,-0.5774228272761914
1039,0.1511827880859375,0.0376240478515625,2.3956004017073025,1.7993925205932315,0.36835942498614843,-0.11355874023437498,-0.596207881114071
960,-0.37734873275756836,-0.14860377197265626,2.455790236089956,1.8936982388476065,0.3682716704483844,0.2287449607849121,-0.5620919972423495
765,0.3104210571289063,0.34593876953125,2.514019181961983,1.9082305997869817,0.3682413141878939,0.03551771240234375,-0.6057885821750013
1106,-0.22132447204589845,-0.0581583251953125,2.555022010810623,1.9707611127252314,0.3679839885096156,0.16316614685058595,-0.5842608980853918
1829,0.15523033142089843,0.1475653137207031,2.437757204923518,1.8312189978293514,0.3679473491613506,-0.007665017700195315,-0.6065382070941667
561,2.3689781127929685,1.8970056640625,8.420831462443479,8.040133212161289,0.367689150128556,-0.4719724487304686,-0.3806982502821903
1257,-1.0297263229370117,-0.67464033203125,2.6430241246528157,2.1516070606878315,0.3675767916934921,0.35508599090576176,-0.4914170639649842
2272,-0.10599373626708984,-0.2520169616699219,2.4467380202455846,1.858316704689897,0.36756242695733243,-0.14602322540283202,-0.5884213155556877
1251,0.29525278701782226,-0.024859033203125,2.639850639332619,2.1250368336140015,0.36750483200365436,-0.32011182022094725,-0.5148138057186173
1213,-0.21921181182861327,0.1612189697265625,2.789488033783951,2.317655906778314,0.3673531356293456,0.38043078155517573,-0.47183212700563715
1142,-0.023617572021484377,0.04356513671875,3.200955440049999,2.598606494951541,0.36733776801490065,0.06718270874023438,-0.6023489450984583
699,-0.3633239807128906,-0.19321396484375,2.4478185271306145,1.8661908257816253,0.36722820047550825,0.17011001586914062,-0.5816277013489892
2009,0.023131573486328126,-0.0656572998046875,2.582203578353764,1.9828265184521159,0.36713632395663165,-0.08878887329101562,-0.5993770599016479
908,-0.5280904541015625,0.00914710693359375,4.089798963017102,3.809661259691692,0.3671013298114386,0.5372375610351563,-0.28013770332540977
700,-0.03275108642578125,-0.520771875,8.362255699940722,8.003508997732355,0.36686348642598043,-0.48802078857421877,-0.35874670220836613
849,-0.1264330596923828,-0.060200462341308596,2.5968891235555076,1.9949761268518997,0.366686012552587,0.0662325973510742,-0.6019129967036079
764,-0.10341815185546875,-0.2517686218261719,2.4081822020593955,1.8211304987001227,0.3666375643575521,-0.1483504699707031,-0.5870517033592728
2088,-0.1313843193054199,-0.055235122680664064,2.8986762218281847,2.297996973201085,0.3666142598778129,0.07614919662475585,-0.6006792486270998
1341,0.6888621337890625,0.87246015625,2.6451516104530346,2.0684083770945634,0.3663409910763509,0.18359802246093748,-0.5767432333584712
1086,0.6660114959716796,0.79678515625,2.5084230543932704,1.9175119329367194,0.3662777036836283,0.13077366027832038,-0.590911121456551
134,-0.3320369323730469,-0.399046630859375,2.530815862961585,1.9293885520162357,0.3662051100421823,-0.0670096984863281,-0.6014273109453492
1513,0.6057191528320313,0.55083759765625,2.4896962651100214,1.887068249180001,0.3661725106822652,-0.054881555175781305,-0.6026280159300204
654,0.0834615478515625,0.1217765625,2.51375128570783,1.9099020558902335,0.3661019326988143,0.038315014648437506,-0.6038492298175964
1349,0.7804344451904297,0.806782080078125,2.788200752617742,2.18380440639691,0.36598914118926706,0.026347634887695315,-0.6043963462208319
1988,-0.14262332763671876,-0.18686881103515626,2.845533731075531,2.242285270345892,0.3658663681738398,-0.04424548339843751,-0.6032484607296387
536,0.13460925903320312,0.1093806640625,2.643570745475921,2.0392622492071175,0.36582524066685823,-0.025228594970703122,-0.6043084962688035
1626,-0.14289583740234374,0.014284619140625,2.5324825321068105,1.9484939224545077,0.3657483921226858,0.15718045654296875,-0.5839886096523028
1434,-0.010795172119140625,-0.2561462890625,2.725652019802718,2.1729881655799534,0.365634506349715,-0.24535111694335934,-0.5526638542227644
2119,0.4669274261474609,0.6255363952636719,2.4737669911726505,1.8904364106639622,0.3654313712407105,0.15860896911621097,-0.5833305805086884
1473,0.9324380554199219,0.731306982421875,3.0099965847339485,2.4399698915901187,0.3653841394218356,-0.2011310729980469,-0.5700266931438298
2126,0.03419309387207031,0.110582763671875,2.5448690855204514,1.945398771574366,0.36520003895474157,0.07638966979980469,-0.5994703139460855
571,0.5528331604003907,0.5517922119140625,2.687438770222577,2.0832190454776565,0.3650825593445788,-0.001040948486328186,-0.6042197247449206
529,0.005400592041015625,-0.10074873046875,2.4336756040148213,1.8389499929782085,0.3649662310921547,-0.10614932250976564,-0.5947256110366128
991,-0.34596195068359376,-0.3616161437988281,2.724858691789964,2.121162496730735,0.3646941496910797,-0.01565419311523436,-0.603696195059229
1019,0.8093581062316895,0.6833703125,2.812594535821038,2.222054950975987,0.3646099254383442,-0.12598779373168945,-0.5905395848450512
1306,-0.07424615478515625,-0.103523779296875,2.680640008127373,2.077628473557993,0.3644800901207676,-0.02927762451171874,-0.6030115345693798
1196,-0.2970742553710938,-0.403280908203125,2.6053120216931602,2.011029525885283,0.36445153792942314,-0.10620665283203123,-0.5942824958078772
1844,0.10910718231201172,0.0960080810546875,2.5684282684314876,1.965365835700603,0.36385588422504245,-0.01309910125732422,-0.6030624327308847
2131,0.750460009765625,0.9036749267578125,3.1262793601043355,2.543181327938092,0.3634781259050685,0.15321491699218748,-0.5830980321662436
196,0.29173547973632813,0.35894833984375,2.518382627804527,1.91930808184342,0.3634078801823262,0.06721286010742189,-0.5990745459611069
1625,-0.30009568481445315,-0.543837109375,2.4833139767509977,1.9319690537855378,0.36339110612659364,-0.24374142456054682,-0.5513449229654599
253,0.15009817504882814,-0.06768133544921875,2.369590108702115,1.8075262262249443,0.3633437231780796,-0.2177795104980469,-0.5620638824771707
1312,-0.23686260375976562,0.082919482421875,2.399380650915256,1.8887108093777445,0.3630442696986296,0.3197820861816406,-0.5106698415375117
2066,0.38553481750488283,0.22859732055664062,2.569878410732329,1.9882603876517475,0.36290890272054355,-0.15693749694824222,-0.5816180230805816
683,-0.49286273193359376,-0.234787841796875,2.4335808991988674,1.8893750913186476,0.36276261024964224,0.25807489013671875,-0.5442058078802199
1278,0.1325960693359375,0.04377716884613037,2.6361697018620305,2.040614593054377,0.36257468471111437,-0.08881890048980715,-0.5955551088076536
541,-0.4526040954589844,-0.1745935546875,2.7286095942144097,2.194504545958793,0.36255806335218776,0.27801054077148435,-0.5341050482556167
2201,-0.12249776916503906,0.1584434814453125,2.6538290819380785,2.121261108795319,0.3625566323118954,0.2809412506103516,-0.5325679731427595
4,-0.7724550750732422,-0.6674064208984375,2.4158270310229963,1.8229739445693671,0.3625100018615321,0.10504865417480469,-0.5928530864536292
658,0.011572927856445312,-0.14919227294921875,2.620590183327072,2.0403884645406474,0.3624794842728071,-0.16076520080566406,-0.5802017187864248
1155,-0.9020184875488281,-0.767858984375,3.27404640660219,2.687151171838508,0.3624447888801658,0.13415950317382808,-0.586895234763682
2031,1.2656988952636719,0.6941599609375,6.62903870060447,6.441325285288748,0.3618930797401889,-0.5715389343261719,-0.18771341531572183
356,0.7425431274414063,0.60743740234375,2.5489399103095813,1.9628409183711388,0.36176558530542197,-0.13510572509765628,-0.5860989919384425
2281,-0.7286352848052978,-0.410996484375,2.9295378602859548,2.4188998129551713,0.361645622920594,0.3176388004302978,-0.5106380473307834
2253,-0.10208233032226563,0.094019921875,2.963837905379292,2.395390006626659,0.3615891069131233,0.19610225219726563,-0.5684478987526327
970,0.1307918212890625,-0.11162448120117187,2.7623819006488426,2.2121021816204,0.36157343288705873,-0.24241630249023438,-0.5502797190284427
412,-1.3046224731445313,-1.0049435546875,2.649908755244247,2.128614131184735,0.36155553924092415,0.2996789184570312,-0.5212946240595122
634,0.07384721069335938,0.0156546875,2.4294500510651607,1.831110327299395,0.3613967947917025,-0.05819252319335938,-0.5983397237657657
1340,-0.43634384155273437,-0.2648964599609375,2.5008100193686404,1.9247191114371751,0.3612749388559832,0.17144738159179684,-0.5760909079314653
1901,-0.12112647705078125,-0.09064404296875,2.7814013748374284,2.1811858968458053,0.361187798808278,0.030482434082031246,-0.6002154779916231
1579,-0.9081591552734375,-0.9234648193359375,2.5437940210491514,1.9430502506453673,0.36112734103134864,-0.015305664062500002,-0.6007437704037841
1926,-0.004367587280273437,-0.0276152099609375,2.5311565080409015,1.9306852389570386,0.36110619695548746,-0.023247622680664062,-0.600471269083863
1403,-1.156759210205078,-0.8933574829101563,2.701775050490436,2.1617137159446798,0.36104671501329144,0.26340172729492184,-0.5400613345457561
123,-0.6060555358886719,-0.5659697998046875,2.5189245144109997,1.919514855263628,0.36089880571656313,0.04008573608398436,-0.5994096591473717
1539,-0.094212890625,-0.2858485107421875,2.7682733462222293,2.1990729343911615,0.36071331972635623,-0.1916356201171875,-0.5692004118310678
1976,0.099260693359375,-0.1361433837890625,2.5362455675120765,1.983736847341819,0.3606809654022833,-0.23540407714843747,-0.5525087201702574
1333,0.23730419311523437,0.297259326171875,2.5370764925212246,1.9395907142522213,0.36058387321355606,0.05995513305664063,-0.5974857782690033
695,0.8050341613769532,0.5219317749023438,2.588294970375856,2.058844710453361,0.36046453895961644,-0.2831023864746094,-0.5294502599224948
1956,0.6937489349365235,0.69035048828125,2.450739106286766,1.8504778352698938,0.36032514292245965,-0.003398446655273446,-0.6002612710168722
232,-0.0581781982421875,-0.20056240234375,2.76638275717231,2.1832682247668487,0.36029581948007505,-0.1423842041015625,-0.5831145324054612
1248,0.7014656936645508,0.643341748046875,2.485809282298456,1.8886605035175945,0.3599650570536406,-0.058123945617675754,-0.5971487787808614
451,0.20486311645507813,0.3278647216796875,2.5792244118169707,1.9920099064290129,0.35995027022585463,0.12300160522460937,-0.5872145053879578
1478,0.2708794921875,0.16376981811523436,2.5181887364422284,1.9279429151632237,0.35986261181719376,-0.10710967407226565,-0.5902458212790047
1805,-0.3591899337768555,-0.18551712646484375,2.592729729590564,2.0186180333858523,0.359766483718686,0.17367280731201173,-0.5741116962047115
569,0.0596296630859375,0.29235806884765625,2.6701233504933732,2.117561801019218,0.35948677680567065,0.23272840576171874,-0.5525615494741554
1526,0.23836969604492186,0.00684453125,2.4736408921203688,1.920690275845733,0.35935828597181524,-0.23152516479492186,-0.5529506162746358
102,0.3181912078857422,0.373719482421875,2.572706935233306,1.9760871476697037,0.35903856018539815,0.05552827453613285,-0.5966197875636023
1354,0.520689584350586,0.41481005859375,2.5798304721894456,1.9901521131015627,0.35893104115107066,-0.10587952575683601,-0.5896783590878829
382,-0.8821598937988281,-0.535877880859375,3.2364069325620113,2.7475512733747958,0.35889108800476655,0.34628201293945304,-0.4888556591872155
708,-0.3501923683166504,-0.464443359375,2.4295038434466503,1.8414616920045515,0.35884686083046735,-0.11425099105834957,-0.5880421514420988
248,-0.3264408660888672,-0.518467578125,2.510136379399162,1.9427136782954386,0.3588427798632533,-0.1920267120361328,-0.5674227011037234
284,-0.2868012985229492,-0.14291494140625,2.5399200463424116,1.958515785797398,0.35873419794420836,0.14388635711669923,-0.5814042605450136
1342,0.23056903686523436,0.30328388671875,2.4337530483694496,1.8393085491761163,0.35865171201043217,0.07271484985351565,-0.5944444991933333
1305,0.04898984375,0.012496484375,2.527841961636209,1.9303662320291055,0.3583090127480134,-0.036493359375,-0.5974757296071034
1782,0.2529899688720703,0.080017333984375,2.5370977336346217,1.9642823629112751,0.35803698135691686,-0.17297263488769532,-0.5728153707233465
1318,-0.01146126708984375,-0.23029697265625,2.738519580567816,2.1817428378504586,0.3578894072616974,-0.21883570556640625,-0.5567767427173576
1738,-0.15853785400390624,-0.16782515869140624,2.6069962412163905,2.0088823067784896,0.3578265325971441,-0.009287304687499998,-0.598113934437901
476,0.4616212310791016,0.012239453125,3.1142573725347633,2.719442140665763,0.35782304967296197,-0.44938177795410156,-0.39481523186900036
538,-0.5449021453857422,-0.41293664703369143,2.502379408750936,1.918975528662507,0.3577749800575393,0.1319654983520508,-0.5834038800884291
26,-0.5141145690917969,-0.745336099243164,3.376544662010957,2.8249368777069606,0.357734543710304,-0.23122153015136715,-0.5516077843039966
902,0.8559400573730469,0.91768291015625,2.5080008528323336,1.91314775834147,0.3576623838951647,0.06174285278320313,-0.5948530944908637
103,-0.16850596313476562,-0.267677783203125,2.709817743500397,2.1203962451778806,0.3572527525804312,-0.0991718200683594,-0.5894214983225163
1994,-0.16893336181640625,-0.20419287109375,2.4544328780683893,1.8577914366113397,0.357224242658425,-0.035259509277343754,-0.5966414414570496
1847,-0.16265370178222657,-0.051875897216796876,2.548929891307182,1.9617306921172057,0.357074621513686,0.1107778045654297,-0.5871991991899763
2152,0.4272571624755859,0.38031923828125,2.583963690016955,1.9883075765262423,0.3570093742665339,-0.0469379241943359,-0.5956561134907126
2086,0.786003530883789,0.61763427734375,2.85296938601272,2.2797274932895975,0.3569544731104178,-0.16836925354003907,-0.5732418927231224
260,0.6182439147949219,0.42763125,2.590412904214141,2.024207248703317,0.35692203231266306,-0.1906126647949219,-0.5662056555108239
1970,-0.776298876953125,-0.7419154418945313,2.3992526845372106,1.8031439086159657,0.3565278933367535,0.03438343505859376,-0.5961087759212449
1922,0.32077405395507813,0.4140353759765625,2.6272016850555384,2.037438990332726,0.3565177102719084,0.09326132202148435,-0.5897626947228125
531,-0.25990267333984374,-0.16832080078125,2.5692798941396355,1.9792855446261104,0.35648057183922616,0.09158187255859374,-0.5899943495135251
2139,0.711814892578125,0.6321477722167969,2.663968296453074,2.072417526976202,0.356279162935346,-0.07966712036132817,-0.5915507694768722
768,-0.33791867370605466,-0.2052980712890625,2.489270899448325,1.907418591838544,0.35614033205627316,0.13262060241699217,-0.581852307609781
563,0.5117327758789062,0.4912104064941406,2.4798208595171958,1.8834237449119515,0.3561106859546256,-0.020522369384765593,-0.5963971146052442
76,-0.3182925537109375,0.109847509765625,3.173412863085782,2.757854357270768,0.3559927857089218,0.4281400634765625,-0.41555850581501375
1779,0.0006781322479248047,0.1662313232421875,2.507345776123236,1.9341310128208025,0.35598302391624753,0.1655531909942627,-0.5732147633024334
2056,-0.5304901809692383,-0.5064886535644532,2.5789033716394543,1.982896393001107,0.35580039190337404,0.024001527404785117,-0.5960069786383473
296,0.3512036376953125,0.059188818359375,2.5950260569950867,2.074926192800492,0.35577652344703603,-0.2920148193359375,-0.5200998641945946
2173,0.4708541076660156,0.49043330078125,2.513455572216435,1.917445567179399,0.3556112709072914,0.019579193115234428,-0.596010005037036
1946,-0.1597767639160156,0.10306793212890625,2.9370217602452353,2.4017925773253066,0.3555576124880819,0.2628446960449219,-0.5352291829199287
288,-0.45880853271484373,0.02982872619628906,3.358712678857987,3.0169840302698057,0.3555448400620901,0.4886372589111328,-0.3417286485881812
996,0.4393740081787109,0.575096044921875,2.393583205282999,1.8129831790501734,0.35551686171927066,0.13572203674316413,-0.5806000262328257
1656,-0.6450947143554687,-0.463466455078125,2.733891227513421,2.1660265373458185,0.355459130907265,0.18162825927734372,-0.5678646901676023
545,0.308982502746582,0.1092314453125,2.491045480269091,1.9295192094856397,0.3552122377260037,-0.199751057434082,-0.5615262707834512
636,-0.0214220947265625,-0.266553857421875,2.5470296733698037,2.003948949684144,0.35502625352105077,-0.24513176269531248,-0.5430807236856596
724,0.4134040100097656,0.6958002563476563,3.215710281854826,2.691065526088404,0.3549997596989395,0.2823962463378907,-0.5246447557664222
88,-0.2796735076904297,0.137200390625,2.9474557469480684,2.5217683875660253,0.35499357503436,0.4168738983154297,-0.42568735938204316
1673,0.2745473541259766,0.25942216796875,2.646801062492986,2.0512375793237028,0.35492463374101973,-0.015125186157226578,-0.5955634831692831
770,-0.19250036315917968,-0.3380821044921875,2.610760811316974,2.0332070497513173,0.3547623909081903,-0.14558174133300783,-0.5775537615656567
1363,0.018383328247070313,-0.1343696716308594,2.63078200064354,2.0550849372039375,0.35476058782468833,-0.1527529998779297,-0.5756970634396024
596,0.18826889343261718,0.202990185546875,2.772262507833177,2.1768303419523836,0.35475618060700587,0.014721292114257822,-0.5954321658807933
287,0.17668049926757812,0.401090185546875,2.5587693418470336,2.0073729531269637,0.3543976847895069,0.22440968627929686,-0.5513963887200699
1160,-0.7219268432617187,-0.5040646240234375,2.3920903067988917,1.838293738122342,0.3541545860493492,0.2178622192382812,-0.5537965686765496
1300,0.35647967529296876,0.2718759765625,2.584017616125515,1.9949747918620566,0.3541292346551473,-0.08460369873046875,-0.5890428242634582
1085,0.33542861328125,0.026034765625,2.7396928674056045,2.2313808996720517,0.3541056095086953,-0.30939384765625,-0.5083119677335528
1718,0.438272386944294,0.490611376953125,2.6286362637869183,2.035937646291242,0.35403102105643053,0.05233899000883102,-0.5926986174956763
257,0.47833695678710936,0.5158190185546875,2.5762990641629533,1.9827606932971928,0.3536927026443295,0.03748206176757812,-0.5935383708657604
1374,-0.33878035888671876,-0.51666005859375,2.5588441457718165,1.9915895787702451,0.35341893135200386,-0.1778796997070312,-0.5672545670015714
2195,-0.5916393371582032,-0.3239051513671875,2.4500431608211515,1.9192809893289502,0.353390076928295,0.26773418579101566,-0.5307621714922013
527,-0.21962677612304687,-0.149074169921875,2.4732758234818326,1.8833280128190146,0.35301608954762975,0.07055260620117187,-0.589947810662818
610,-0.1011284912109375,-0.0866271240234375,2.5587845504823066,1.9650852794813476,0.35268911403737685,0.014501367187500003,-0.593699271000959
1321,-0.5911687316894532,-0.51067646484375,2.655278389925639,2.0669943640877797,0.35255710007795893,0.08049226684570321,-0.5882840258378592
2145,-0.24378592681884764,-0.1953719482421875,2.569085115633758,1.9776179074347162,0.3521773716963899,0.04841397857666013,-0.5914672081990417
974,-0.10532130737304687,-0.029525816345214843,2.3424819125265084,1.7541511568303525,0.35187803455816,0.07579549102783203,-0.5883307556961559
810,0.33041204528808593,0.33350595703125,2.4938594461953616,1.9007289846734317,0.3518133166750921,0.0030939117431640906,-0.5931304615219299
385,0.026722042846679686,0.2502508544921875,2.754905861964171,2.2055522851429665,0.351754482001904,0.2235288116455078,-0.5493535768212046
369,-0.2945393768310547,-0.26581956176757815,2.3806004687425517,1.7882260652151476,0.35173226173172806,0.02871981506347654,-0.5923744035274041
1301,-0.2784042907714844,-0.0269094970703125,2.454693869819167,1.9176296865202995,0.3516875682412747,0.2514947937011719,-0.5370641832988676
913,-0.09718518371582031,0.0810896728515625,2.509785701152267,1.9441959694078257,0.3516736691388698,0.17827485656738282,-0.5655897317444412
281,-0.011189501953125,0.06287119140625,2.5827258848501025,1.9947987068235513,0.3511433529631353,0.074060693359375,-0.5879271780265511
1162,-0.6079334060668945,-0.462769482421875,2.658216549726079,2.0837797143431005,0.35105024257282796,0.1451639236450195,-0.5744368353829783
249,-0.10801266479492187,-0.3193586669921875,3.0940006335438692,2.5406547117517384,0.3508588418087496,-0.21134600219726563,-0.5533459217921308
1969,0.17829701232910156,0.116974169921875,2.463733556481476,1.8745955353079,0.35084409899321833,-0.06132284240722656,-0.5891380211735759
1947,0.12676785278320313,0.33999150390625,2.4539629383239725,1.9013995105181898,0.35079066714671925,0.21322365112304686,-0.5525634278057827
2231,0.24679052124023437,0.34024521484375,2.600779332592981,2.0160504828323655,0.3506416074988993,0.0934546936035156,-0.5847288497606153
1249,-0.4121296630859375,-0.4590575439453125,2.6943402000091607,2.10410171288511,0.35058369768443987,-0.04692788085937499,-0.5902384871240507
885,-0.12197821044921875,-0.0419126953125,2.6221197428799154,2.035763506160706,0.3502241230536217,0.08006551513671875,-0.5863562367192094
1415,-0.5765462341308594,-0.5902056884765625,2.5436404186658477,1.9520693091624355,0.35014295829212044,-0.013659454345703148,-0.5915711095034122
1803,-0.12092359008789062,-0.12513519287109376,2.7100005523963127,2.1184980438727883,0.34989295518762553,-0.004211602783203136,-0.5915025085235244
1767,-0.1708097900390625,-0.155694140625,2.4700386211506293,1.8787554103170336,0.34984431827089524,0.015115649414062488,-0.5912832108335957
2244,0.6516588775634765,0.1871287109375,3.877219587099263,3.51124252138573,0.34972748833384537,-0.4645301666259765,-0.3659770657135333
415,0.43469427490234375,0.4389859375,2.4836470558268267,1.8923941073488182,0.34959846745179063,0.004291662597656232,-0.5912529484780085
1192,-0.49278402557373047,-0.7050766845703125,2.4573990579649325,1.905675638159829,0.34946690502527755,-0.212292658996582,-0.5517234198051035
1665,-0.7512864105224609,-0.6641720703125,2.611546176215913,2.027004034247041,0.3492784240077738,0.0871143402099609,-0.5845421419688721
1193,0.8674717163085938,1.0524559326171874,3.0384749241870543,2.4771890651449637,0.3492609758439222,0.18498421630859363,-0.5612858590420906
55,-0.2797489044189453,-0.2550355224609375,2.8928427914027774,2.3025039195068504,0.34911073491915817,0.024713381958007763,-0.590338871895927
2154,-0.11340051879882812,0.04211702880859375,2.58547183368831,2.015489867024153,0.3490651499361669,0.15551754760742187,-0.569981966664157
2102,-0.06309230346679688,-0.17254984130859374,2.5596247394883114,1.9791545434597133,0.34892660106786744,-0.10945753784179686,-0.5804701960285981
1772,0.22767445678710937,0.0487552734375,2.6381999148240314,2.075603215020231,0.34852712080061854,-0.17891918334960938,-0.5625966998038003
2068,-0.23355680541992188,-0.282804345703125,2.530893989117653,1.942709968196739,0.3483857626906398,-0.049247540283203134,-0.5881840209209139
2178,-0.32595234375,-0.19272007751464842,2.4538505323691355,1.8789539906759714,0.3482568704169676,0.13323226623535156,-0.5748965416931642
2132,-0.19061030883789062,-0.093885546875,2.516688747704054,1.9346322472453918,0.3481454493029625,0.09672476196289062,-0.5820565004586622
222,0.12699227600097657,0.10482822265625,2.548879516829144,1.959263768981696,0.348137975370373,-0.02216405334472657,-0.5896157478474477
581,0.3605395492553711,0.20108451538085936,2.34961551600528,1.7818211194711737,0.34781638456345143,-0.1594550338745117,-0.5677943965341061
1706,-0.2502273223876953,-0.2358530517578125,2.455423145208036,1.8658855739657447,0.3477611675624007,0.014374270629882807,-0.5895375712422912
943,0.5980997314453125,0.456793359375,2.60110461401408,2.028640499476067,0.34768265322146474,-0.1413063720703125,-0.5724641145380129
8,-0.40488880615234374,-0.4044839477539062,2.482961639691328,1.8934210444239212,0.3475582773785709,0.00040485839843751315,-0.5895405952674067
809,-0.06642902221679688,0.02720255126953125,2.5006200422134706,1.9185977775841696,0.3475167880777457,0.09363157348632813,-0.582022264629301
1010,0.02031435546875,0.31491220092773436,2.684508029467821,2.1739750780524747,0.3474317850299402,0.2945978454589844,-0.5105329514153465
1800,-0.1384268798828125,-0.033446337890625,2.535292055148105,1.95537178066112,0.34732843895803334,0.1049805419921875,-0.5799202744869849
1467,-0.8058282379150391,-1.0001130859375,2.841994044624986,2.285635448510238,0.3472814896418842,-0.19428484802246093,-0.5563585961147481
2022,0.4479790161132812,0.47040550537109377,2.5933733869142963,2.004527030095863,0.34724297935877235,0.022426489257812543,-0.5888463568184332
2286,0.26490877685546876,-0.09338682861328125,6.1279945005877225,5.660270044331233,0.34714190787864735,-0.35829560546875,-0.46772445625648995
1557,0.7244577239990234,0.62413525390625,2.5219449909793723,1.941900423812242,0.346516297905619,-0.1003224700927734,-0.5800445671671304
28,0.3009397521972656,0.3399507568359375,2.6431824187788857,2.0558791681967055,0.34644696662731367,0.03901100463867191,-0.5873032505821802
1796,-0.48705478515625,-0.5298021484375,2.692421045518712,2.1054057309481626,0.34641431660786004,-0.04274736328124995,-0.5870153145705492
1786,-0.4623972412109375,-0.468994384765625,2.5409108728192153,1.952497661999522,0.346273628970222,-0.00659714355468749,-0.5884132108196933
501,0.27592443237304687,0.47951376953125,2.559293184177172,2.0073419895698255,0.34609873943299346,0.20358933715820315,-0.5519511946073465
137,0.08634119873046875,-0.27179904022216794,4.009631171840737,3.542982326283134,0.3460255758172951,-0.3581402389526367,-0.4666488455576028
611,0.21208984375,0.06860339965820313,2.522046919160067,1.9516877561393242,0.3458979344798308,-0.1434864440917969,-0.570359163020743
1214,0.26645408325195313,0.17847020263671876,2.5463838872433184,1.9648868935120805,0.3458799169665832,-0.08798388061523438,-0.581496993731238
1840,0.15026344299316408,0.15286796875,2.620161648598817,2.0320528062417225,0.3458787940130197,0.0026045257568359237,-0.5881088423570944
698,1.1407768310546875,1.1050357421875,2.496356455108663,1.9095826472417192,0.3455809270320855,-0.03574108886718763,-0.586773807866944
217,0.46797108154296874,0.4857064971923828,2.5726269585760817,1.9850894235970193,0.34551489997753043,0.017735415649414055,-0.5875375349790624
859,-0.3133541442871094,-0.08628418273925781,3.7694789414053527,3.22743009758957,0.34537771651936977,0.22706996154785158,-0.5420488438157829
752,0.4216548278808594,0.61732548828125,2.4889706651771553,1.9348841531053396,0.34529887020143535,0.1956706604003906,-0.5540865120718157
277,0.6744961853027344,0.578339599609375,2.6772445014770976,2.097822963827705,0.34497540726419074,-0.09615658569335939,-0.5794215376493925
1558,0.44991730346679687,0.1842615234375,2.550008758872514,2.0262229801420535,0.34492453546324936,-0.2656557800292969,-0.5237857787304607
1258,-0.26829838256835936,-0.285633349609375,2.532178547726737,1.9456078734335354,0.34436565702309424,-0.017334967041015614,-0.5865706742932015
975,0.17895440979003907,0.125778466796875,2.5046127484961582,1.920356696295043,0.3441828154468446,-0.05317594299316408,-0.5842560522011153
626,0.5499484252929687,0.360787890625,2.5413902348674315,1.9860517173522074,0.3441825769118787,-0.18916053466796873,-0.5553385175152241
1692,0.2727759307861328,0.3805799072265625,2.700864603276856,2.1242151396667213,0.34414630121822504,0.10780397644042966,-0.5766494636101349
69,-0.5633042724609375,-0.665338720703125,2.500976418071021,1.9233618666312826,0.3440495986630178,-0.10203444824218755,-0.5776145514397384
1821,0.14569302978515625,0.1826573486328125,2.499836493317513,1.9145216641853517,0.3439598100698821,0.03696431884765625,-0.585314829132161
2,-0.04376666259765625,-0.03222056884765625,2.5342616088252523,1.9479461224112569,0.3438991618897639,0.01154609375,-0.5863154864139954
1468,-0.2205084045410156,-0.1938923095703125,2.5983897216225116,2.0128199568494436,0.3436003659278757,0.026616094970703108,-0.585569764773068
990,0.14969730682373047,0.06621712188720703,2.499018671439969,1.9188209803093919,0.3435983020702887,-0.08348018493652344,-0.5801976911305771
165,-0.04040319061279297,-0.1255454833984375,2.318360884525228,1.7389152901406704,0.34300640687246964,-0.08514229278564453,-0.5794455943845576
1339,-0.028991653442382814,-0.25193408203125,2.350426024633774,1.8092579088934941,0.34256625595898693,-0.2229424285888672,-0.5411681157402797
803,-0.03499732055664063,-0.07259766845703125,2.636243993249527,2.0525600963129995,0.3421006777052412,-0.03760034790039062,-0.5836838969365274
806,0.22634028930664063,0.1024497314453125,2.717372572880665,2.14592486106326,0.3419013576685386,-0.12389055786132813,-0.5714477118174046
21,-0.621028628540039,-0.69598671875,2.376257626937016,1.7965200742124592,0.3417143453269828,-0.07495809020996091,-0.5797375527245567
1216,0.10153468933105468,0.24832838439941407,2.6758674813657497,2.1101113110654826,0.34162843314464736,0.14679369506835938,-0.5657561703002671
1329,-0.873433154296875,-0.423159228515625,3.45703533120011,3.0847705997196075,0.3413276385427091,0.45027392578125,-0.3722647314805023
110,0.09149794616699218,-0.10223740234375,2.5700461600986912,2.018897427606755,0.3412983105900468,-0.1937353485107422,-0.5511487324919364
597,0.11712069702148438,-0.033850448608398434,2.6993534466606848,2.1351971768724702,0.341064583554152,-0.1509711456298828,-0.5641562697882145
1425,0.10718587036132812,0.2322052734375,2.524059128656049,1.9538448680229947,0.3407741541748233,0.12501940307617188,-0.5702142606330545
749,-0.1830921600341797,-0.123766064453125,2.439472945266039,1.8588910089483854,0.34059497039524844,0.059326095581054686,-0.5805819363176536
1177,1.0358666473388671,0.8204545654296875,2.695362997439924,2.153094391000264,0.34045760656245777,-0.2154120819091796,-0.5422686064396598
1745,-0.3613516906738281,-0.15774075927734374,2.4077252092238757,1.8611916871313194,0.34015630215503856,0.20361093139648437,-0.5465335220925562
1463,0.29443136596679687,0.480430078125,2.588395390999675,2.0357838972516316,0.339974983946954,0.18599871215820313,-0.5526114937480435
1079,0.3084293441772461,0.16622117919921875,2.4408473671940873,1.8754671479547103,0.33987795449358393,-0.14220816497802735,-0.5653802192393771
644,0.053968408203125,-0.0005469482421875,2.5199462269540165,1.9395326046496966,0.33985189704478125,-0.054515356445312496,-0.5804136223043199
344,-0.11096174926757812,0.049425537109375,2.8710382803081735,2.3105753747466227,0.33984275014185866,0.16038728637695313,-0.5604629055615509
1809,-0.0024558502197265623,0.012385595703125,2.420572199082807,1.8378789287240194,0.33975171583850017,0.014841445922851563,-0.5826932703587877
1851,-0.31873817749023436,-0.345132275390625,2.5091927140361947,1.926922729869884,0.339734982865011,-0.026394097900390656,-0.5822699841663106
1517,-0.09455164794921875,-0.2220254119873047,2.5227736284253415,1.9540988140900064,0.3396406049773654,-0.12747376403808594,-0.5686748143353351
142,0.04892767028808594,0.21239871826171874,2.505018741292725,1.9457794198481837,0.33947140217534894,0.16347104797363282,-0.5592393214445415
1954,0.08552923583984375,-0.074417724609375,3.146128820300149,2.5860903288310206,0.3392261420839611,-0.15994696044921874,-0.5600384914691285
1887,-0.10854209594726562,-0.1485681640625,3.13129805252084,2.550312227955197,0.33914661447498545,-0.04002606811523439,-0.580985824565643
1528,-0.023580426025390625,0.22590004272460937,2.4531781557324273,1.9270636082556072,0.33903702135445885,0.24948046875,-0.5261145474768201
67,-0.22451157684326173,-0.188057421875,2.4468627992998697,1.86581175551819,0.33894922089422963,0.03645415496826174,-0.5810510437816798
1222,0.62759326171875,0.63388330078125,2.4620195600249892,1.8798656688069604,0.33894271765170036,0.00629003906250003,-0.5821538912180289
952,0.42848700256347655,0.393971630859375,2.4683552484082827,1.8873442190857848,0.33876512707826084,-0.03451537170410157,-0.5810110293224979
953,0.08044000854492188,0.0037195068359375,2.586399597258093,2.009532422257937,0.33866177297513855,-0.07672050170898438,-0.5768671750001557
2079,-0.08826338195800781,0.0006213134765625,2.591372143486148,2.0162690705815876,0.3386440335467646,0.08888469543457031,-0.5751030729045605
1553,0.5988144195556641,0.491800830078125,2.5706551236728363,1.9986664099026925,0.33862299701329074,-0.10701358947753908,-0.5719887137701438
443,0.13390748748779296,-0.1129674560546875,2.605440432042039,2.0785146230270284,0.33859804595522613,-0.24687494354248046,-0.5269258090150104
1933,-0.015013662719726562,-0.29147333984375,2.431397733268333,1.919385973457794,0.33858599525980454,-0.2764596771240235,-0.5120117598105391
85,0.3630993469238281,0.550717431640625,2.9731697245735407,2.4224871779535357,0.33845181286469306,0.18761808471679692,-0.5506825466200049
723,-0.29289393310546874,-0.4565196105957031,2.413621966726389,1.8555987444394382,0.3381632789456501,-0.16362567749023438,-0.558023222286951
1728,0.08288839797973632,-0.0417509765625,2.528917162549759,1.9609147087905165,0.33816176116280006,-0.12463937454223632,-0.5680024537592423
13,0.08947080688476562,-0.0162007080078125,2.5643441798777133,1.9925944713327193,0.33806419828097806,-0.10567151489257812,-0.5717497085449941
1876,-0.17311714782714843,-0.113240869140625,2.522129531909394,1.9440904625392306,0.33771433446767074,0.059876278686523426,-0.5780390693701634
1481,-0.7806782531738281,-0.682074365234375,2.8197417809510577,2.247052782764617,0.337695415360565,0.09860388793945307,-0.5726889981864405
951,-0.36143394470214846,-0.3715505859375,2.625479222079227,2.0444522745946423,0.3376946601331391,-0.010116641235351553,-0.5810269474845846
59,-0.39080829772949216,-0.352203076171875,2.5478861685521266,1.9680815616584795,0.3376637453066093,0.03860522155761714,-0.5798046068936471
1034,0.06034844360351563,0.14494295043945313,2.6301794052372007,2.0553945346621667,0.3375338780287741,0.0845945068359375,-0.574784870575034
1581,0.3352271057128906,0.11267987060546875,2.3327735189721386,1.7962778132141166,0.3373549141507562,-0.22254723510742186,-0.536495705758022
1242,-0.23799899291992188,0.017516357421875,2.554548954999605,2.0330972092302346,0.33720001742621547,0.2555153503417969,-0.5214517457693706
719,-0.3647078918457031,-0.1718248046875,2.5846934439464544,2.037281602132469,0.33686360986985886,0.19288308715820313,-0.5474118418139855
323,-0.06809342651367188,-0.06059609375,2.503311954832964,1.9230860453748952,0.33671831600501206,0.007497332763671878,-0.5802259094580686
1477,0.802778662109375,0.6712619812011719,2.605850821602046,2.040693824428857,0.3366990688109265,-0.13151668090820312,-0.5651569971731893
1999,-0.23668108673095703,-0.00444267578125,2.4556696376395037,1.9239635774981316,0.33664601391150545,0.23223841094970704,-0.5317060601413721
1748,0.07558725891113281,0.0378641357421875,2.4084488629193443,1.8295094873505424,0.3365938346056137,-0.03772312316894531,-0.5789393755688019
2277,-0.13329908905029297,-0.04290111694335937,2.6191000007681584,2.0461250728187577,0.33647206141966696,0.0903979721069336,-0.5729749279494007
155,0.03538973388671875,0.09437109375,2.668192197976454,2.09114122341653,0.3364666280518796,0.05898135986328125,-0.5770509745599237
516,-0.16861571960449218,-0.513727587890625,2.8597724331410883,2.393710452138099,0.3363159717683759,-0.34511186828613283,-0.46606198100298935
973,0.5412347320556641,0.0728375732421875,4.392626343145131,4.050865221315016,0.3361965627791158,-0.4683971588134766,-0.34176112183011487
617,-0.7053536193847656,-0.4633579833984375,2.6611468848467976,2.1342835110267404,0.33614690250948076,0.24199563598632812,-0.5268633738200572
664,-0.26811390838623045,-0.25331041717529296,2.507121906409715,1.9275426364974804,0.33613127346403127,0.014803491210937492,-0.5795792699122346
2114,-0.5031310302734375,-0.443229248046875,2.605448261001641,2.0288730516594633,0.33602719554189475,0.059901782226562506,-0.5765752093421779
2184,0.42084518432617185,0.25829580078125,2.3598052721168687,1.803402506657602,0.3360063395015539,-0.16254938354492188,-0.5564027654592667
755,0.5090597442626953,0.6302028076171875,2.484834176191647,1.9179821726384272,0.3359968357312098,0.12114306335449221,-0.5668520035532196
128,-0.17962877197265625,-0.24857514038085937,2.786177229373659,2.2106493495808595,0.3359859421354749,-0.06894636840820312,-0.5755278797927996
2118,-0.20820654907226563,0.0255806396484375,2.5289963900119465,1.9986543663895706,0.3359191116298064,0.23378718872070314,-0.5303420236223759
1835,-0.5871634002685547,-0.444732958984375,2.6546766091634724,2.0933245398183034,0.3354025763625096,0.14243044128417975,-0.561352069345169
1171,0.20177171020507811,0.2910889892578125,2.4445253063888175,1.8724354592393653,0.3352643695488676,0.0893172790527344,-0.5720898471494522
1237,-0.614918310546875,-0.4403834045410156,2.773114082759111,2.2211919695734474,0.3350804524378028,0.17453490600585936,-0.5519221131856638
332,-0.25831304626464846,-0.080718896484375,2.4934595334696765,1.9425913967977084,0.3349953860366243,0.17759414978027346,-0.5508681366719681
588,-3.0127227203369142,-2.51624638671875,7.41052672939106,7.11382375282591,0.3345214061455547,0.4964763336181641,-0.2967029765651503
1266,0.21870178985595704,0.049909912109375,2.4729590124483947,1.919769879166519,0.3345089151743699,-0.16879187774658203,-0.5531891332818757
888,0.06190290985107422,0.0257408203125,2.8896494167684064,2.312428369398546,0.3344918342465543,-0.03616208953857422,-0.5772210473698602
1764,0.43291924743652344,0.049762158203125,3.6379575261474044,3.204751988250354,0.3344763930944833,-0.3831570892333984,-0.4332055378970505
1684,-0.059687408447265625,-0.045357177734375,2.619274984566225,2.0412601000826074,0.33430656219689436,0.014330230712890628,-0.5780148844836175
393,0.20223021240234376,0.25728935546875,2.669776591307089,2.094313985066265,0.3341887204166888,0.05505914306640622,-0.5754626062408241
2013,-0.22862178039550782,-0.338018359375,2.6195683940859236,2.0519326636296125,0.33417793398308615,-0.1093965789794922,-0.5676357304563111
927,0.3857315002441406,0.444175537109375,2.4673727423076772,1.8922768905080514,0.3341509442022421,0.05844403686523442,-0.5750958517996259
1336,-0.6242384521484375,-0.6806073974609375,2.5898719461847097,2.0147922913802265,0.33389406736568716,-0.05636894531249992,-0.5750796548044832
2112,-0.06941833190917969,0.1585041015625,2.7168990969970612,2.185916771466703,0.33389086570527937,0.22792243347167968,-0.5309823255303581
2122,-0.2587240234375,-0.0848755615234375,2.6729119502303376,2.121890119629506,0.33384834550857684,0.1738484619140625,-0.5510218306008317
2296,0.12785065002441406,-0.069423291015625,2.583271331399443,2.0404592817115788,0.3335619290998091,-0.19727394104003906,-0.5428120496878641
96,0.2577417274475098,0.139187646484375,2.698839890198541,2.1336240389858396,0.33352402857511215,-0.11855408096313477,-0.5652158512127015
1337,0.1287961166381836,0.2029771240234375,2.659548063928717,2.087160637951935,0.333130187273017,0.0741810073852539,-0.5723874259767818
2211,0.15979945068359375,-0.095259521484375,2.92750564932776,2.4099057941320163,0.3329646893820355,-0.25505897216796874,-0.5175998551957437
132,0.00915595245361328,-0.005261572265625,2.3445869881546137,1.7678139395428616,0.3328750146239245,-0.014417524719238281,-0.5767730486117522
624,0.38597241821289063,0.3113351318359375,2.476666458185234,1.904923800763218,0.332460390833704,-0.07463728637695316,-0.5717426574220159
958,0.5791436218261719,0.3368076171875,2.917522698369004,2.3947695951031376,0.3319975461183279,-0.24233600463867183,-0.5227531032658663
1416,-1.1141468872070313,-1.096822900390625,2.670849427032943,2.094975328139413,0.3319310982956502,0.017323986816406345,-0.57587409889353
50,-0.22460297546386718,-0.277969482421875,2.5782386746971193,2.004731092415076,0.33175893099989373,-0.05336650695800785,-0.5735075822820432
831,0.4297783020019531,0.3270940673828125,2.5682663310484277,2.001544524854405,0.3317176576551344,-0.10268423461914061,-0.5667218061940229
1577,0.9842996765136719,0.77768876953125,2.4901149227257027,1.952812530126681,0.3313819279767322,-0.2066109069824219,-0.5373023925990217
964,0.11693582153320313,0.19648525390625,2.5044222745502602,1.9344884216480727,0.33115270887480636,0.07954943237304686,-0.5699338529021876
1165,-0.25872960205078127,-0.201440625,2.6425884644069586,2.0700280364909123,0.33110747050693107,0.05728897705078126,-0.5725604279160463
702,-0.4184298828125,-0.24151533203125,2.8315024728542073,2.284138689176859,0.3309058699597143,0.17691455078124999,-0.5473637836773482
1345,-0.18099859619140626,-0.24793564453125,2.701878087686942,2.1306207524723084,0.33081551147697474,-0.06693704833984374,-0.5712573352146335
870,0.02685113525390625,-0.022682958984375,2.6642015232500666,2.091330209605706,0.33063516848862257,-0.04953409423828125,-0.5728713136443608
1254,-0.21034351501464843,-0.255544921875,2.6499916962585006,2.077223300321965,0.33010680256586694,-0.04520140686035157,-0.5727683959365355
962,-0.14583504028320313,-0.18327351379394533,2.5067622560276885,1.9336665895594736,0.329840282223462,-0.0374384735107422,-0.573095666468215
1589,0.058563311767578126,-0.02665576171875,2.7169366006767315,2.1490205959390507,0.3297908789230776,-0.08521907348632812,-0.5679160047376808
1619,-0.3618042770385742,0.05205114440917969,3.352850407855562,2.9548246610918274,0.3297008049485265,0.4138554214477539,-0.3980257467637345
1091,-0.01934217529296875,-0.04520693359375,2.4047836438327694,1.8317193062290256,0.32907172075517555,-0.02586475830078125,-0.5730643376037439
200,0.2566059326171875,0.12385645751953125,2.5434115579070724,1.9854575943892325,0.32893504854397027,-0.13274947509765625,-0.5579539635178399
1955,0.4811228302001953,0.40600458984375,2.5491626870788173,1.9807086117402934,0.3287827858032249,-0.07511824035644532,-0.5684540753385239
1590,-0.5650984344482421,-0.3889224243164062,2.4766172514182263,1.931149080026304,0.32857351254762024,0.17617601013183593,-0.5454681713919223
414,0.05478666381835937,0.423489453125,4.195277693101212,3.756546247435212,0.3284270282586752,0.36870278930664063,-0.43873144566599986
564,-0.2379497802734375,-0.1050525634765625,2.818095027021967,2.2609260681880654,0.32809891892040943,0.132897216796875,-0.5571689588339015
2234,-0.2883720977783203,-0.02418218994140625,2.489248741933498,1.9813756427159954,0.3277313923116684,0.26418990783691404,-0.5078730992175027
1385,0.42918382263183597,0.19976513671875,2.812589650821369,2.288148601686332,0.32767134746394533,-0.22941868591308595,-0.5244410491350369
2110,0.05416417846679687,0.090559423828125,2.4405086604225246,1.8693472138959442,0.32755001188324706,0.03639524536132813,-0.5711614465265804
1298,-0.7416237030029297,-0.682239501953125,2.4757794438971685,1.9068221896236413,0.32723884052479485,0.059384201049804686,-0.5689572542735273
9,0.49476004333496093,0.3921162109375,2.689334074238693,2.126627443166114,0.32717450898228956,-0.10264383239746094,-0.562706631072579
1442,0.21871341552734375,0.253525048828125,2.5618073925222307,1.9909844763682945,0.32705065141955175,0.03481163330078124,-0.5708229161539362
661,0.4298546325683594,0.5672939453125,2.6602286038452907,2.105508384955808,0.3266040859323772,0.13743931274414062,-0.5547202188894826
1371,-0.43790446166992186,-0.316945751953125,2.819774207869657,2.261404186071823,0.3264080906988657,0.12095870971679684,-0.5583700217978338
2047,0.08164329833984375,-0.09824549255371094,2.4423758665233395,1.9001197585411727,0.32640166373311247,-0.1798887908935547,-0.5422561079821668
1287,0.9547872039794922,0.9782904541015625,2.612101877235285,2.041396839042232,0.32625664338523463,0.02350325012207022,-0.570705038193053
2292,0.032731268310546874,0.35664130859375,2.7867064601579346,2.3165870229898213,0.3259299993995298,0.32391004028320314,-0.4701194371681132
2171,0.5013928344726563,0.4740921142578125,2.5516173522448367,1.981539385797347,0.3257342171531545,-0.027300720214843754,-0.5700779664474898
672,0.011500885009765625,-0.14694539184570313,2.5418165731680107,1.9936610033875892,0.3255797513306583,-0.15844627685546875,-0.5481555697804215
39,0.18424981689453124,0.10640282592773438,2.4820948861433623,1.91692643762355,0.32547552920487627,-0.07784699096679686,-0.5651684485198123
744,-1.0019462036132813,-0.6670242919921875,2.8032772208503878,2.341447073304789,0.32545977206591736,0.33492191162109386,-0.4618301475455988
2249,-0.645755224609375,-0.6943699279785156,2.7374146350405653,2.1689994569492246,0.32545920406828005,-0.048614703369140644,-0.5684151780913407
1451,-0.2762857940673828,-0.248533935546875,2.80318719929862,2.2335671528033116,0.32523716302065975,0.027751858520507794,-0.5696200464953085
150,-0.35603367614746095,-0.29336904296875,2.461302834199963,1.8946166172530443,0.32506012472903284,0.06266463317871096,-0.5666862169469189
621,0.5585679931640625,0.5194262084960938,2.681627238589534,2.113010007936513,0.3248576343025048,-0.03914178466796869,-0.5686172306530213
2182,-0.4341372253417969,-0.2425542236328125,2.4946830979296455,1.9580810729014146,0.3246457798082228,0.19158300170898437,-0.5366020250282308
400,0.11231889343261718,-0.0003203615188598633,2.461494813907228,1.903218838171555,0.3243596668396416,-0.11263925495147704,-0.558275975735673
912,-0.2530100402832031,-0.147360107421875,2.422044840709768,1.8625600052811568,0.32418518938818336,0.10564993286132812,-0.5594848354286113
473,-0.3722100952148438,-0.54494921875,2.4567447384337107,1.914358876756296,0.32402122774724557,-0.17273912353515625,-0.5423858616774146
1820,-0.005572650146484375,0.04646737060546875,2.632530698820707,2.06569365542001,0.3240123975311077,0.05204002075195313,-0.5668370434006973
2241,-0.05079505386352539,-0.0822790283203125,2.6109369520185797,2.042637166856104,0.3239558864633116,-0.03148397445678711,-0.5682997851624756
823,0.008180673217773438,-0.03954164733886719,2.6315285960104675,2.06439614391668,0.32391663809722315,-0.04772232055664063,-0.5671324520937877
898,0.2540169860839844,0.184623193359375,2.4398908951496043,1.875041030312237,0.3238708682754983,-0.06939379272460938,-0.5648498648373674
440,-0.1588803253173828,-0.10156859130859375,2.627085903914706,2.060901582836241,0.32384932029017643,0.057311734008789056,-0.566184321078465
2057,-0.6077176025390625,-0.3658018310546875,2.5939917962084595,2.079073825219764,0.32366375733999564,0.241915771484375,-0.5149179709886957
47,0.16436241722106934,0.13977995529174805,2.5936919068639344,2.0254984148236863,0.3234481418313979,-0.024582461929321286,-0.568193492040248
329,0.48264468994140625,0.56102099609375,2.5886016469782454,2.0253655014295067,0.32337780101868585,0.07837630615234376,-0.5632361455487387
652,-0.4890115783691406,-0.56373798828125,2.457235010678066,1.8935819604270003,0.3232887973956827,-0.07472640991210938,-0.5636530502510655
343,-0.026535125732421876,-0.1585451171875,2.401277775863398,1.8482944669767623,0.323217177751182,-0.13200999145507814,-0.5529833088866356
458,-0.44865106811523436,-0.29570007934570314,2.5933944647847853,2.0459931350204834,0.32304222079330325,0.15295098876953123,-0.5474013297643019
546,-0.5372891815185546,-0.4518465087890625,2.54340136269448,1.9815717645366364,0.32295294768936317,0.08544267272949213,-0.5618295981578436
78,0.7403763275146484,0.39491669921875,3.205617461893019,2.7544098389175997,0.3229306738134685,-0.34545962829589844,-0.4512076229754194
1210,0.1266840026855469,0.12081065673828124,2.5758971939058646,2.0077264755952404,0.32285246133822687,-0.005873345947265643,-0.5681707183106242
756,-0.05067843551635742,-0.05531890258789063,2.5471946873674316,1.9791509704525403,0.32269519826112714,-0.004640467071533205,-0.5680437169148913
1041,-0.40568323364257813,-0.4249357421875,2.735852139872703,2.16844860427886,0.32231743128966595,-0.019252508544921887,-0.5674035355938432
1869,-0.2247321533203125,-0.0617979736328125,2.379408805045225,1.8361150889957907,0.32171560880924177,0.16293417968749999,-0.5432937160494342
1593,-0.510192886352539,-0.09017127685546875,2.980123494763156,2.5993647377664315,0.32139538347420016,0.42002160949707024,-0.38075875699672457
2033,0.21318890380859376,0.13388408203125,2.79621263212986,2.2348700741915084,0.32139472210990805,-0.07930482177734377,-0.5613425579383517
1459,-0.21000300712585449,-0.2320034423828125,2.6338321833996483,2.067444343324386,0.3212792045366167,-0.022000435256958023,-0.5663878400752624
1027,-0.7259421356201172,-0.574678466796875,2.4798868638781983,1.933819960934381,0.32106975999652004,0.15126366882324227,-0.5460669029438174
653,-0.4000750610351563,-0.4903746826171875,2.3744276989939794,1.8150403939289375,0.3210681787257884,-0.0902996215820312,-0.559387305065042
2156,0.5172523071289062,0.3259640625,2.7720606411792357,2.2387162891357075,0.3210473903899392,-0.19128824462890626,-0.5333443520435281
197,-0.4817053375244141,-0.425355029296875,2.636784420574085,2.073082747952931,0.32093493295322517,0.05635030822753906,-0.5637016726211539
1562,-0.0686705078125,-0.1581178466796875,2.4755743320252246,1.916190466067814,0.3209111359238798,-0.0894473388671875,-0.5593838659574106
1151,-0.37592493591308596,-0.370108154296875,2.636671573647783,2.070271772789177,0.32084256936103894,0.005816781616210964,-0.5663998008586058
1696,-1.0260717834472657,-1.05178466796875,2.8572919536325236,2.2914627240424053,0.32082386948896213,-0.025712884521484236,-0.5658292295901184
2157,0.0015001678466796875,0.126919580078125,2.9129417281470524,2.3609591171860673,0.32041483176778746,0.12541941223144532,-0.5519826109609851
931,-0.4367529067993164,-0.3709139892578125,2.5108433822895635,1.9486876592896045,0.3203538199646435,0.0658389175415039,-0.562155722999959
832,-0.05364490966796875,-0.12537138671875,2.5005596012066342,1.93925835624778,0.32020377510247583,-0.07172647705078125,-0.5613012449588541
1502,-0.5481941925048828,-0.514761083984375,2.576127690487261,2.011408752335388,0.3200252518527231,0.03343310852050774,-0.5647189381518731
244,0.28659169921875,0.186476123046875,2.3183005007784887,1.7615939194268142,0.31994534631249505,-0.100115576171875,-0.5567065813516745
1359,-0.045364190673828124,0.0692365234375,2.5679732198089082,2.0141536231515222,0.3198494693165761,0.11460071411132813,-0.553819596657386
285,0.3637646484375,0.2775814147949219,2.4108360661472354,1.8519648794456542,0.31976455308632484,-0.08618323364257813,-0.5588711867015812
568,0.4192313171386719,0.3668111572265625,3.1280691346040683,2.565200078928445,0.31956944700237905,-0.05242015991210941,-0.5628690556756233
815,0.15963568420410157,0.22530537109375,2.9355506354156633,2.3741016414657388,0.31953748058356685,0.06566968688964844,-0.5614489939499245
57,-0.1995653564453125,-0.14633231201171876,2.505083558440596,1.9423444940097916,0.31950901165612594,0.05323304443359375,-0.5627390644308043
1503,0.6293692108154297,0.6322970703125,2.2985293646532963,1.733369289650164,0.31941448273878065,0.0029278594970703065,-0.5651600750031323
1828,-0.14453244018554687,-0.3271896484375,2.528890297491899,1.9942101914111734,0.31924647156489355,-0.1826572082519531,-0.5346801060807258
1801,0.5683056655883789,0.323385546875,2.997610110725811,2.4885747933421256,0.31910281889448505,-0.24492011871337893,-0.5090353173836855
2061,-0.5941539276123047,-0.8241244140625,3.2194980948168213,2.7036196597050566,0.31901698445150267,-0.22997048645019535,-0.5158784351117647
408,-0.21808734436035157,-0.0824263671875,2.4180985527416685,1.8699124484294773,0.3189119056884695,0.13566097717285158,-0.5481861043121912
230,2.0434504386901855,1.486907568359375,8.81848703126408,8.723773699660637,0.31871058169948113,-0.5565428703308104,-0.09471333160344386
326,0.03643227996826172,-0.16259114990234375,2.8523622895911833,2.32415120550073,0.3186172749934719,-0.19902342987060545,-0.5282110840904535
1586,-0.28691007080078124,-0.2219947265625,2.4457871056534857,1.8853828051162684,0.31826698197818226,0.06491534423828124,-0.5604043005372172
41,0.12011136474609375,0.0673329833984375,2.499255589205679,1.9375942262647254,0.31824904415836835,-0.05277838134765625,-0.5616613629409537
1623,-0.35262431640625,-0.66114951171875,3.0963394125328163,2.6241762474018513,0.3181258506491072,-0.3085251953125,-0.472163165130965
1239,0.2999696411132812,0.1837314697265625,2.5096109580940795,1.9578025615542072,0.3180038189792332,-0.11623817138671871,-0.5518083965398723
1987,0.08476802368164063,0.1133049072265625,2.589854225006159,2.0269322263796496,0.3176955302601201,0.02853688354492187,-0.5629219986265093
1853,-0.5213637756347657,-0.5116681884765625,2.7136216805300735,2.1501261976280586,0.31762116366131726,0.009695587158203178,-0.5634954829020149
1548,-0.5217389617919922,-0.61159892578125,2.408955014255856,1.852605430342827,0.317599672648351,-0.08985996398925777,-0.5563495839130288
884,0.11055422821044922,0.21824482421875,2.680933460322221,2.1277921158724395,0.3175626114083346,0.10769059600830078,-0.5531413444497812
917,-0.03585625152587891,-0.099504541015625,2.434693530390117,1.8748602204102967,0.31746443971793203,-0.0636482894897461,-0.5598333099798203
1897,0.17079501342773437,0.138091259765625,2.5414519923415835,1.9790024861161317,0.3174189825568465,-0.03270375366210937,-0.5624495062254518
1942,0.16464691162109374,0.136217919921875,2.4884545213561866,1.9258414269840567,0.31734170152801744,-0.028428991699218725,-0.5626130943721299
782,-0.11873009643554687,-0.2241375,2.481594798684515,1.928313309756896,0.3172311267161622,-0.10540740356445312,-0.5532814889276187
1368,0.19821167602539064,0.34522685546875,2.577527386227713,2.0338502592963756,0.3171982813350765,0.14701517944335935,-0.5436771269313372
474,-0.3615377807617188,-0.326466796875,2.5178267342785645,1.9557307453760733,0.3171818746510521,0.035070983886718754,-0.5620959889024912
1343,0.36498590087890626,0.46476240234375,2.7442062489072776,2.189941594194429,0.3171646577085173,0.09977650146484374,-0.5542646547128487
1166,0.0416522705078125,-0.049082421875,2.3480771925217168,1.7924249050184693,0.3169822490093952,-0.0907346923828125,-0.5556522875032475
709,-0.07796550598144532,-0.206724560546875,2.5173629445591876,1.9694091970470653,0.316832203545162,-0.1287590545654297,-0.5479537475121223
1480,0.21547456970214843,-0.032881005859375,3.0068000510996575,2.5017943630043806,0.31671123692107966,-0.24835557556152343,-0.5050056880952769
2120,-0.23129860534667968,-0.070007421875,2.588806863461227,2.0498068201425736,0.31653589256320513,0.16129118347167967,-0.5390000433186533
2130,-0.089257568359375,-0.077763427734375,2.555716216238011,1.9933692919897559,0.31636617848017995,0.011494140624999996,-0.562346924248255
846,0.47808013916015624,0.463882568359375,2.426352374100172,1.8640783845240907,0.3163536103704462,-0.014197570800781212,-0.5622739895760811
1965,0.5181881774902344,0.38982427368164063,2.603152725608852,2.055635289142733,0.31625263503541234,-0.12836390380859375,-0.5475174364661188
1649,0.15795805053710937,0.1171761962890625,2.6346771971599603,2.0738706581129436,0.316167133873802,-0.04078185424804687,-0.5608065390470167
1910,0.116983349609375,0.2310992431640625,2.393247178537059,1.8428889178234447,0.3159166522974995,0.1141158935546875,-0.5503582607136144
73,-0.9778474662780762,-0.8897865234375,2.4990696402399584,1.9442951486428919,0.31552946618075484,0.0880609428405762,-0.5547744915970665
2054,0.9974815612792969,0.874338427734375,3.3496305647660307,2.8015786606086293,0.31552512098981605,-0.1231431335449219,-0.5480519041574015
2098,-0.2231861572265625,-0.4443751068115234,2.8865482846708863,2.3702551659267255,0.3154831358810706,-0.22118894958496094,-0.5162931187441608
371,-0.298920361328125,-0.33379833984375,2.6234585802364867,2.0628992363617864,0.31544325139057094,-0.03487797851562502,-0.5605593438747003
1422,0.003651678466796875,-0.10936063232421875,2.4849325911931888,1.9348003598779815,0.3154172543221738,-0.11301231079101562,-0.5501322313152073
1708,-0.07061676025390624,-0.143098974609375,2.546029668483336,1.9893493546395484,0.3151466432190901,-0.07248221435546877,-0.5566803138437877
2108,-0.8691245315551758,-0.63099072265625,2.5637504406017815,2.0553838873679093,0.31514426338759743,0.23813380889892577,-0.5083665532338721
1714,-0.48871474609375,-0.43351202392578125,2.548249248477546,1.989638484498058,0.31509332616850116,0.05520272216796873,-0.558610763979488
1397,0.689572998046875,0.503387060546875,2.4666963131181094,1.9377152749347837,0.31448614208026304,-0.1861859375,-0.5289810381833258
2226,-0.16719126586914063,-0.10687651062011719,2.6847898485837884,2.1273025384925166,0.3144299706135515,0.06031475524902344,-0.5574873100912718
1906,-0.6580427917480469,-0.6387228515625,2.5840419981187925,2.0237146045895753,0.31434004802801935,0.019319940185546947,-0.5603273935292172
2167,0.7495773452758789,0.418630126953125,3.334734981355442,2.8822061801943146,0.3143083771958956,-0.3309472183227539,-0.45252880116112726
868,0.461491162109375,0.4208321044921875,2.4085516319339337,1.8493985126115116,0.3143053698143127,-0.04065905761718752,-0.5591531193224222
292,0.3576301284790039,0.5117154296875,2.4675729459848545,1.928581152473812,0.31425443352076343,0.15408530120849606,-0.5389917935110426
2258,-0.7912021789550782,-1.0004701416015624,2.5116479941750076,1.9919547648161495,0.313874132831649,-0.20926796264648428,-0.5196932293588581
1465,0.26080118560791016,0.10302257080078125,2.6668609752057924,2.12934842471359,0.31381383322708883,-0.1577786148071289,-0.5375125504922025
924,-0.14232471313476563,-0.1048402587890625,3.694481257974396,3.135651161638803,0.31369616088804353,0.03748445434570313,-0.5588300963355932
510,0.032784814453125,0.071864794921875,2.533685899732676,1.9751447012998409,0.3134955152202257,0.039079980468750004,-0.5585411984328352
1071,0.8351662139892578,0.8718487915039063,2.8803364353695002,2.32167091386797,0.3134527764076951,0.03668257751464843,-0.5586655215015304
1098,-0.7223866638183594,-0.8105485473632813,2.5862140212390066,2.033395771614457,0.3133805348281394,-0.08816188354492194,-0.5528182496245497
585,-0.2970859497070312,-0.1964399444580078,2.3479210827248185,1.7974024525084944,0.3132003805878442,0.10064600524902342,-0.5505186302163241
389,0.11878578491210938,0.1658138427734375,2.5995126932941166,2.042319565754467,0.31267581960362484,0.04702805786132812,-0.5571931275396498
2232,-0.06913345336914062,0.0861954833984375,3.130115723943375,2.593264516643103,0.3123362973771059,0.1553289367675781,-0.536851207300272
2124,-0.47585096130371096,-0.24032405395507814,2.9498427552393287,2.4431615725554647,0.3121987449711306,0.23552690734863282,-0.506681182683864
362,-0.4451361892700195,-0.422203515625,2.5553175404086486,1.9971947052070265,0.31202700669400596,0.022932673645019497,-0.5581228352016221
2217,-0.3267437835693359,0.1227976318359375,3.3573299375829273,3.025776190018637,0.31201537168850185,0.4495414154052734,-0.33155374756429046
1644,-0.021189703369140625,0.0887052734375,2.560804167479147,2.013349897798429,0.31178308331898025,0.10989497680664062,-0.5474542696807179
447,0.430619580078125,0.4316167724609375,2.5144827474072904,1.9564996083683222,0.3113461778444289,0.000997192382812484,-0.5579831390389682
1812,0.16272676391601562,0.15310982666015624,2.550854070914517,1.9938493390066223,0.31034675684996893,-0.009616937255859381,-0.5570047319078948
1520,-0.010361492919921875,-0.005679962158203125,2.7926126296282363,2.2358878252067647,0.3099644245883988,0.004681530761718749,-0.5567248044214717
1263,-0.10004749145507813,0.08567926330566407,2.673632471020257,2.1488555800937466,0.3098852126844515,0.18572675476074219,-0.5247768909265105
161,-0.691877197265625,-0.707279736328125,2.4851182747866316,1.928790983660893,0.30973729306087416,-0.015402539062499998,-0.5563272911257386
1244,-0.3250752777099609,-0.14372822265625,2.632131687239076,2.10619672802367,0.3094943357015646,0.18134705505371093,-0.5259349592154061
838,1.2511628723144532,1.349980419921875,4.084771253361799,3.537723747562524,0.3090258813163529,0.09881754760742179,-0.547047505799275
1574,0.3480852569580078,0.3215983989715576,2.5278276394502126,1.9726077078995836,0.30897072603707953,-0.026486857986450174,-0.555219931550629
1537,-0.5793787216186523,-0.72724443359375,2.8210205082470625,2.2853836237494494,0.3087711408122119,-0.14786571197509768,-0.5356368844976132
429,0.4596865478515625,0.601138720703125,2.744977216909925,2.2076747497678504,0.3087026584013886,0.14145217285156253,-0.5373024671420747
1873,0.5744651123046876,0.5784018798828126,2.4611995569705716,1.9056879517996916,0.3086086416184918,0.003936767578125,-0.5555116051708799
1855,0.2727184387207031,0.11318046875,2.4434066093387514,1.911300350315564,0.3085894347540245,-0.15953796997070313,-0.5321062590231875
957,-0.6396780380249023,-0.4426235107421875,2.5926426133898337,2.073361061069939,0.3084838173023736,0.19705452728271483,-0.5192815523198946
2254,-0.3558463073730469,-0.345709130859375,2.490404898834513,1.9351143600894245,0.3084503447674798,0.010137176513671908,-0.5552905387450884
548,-0.7408484039306641,-0.4928427734375,2.8187986521573007,2.321911073306194,0.3084040587728266,0.2480056304931641,-0.4968875788511067
2283,0.39028516845703126,0.424743603515625,2.5696295639166054,2.0154903471777685,0.30825765527461885,0.03445843505859375,-0.5541392167388368
1912,0.06722492980957032,-0.1583318115234375,3.0346288566958446,2.5273392984456144,0.30821853947047906,-0.22555674133300782,-0.5072895582502301
1588,0.6077090362548828,0.58687041015625,2.397809560277729,1.843104722877927,0.3081317049724197,-0.02083862609863285,-0.5547048373998023
325,0.3086245361328125,0.2855890869140625,2.6494834795914595,2.0951211221419235,0.30784825527771675,-0.023035449218750004,-0.554362357449536
286,-0.03517008361816406,-0.09581728515625,2.9715597190726823,2.420096547694265,0.30778971244114284,-0.06064720153808594,-0.5514631713784173
388,-0.5396221618652344,-0.4527310302734375,2.478285159912847,1.9305382594022122,0.30757673576831024,0.0868911315917969,-0.5477469005106348
35,0.36156516723632814,0.3454689453125,3.13322993760588,2.5789043776374556,0.3075359147945285,-0.016096221923828147,-0.5543255599684245
1095,-0.06873292846679688,-0.20261240234375,2.5426008852748034,2.0048803418096273,0.3070670963900542,-0.13387947387695312,-0.5377205434651762
1611,-0.8990647666931152,-0.4057423828125,4.982548616798234,4.730685817627243,0.3068018440439003,0.49332238388061517,-0.25186279917099164
1816,0.6765545837402344,0.8085620483398438,3.3161743557312144,2.778646215790612,0.30636247193802074,0.13200746459960944,-0.5375281399406022
498,0.05535849914550781,0.2701791015625,2.9306614454277997,2.4206001010189198,0.3063104662829935,0.21482060241699222,-0.51006134440888
1447,0.2625430603027344,0.217476611328125,2.4667053557637644,1.915150299987843,0.30624396437516094,-0.045066448974609374,-0.5515550557759215
65,0.27810638427734374,0.272538232421875,2.4738989194375782,1.9206048745511513,0.306165304421869,-0.005568151855468717,-0.553294044886427
1069,-0.07834801940917968,-0.2101159912109375,2.641370565866087,2.104012841127013,0.30611612272950345,-0.1317679718017578,-0.5373577247390742
1783,0.030419805908203125,-0.1341576904296875,2.653377602125797,2.1251793708003803,0.3060791238761469,-0.16457749633789062,-0.5281982313254168
1187,0.3792163787841797,0.246516162109375,2.518065588541334,1.9810909946188076,0.3059510620238022,-0.1327002166748047,-0.5369745939225263
972,0.008721121215820313,-0.051041650390625,2.754517727766081,2.2047248088884097,0.3058438425181138,-0.05976277160644531,-0.5497929188776713
1998,-0.24995681762695313,-0.449536767578125,2.683145580318116,2.1673871739384207,0.30583889017383503,-0.19957994995117187,-0.5157584063796952
1047,-0.2624952941894531,-0.25589302978515627,2.54943958854011,1.9967853265646212,0.3054703231749365,0.006602264404296843,-0.5526542619754888
1365,-0.07212337646484375,0.044234735107421874,2.664501424042895,2.1242615161936693,0.3053983681616037,0.11635811157226562,-0.5402399078492257
43,0.18650106811523437,-0.0853876953125,3.0539179994349497,2.5728613308551456,0.305339018063362,-0.2718887634277344,-0.4810566685798041
2094,0.4195692443847656,0.177660546875,2.716335104101069,2.2196113173321326,0.3052543382729431,-0.24190869750976562,-0.49672378676893647
1100,0.32337420043945314,0.3346390625,2.537307579268847,1.9855129393465598,0.3046042217642096,0.011264862060546832,-0.5517946399222871
630,-0.5117740600585937,-0.4426771606445313,2.343519048826272,1.7960198669114373,0.30452973570605035,0.06909689941406244,-0.5474991819148347
906,1.0592325401306153,0.993990478515625,2.618360308885878,2.0705096296290195,0.3043968933659752,-0.06524206161499024,-0.5478506792568583
904,0.2257503936767578,0.233594140625,3.30875218470293,2.7573287704301896,0.30412930617439426,0.007843746948242192,-0.5514234142727403
169,-0.196689453125,-0.155646728515625,2.471580219505522,1.9216887392758364,0.30406514527255585,0.041042724609375,-0.5498914802296857
1567,0.22860947875976562,0.39668935546875,2.506561585739398,1.9815431903407785,0.3038951604614485,0.1680798767089844,-0.5250183953986194
290,1.0990096252441406,0.9628848388671875,2.5117676211234707,1.9778238277686269,0.30362593192833137,-0.13612478637695313,-0.5339437933548439
30,0.36582994995117185,0.270980859375,2.773346050080745,2.231251036701269,0.3028633535140211,-0.09484909057617186,-0.542095013379476
1125,-0.18858063354492188,-0.1429577392578125,2.6482843798198186,2.1001231113303875,0.3025622247550748,0.04562289428710939,-0.548161268489431
29,0.21589136657714844,0.125719970703125,2.592819478067788,2.050224950244196,0.30253970225797683,-0.09017139587402345,-0.5425945278235922
1613,-0.09031625366210938,-0.187776171875,2.5886448092954444,2.047415705047013,0.30242737894362254,-0.09745991821289063,-0.5412291042484312
851,-0.08568128051757813,-0.068861865234375,2.6431150241792807,2.093469839200944,0.3023927221003387,0.016819415283203132,-0.5496451849783366
662,-0.4415318481445312,-0.3021204345703125,2.6043563564791232,2.0726337555368066,0.3021644665876239,0.1394114135742187,-0.5317226009423166
2083,0.4818084350585938,0.299476611328125,2.5718572219769533,2.0533248730310283,0.30212069084825727,-0.1823318237304688,-0.518532348945925
1376,-0.2558133911132813,-0.118403173828125,2.478249196968793,1.9464887086011164,0.3016507848033839,0.1374102172851563,-0.5317604883676768
686,0.6178051452636719,0.4382046875,3.013192467974625,2.49451802914769,0.30127949792135655,-0.1796004577636719,-0.5186744388269351
2097,0.06682003784179688,0.259282568359375,2.652420664601166,2.1390786671155273,0.3005618320357751,0.19246253051757814,-0.5133419974856386
1937,-0.05132183837890625,-0.1166451904296875,2.7890169276769363,2.2447338139888275,0.300511248169173,-0.06532335205078126,-0.5442831136881088
1136,-0.2335652587890625,-0.2569464599609375,2.587897203803012,2.040310084324481,0.3003983339870348,-0.023381201171875005,-0.5475871194785311
605,-1.0255126037597657,-0.925679296875,2.3850920403917164,1.8461771403499927,0.30039595865052887,0.09983330688476577,-0.5389149000417237
90,0.10438769836425782,0.1563728759765625,2.6363282689865053,2.0907563954003234,0.3003511279397197,0.05198517761230467,-0.5455718735861819
118,-0.06758421630859375,-0.0559570068359375,2.399665359076653,1.851980981974765,0.3000933689216041,0.011627209472656247,-0.547684377101888
1923,-0.652829638671875,-0.5233637451171875,2.9476977336016343,2.4158078495682744,0.29966826633093474,0.12946589355468752,-0.5318898840333599
441,-0.5799897033691406,-0.4891801513671875,2.867731484848737,2.327973797748876,0.29958473551818715,0.09080955200195306,-0.5397576870998613
1984,-0.8099114791870117,-0.694555908203125,2.461918153264875,1.9273268732909832,0.29909474438114236,0.11535557098388671,-0.5345912799738917
240,-0.8288201049804688,-0.520048681640625,4.980572987207728,4.529325507791932,0.29896407955042176,0.30877142333984375,-0.45124747941579546
1423,-0.13228001098632813,-0.469006396484375,3.174683106377192,2.7441560985314117,0.2987381631752197,-0.33672638549804684,-0.43052700784578013
1952,0.06816141967773437,0.1327015869140625,2.442184290975047,1.899630726456961,0.298529803558174,0.06454016723632813,-0.5425535645180859
1605,0.06861070861816407,0.271585791015625,2.6466790993058766,2.1394475953581726,0.29848268267130573,0.20297508239746095,-0.507231503947704
537,0.6397438415527343,0.749323681640625,2.462670821792544,1.9274633238415178,0.2984548072166854,0.10957984008789068,-0.5352074979510262
1770,0.056086669921875,0.14548544921875,2.6703042844312077,2.1313646333244716,0.29844808927482186,0.08939877929687501,-0.5389396511067361
202,0.025651116943359375,0.07539739990234375,2.4386311538375764,1.8946130594091322,0.2984303797337911,0.04974628295898437,-0.5440180944284443
1635,-0.1330790954589844,-0.159276953125,2.65056307170629,2.1053535229305598,0.29793977982252395,-0.026197857666015623,-0.54520954877573
812,-0.18263699340820314,0.191039599609375,3.929529446143581,3.5328109494998086,0.29701976174851946,0.37367659301757816,-0.39671849664377223
2153,-1.1796493408203126,-0.9131849609375,4.367915825448084,3.8925081147025504,0.2970157571826409,0.2664643798828126,-0.4754077107455337
1622,-0.7559138122558594,-0.38714287109375,3.1354844846777805,2.73427517493275,0.2969609172716719,0.3687709411621094,-0.40120930974503066
390,-0.4618025543212891,-0.6466330078125,2.5969153757275336,2.084575639688621,0.29665430166218953,-0.1848304534912109,-0.5123397360389128
1985,0.7238026733398437,0.5921888427734375,2.502151407955527,1.9736436682019123,0.29664263137583735,-0.1316138305664062,-0.5285077397536149
273,-0.6108841003417969,-0.44631904296875,2.457949153795256,1.938776906191104,0.2966214807905409,0.16456505737304683,-0.5191722476041518
678,0.20798837280273438,0.5072354370117188,3.081313753186149,2.626468629343802,0.2964328921208562,0.2992470642089844,-0.4548451238423472
1944,-0.03940133666992188,-0.0298088623046875,2.442237532116176,1.8980427147249388,0.2962400148399297,0.009592474365234378,-0.5441948173912372
1004,-0.23115358276367187,-0.1682796875,2.4454876391654246,1.9051512936268706,0.29591649301558676,0.06287389526367188,-0.5403363455385539
238,0.2897282958984375,0.3138048828125,2.4427542861690483,1.8993790852302992,0.2958362910326564,0.024076586914062503,-0.5433752009387491
639,-0.6561508758544922,-0.90258564453125,2.863038203788382,2.3783765634316705,0.29562700084602567,-0.24643476867675784,-0.48466164035671166
590,0.27317657470703127,0.21312177734375,2.6073565207625946,2.0670176543438066,0.29557266924908565,-0.06005479736328126,-0.540338866418788
1893,-0.3885591796875,-0.406593603515625,2.6342064420597766,2.0912850784639874,0.29508884749152364,-0.018034423828125035,-0.5429213635957892
1461,-0.18959525756835938,-0.2452583984375,2.567474974114422,2.027747095267702,0.2944045684557974,-0.05566314086914062,-0.5397278788467199
783,0.25040068969726564,0.4158565185546875,2.522159190749195,2.005829313377757,0.29397217356930067,0.16545582885742188,-0.516329877371438
151,-0.29545109252929685,-0.17854638671875,2.53329416546131,2.003960120144027,0.2938612417726102,0.11690470581054685,-0.5293340453172832
642,-0.10402376098632812,-0.272029638671875,2.794880050869178,2.2796286068490037,0.29371002550176556,-0.1680058776855469,-0.5152514440201741
327,-0.5267616607666016,-0.36094931640625,2.684113507606426,2.1683371409217975,0.29351899397267234,0.16581234436035158,-0.5157763666846287
12,-0.3013160247802734,-0.27229798583984377,2.7487972306572024,2.207996034167944,0.2933079807081616,0.029018038940429647,-0.5408011964892583
554,-0.4763460296630859,-0.33089793701171877,2.893241531101106,2.3716223638056455,0.29324170334593025,0.14544809265136716,-0.5216191672954604
1489,-0.5431850341796876,-0.5264615844726562,2.455911477419601,1.9147445666739848,0.29314129905605746,0.016723449707031324,-0.5411669107456163
1711,-1.038869110107422,-0.96696787109375,2.2702691388318064,1.7339599472191745,0.29279733717989587,0.07190123901367185,-0.5363091916126319
1209,-0.15888062438964845,-0.35126171875,2.375056476350934,1.8693578246607832,0.29274161178852304,-0.19238109436035156,-0.5056986516901509
2147,0.23533326416015626,0.3617679809570313,2.5870236948920855,2.0612838387112964,0.29238813398850283,0.126434716796875,-0.5257398561807891
1975,-0.142253857421875,-0.126023095703125,2.560611103742506,2.0204523170703834,0.2920349524450704,0.016230761718749986,-0.5401587866721225
1928,0.23458031005859376,0.2756930419921875,2.7074317740365985,2.168812416368835,0.2918010691814778,0.04111273193359377,-0.5386193576677636
553,0.5048551330566406,0.550201171875,2.7041802883202246,2.1660319394242724,0.29165990865595565,0.0453460388183593,-0.5381483488959522
1199,0.3182884704589844,0.32552860107421877,2.610266562007229,2.070466241296196,0.2914368057310596,0.007240130615234375,-0.5398003207110329
1678,-0.35289124755859375,-0.2834822235107422,2.4238968339798044,1.8885876825584222,0.29137350021475544,0.06940902404785154,-0.5353091514213821
23,-0.5540312591552734,-0.65677763671875,2.7131120836720997,2.1834210154392286,0.2911294458680965,-0.1027463775634766,-0.529691068232871
1145,-0.41370736694335936,-0.21299913330078124,2.7150844118848094,2.2146803631366008,0.29068800705552333,0.20070823364257812,-0.5004040487482087
359,-0.0670175994873047,-0.02142763671875,2.508771427134279,1.9718484600534671,0.2903647172841007,0.04558996276855469,-0.5369229670808118
619,0.3109280700683594,0.23775223388671876,2.664599284588743,2.131060526509515,0.2900183093736077,-0.07317583618164061,-0.5335387580792283
2206,0.10008058471679687,0.0675064697265625,2.5546688872399845,2.0172342030559065,0.2898971127314367,-0.03257411499023437,-0.537434684184078
1169,-0.47505391845703127,-0.3279500244140625,2.670723470759961,2.153077164982883,0.28959725352726107,0.14710389404296875,-0.5176463057770779
513,-0.14310916748046876,-0.16260824584960937,2.707269422924645,2.169704390591608,0.28935637804446496,-0.01949907836914061,-0.537565032333037
1680,-0.0016891998291015625,-0.05933984375,2.5559998398828805,2.0212946160143015,0.2892332731768414,-0.05765064392089844,-0.534705223868579
1009,-0.8344614654541016,-0.46397064819335937,3.7242774510603875,3.335523975958246,0.2883927100785241,0.37049081726074223,-0.38875347510214153
2134,-0.5284656875610352,-0.16112032470703125,3.451900675970607,3.060679586351353,0.2879965565732159,0.36734536285400393,-0.3912210896192536
1494,0.34276233825683594,0.15788759765625,3.470355532954736,2.966811259718916,0.2877355048207241,-0.18487474060058595,-0.50354427323582
968,-0.01418079833984375,-0.12881494140625,2.8113939724303165,2.2878084185063776,0.2872828190344072,-0.11463414306640625,-0.5235855539239389
980,-0.40735324096679687,-0.32334398193359376,2.517940363485541,1.9893019346675116,0.28651614402650266,0.08400925903320311,-0.5286384288180295
2163,0.14291755981445312,0.1695899169921875,2.590379362691409,2.055921851496145,0.28635624591045244,0.02667235717773439,-0.5344575111952641
387,0.3264982360839844,0.1949873291015625,3.1006361537935807,2.582185910552806,0.28608577337175767,-0.13151090698242188,-0.5184502432407747
1713,-0.2437385986328125,-0.1544909912109375,2.4888320663143157,1.961586372861884,0.28595315669466465,0.08924760742187499,-0.5272456934524317
2104,0.6174814208984375,0.43203876953125,3.0589617376253524,2.5574060427802565,0.28594709197763923,-0.18544265136718752,-0.5015556948450959
301,0.020983549499511717,0.22854605712890624,2.5792477843590516,2.0865794471896084,0.28580428502270655,0.20756250762939452,-0.49266833716944314
779,-0.20808467712402343,-0.1122721923828125,2.677308089576542,2.151444378223238,0.28571267515055576,0.09581248474121093,-0.525863711353304
1834,-0.09317334594726563,0.1508271728515625,3.5541031007380264,3.0791456524567704,0.2851208308519392,0.24400051879882811,-0.47495744828125597
941,-0.4032974609375,-0.31697734375,2.5111983582924315,1.9843328785449843,0.28503839638077144,0.08632011718750005,-0.5268654797474472
602,-0.1844380401611328,-0.2712548583984375,2.626093703842451,2.099605535538999,0.2847269512923733,-0.0868168182373047,-0.5264881683034521
2290,-0.5611695648193359,-0.133872216796875,3.60023049202629,3.2811984197576263,0.284364486763066,0.4272973480224609,-0.3190320722686639
289,-0.2853226745605469,-0.247680810546875,2.5296526139754536,1.997973013414113,0.28410010757949056,0.037641864013671894,-0.5316796005613407
1108,-1.1526223754882812,-1.04816806640625,3.4475435857739307,2.925244060304473,0.28370749699142506,0.10445430908203113,-0.5222995254694576
27,1.454679669189453,1.3221894287109375,3.030612963847503,2.515558320165108,0.28283494980085333,-0.13249024047851554,-0.5150546436823946
1114,0.927050390625,1.2340197265625,4.923516690448987,4.48947006025627,0.28262665038756296,0.30696933593749987,-0.43404663019271705
525,-0.2126595977783203,0.08446884765625,3.002217551173776,2.5614218096237167,0.282586198855031,0.2971284454345703,-0.4407957415500592
876,0.4942603485107422,0.365260205078125,2.390023667840713,1.8748834535745085,0.2820104773598671,-0.12900014343261718,-0.5151402142662047
950,0.3071299133300781,0.40717391967773436,2.6870680224478525,2.165895816691753,0.2816292712587682,0.10004400634765626,-0.5211722057560997
1658,-0.2098166259765625,-0.0684884521484375,3.318130581285096,2.8072086630975077,0.28101485920207747,0.14132817382812501,-0.5109219181875884
780,0.05310673828125,0.009230078125,2.3928914185897936,1.864654832264517,0.28095905243904856,-0.043876660156250004,-0.5282365863252767
386,0.058004541015625,-0.02435263671875,2.546611496269925,2.023135638790492,0.28080967808819923,-0.08235717773437501,-0.5234758574794331
2164,-0.09796352844238282,-0.26767506103515626,2.4008751164477324,1.899089144309071,0.2805911661301296,-0.16971153259277344,-0.5017859721386615
1116,0.004189225769042969,-0.322834716796875,3.201295898995797,2.7849437535447032,0.2802937680330854,-0.32702394256591794,-0.41635214545109367
1719,0.12696016540527344,0.05972197265625,2.552986119501605,2.0281021726247994,0.2800241322531279,-0.06723819274902344,-0.5248839468768054
276,0.031032611083984377,-0.26679034423828124,2.90695441234425,2.4708492865876166,0.27888619342809734,-0.2978229553222656,-0.4361051257566335
1598,0.06671328430175781,0.01868284912109375,2.6498798742125875,2.124072725016569,0.27878008084928807,-0.04803043518066406,-0.5258071491960186
203,0.28164850463867186,0.1128462158203125,2.4465774327786756,1.9464166203423776,0.27865505100725446,-0.16880228881835935,-0.500160812436298
1810,0.11208816604614258,0.07375576171875,2.6532763291354264,2.1268796835035153,0.2785628017540465,-0.038332404327392586,-0.5263966456319111
2233,-0.5778630432128906,-0.4801901123046875,2.472029521820339,1.9535884527966563,0.27832114348261755,0.09767293090820311,-0.5184410690236827
668,-0.8215234436035156,-0.718502734375,2.5267028401602003,2.0098125770568904,0.2777888106209553,0.10302070922851558,-0.5168902631033099
946,-0.3160600769042969,-0.07473603515625,2.9337499564347853,2.4652128854815842,0.27776427998301806,0.2413240417480469,-0.4685370709532011
732,-0.051557249450683594,-0.16879065933227538,2.6032439855365115,2.0899243593747707,0.2772407109952946,-0.11723340988159178,-0.5133196261617408
1059,-0.3907808063030243,-0.39032481384277345,2.5627646670702866,2.0373754261675563,0.276034062385471,0.0004559924602508536,-0.5253892409027303
177,-0.808911752319336,-0.3756123046875,3.770784672171463,3.4737661854346675,0.27596839278147,0.433299447631836,-0.2970184867367953
49,-0.1961763641357422,-0.2296335693359375,2.742718633251883,2.219090929552233,0.2753053566615764,-0.03345720520019532,-0.52362770369965
504,1.1677384399414064,0.86901474609375,4.221494040315431,3.7901984940413134,0.2752516935018777,-0.2987236938476564,-0.4312955462741175
787,0.8221199966430665,0.7043077758789063,4.36418765754211,3.852946712895579,0.2752470228444603,-0.1178122207641602,-0.5112409446465307
872,0.006363446044921875,-0.038236474609375,2.731138416865765,2.2085726233985,0.2750641614244418,-0.044599920654296875,-0.522565793467265
1289,0.6544882141113281,0.7324501953125,2.419880791162052,1.9014978107514524,0.27479898489218785,0.07796198120117193,-0.5183829804105995
1197,0.44809478759765625,0.137296435546875,3.3659722804526364,2.9442683703957786,0.2744298033947238,-0.3107983520507812,-0.4217039100568578
213,0.9626318420410156,1.0212320068359375,2.604686406148663,2.0848821041462715,0.2736304916941857,0.058600164794921916,-0.5198043020023917
584,0.04642623291015625,-0.01345693359375,3.379719120709937,2.8601116306947314,0.2735779373104364,-0.059883166503906245,-0.5196074900152055
1936,-0.050666998291015626,-0.220753466796875,2.8894168377969054,2.39541515863285,0.2729670657857012,-0.17008646850585937,-0.4940016791640556
506,0.7422716613769531,0.5415513671875,3.0720434749155694,2.5900233365517344,0.2726320502877912,-0.20072029418945314,-0.48202013836383495
1283,-0.45543011474609374,-0.3154791015625,2.4911561889967695,1.9886017208195048,0.2721472795760478,0.13995101318359376,-0.5025544681772647
2011,-0.006649658203125,0.063675830078125,2.80486169598045,2.2892408215562066,0.27081056044401763,0.07032548828125,-0.5156208744242434
2133,-0.12755661010742186,-0.05754319458007812,2.4513743003954764,1.9358560456613008,0.27066094931797496,0.07001341552734375,-0.5155182547341757
1338,-0.3433590423583984,-0.19774483642578125,2.3133949715253803,1.8140863508446234,0.27051259565550656,0.14561420593261717,-0.4993086206807569
1211,0.33927425537109374,0.53498876953125,2.876552635834035,2.395150082568047,0.2700525893439582,0.19571451416015623,-0.4814025532659878
130,0.4697310974121094,0.489844482421875,2.9123648822654915,2.3937883673846367,0.26932615004252447,0.020113385009765616,-0.5185765148808548
409,-0.4964013916015625,-0.43573920669555666,4.184837457006336,3.6694336558548297,0.2693209789189917,0.060662184906005834,-0.5154038011515061
1309,-0.11592662963867187,-0.040954052734375,2.8860322511341634,2.373159306845533,0.2686595442709595,0.07497257690429687,-0.5128729442886306
983,-0.007386712646484375,-0.178865576171875,3.057832971303224,2.569108204460062,0.2682568983618624,-0.17147886352539063,-0.4887247668431618
1275,0.12217302856445313,-0.07707473449707031,3.4885772002984736,3.011206026249737,0.26758290889769004,-0.19924776306152342,-0.4773711740487365
227,0.2040667724609375,0.2110521728515625,2.5588264590247034,2.0423232427850015,0.26682436820457356,0.006985400390625007,-0.5165032162397019
660,1.2496695831298827,1.478087060546875,2.81067939247079,2.3475881531469067,0.2666280399280723,0.22841747741699225,-0.4630912393238833
891,-0.22874949340820314,-0.08900462646484375,2.517703874618725,2.0206498736411542,0.26659130772482814,0.13974486694335939,-0.4970540009775708
2174,-0.1448762725830078,0.05419443359375,2.5687534437823136,2.092674464873953,0.2662803402161405,0.19907070617675782,-0.4760789789083608
58,0.2337647979736328,0.418847265625,2.5851287526690037,2.1042283045205217,0.2655207608613302,0.1850824676513672,-0.480900448148482
291,-0.5357492126464843,-0.1826833740234375,5.2737836516300005,4.898516956118754,0.2654805791625261,0.35306583862304686,-0.3752666955112467
684,0.705396826171875,0.694874853515625,2.2669300511425527,1.7519738771871964,0.26529057300331804,-0.0105219726562501,-0.5149561739553563
433,-0.29290636978149415,-0.3994126220703125,2.955027877722718,2.4516032550184312,0.26477993252156284,-0.10650625228881833,-0.5034246227042867
1642,0.5255037475585937,0.4856224853515625,3.4311057659683533,2.9181961711943973,0.26466676748640966,-0.039881262207031254,-0.5129095947739559
2282,0.730773452758789,0.8821534545898437,2.8096613427236776,2.3180280543445884,0.2646191951968069,0.1513800018310547,-0.49163328837908926
1088,0.4712669128417969,0.3240675537109375,2.7291339109616968,2.23625803704877,0.2645942784139669,-0.1471993591308594,-0.49287587391292664
2142,-0.23840477142333985,-0.039251611328125,2.454087220277663,1.9806456574950508,0.2638088945459525,0.19915316009521486,-0.4734415627826123
1441,-0.1365448974609375,-0.18341669921875,3.1245459345916733,2.61346152246195,0.2634042421220083,-0.0468718017578125,-0.5110844121297231
1217,0.40035235748291015,0.4135476806640625,2.943144984840654,2.430190994753866,0.26329591249981177,0.013195323181152352,-0.5129539900867881
507,0.13562108154296876,0.22140676879882812,3.723890423550285,3.218572369632944,0.26270551975276907,0.08578568725585936,-0.5053180539173412
1872,0.6763935394287109,0.26526552734375,3.6077087321077927,3.302312891393731,0.2622928618463804,-0.41112801208496097,-0.3053958407140618
1404,-0.2858317901611328,-0.13965421142578124,2.713114653522846,2.2223889705511124,0.2621795804530044,0.14617757873535156,-0.4907256829717337
1178,0.6013564254760743,0.4680534423828125,2.393247952029575,1.900243150499541,0.2608234196332305,-0.13330298309326177,-0.4930048015300339
1510,0.4129611267089844,0.483275390625,2.5645993582371234,2.0588180682039696,0.2607588090576523,0.07031426391601564,-0.5057812900331538
83,-0.8747436889648438,-0.9628085693359375,3.002357045703946,2.499890195314322,0.26022835889524354,-0.08806488037109372,-0.5024668503896237
1608,0.06055904541015625,-0.072252001953125,2.8336223171752972,2.341498616355078,0.2598245112107202,-0.13281104736328125,-0.49212370082021906
2297,-0.10373936462402343,-0.3687806640625,3.8295240683159943,3.3941544973142466,0.2597935537622821,-0.26504129943847654,-0.4353695710017478
1964,-0.37591615600585937,0.0245126953125,3.6245125078668625,3.309421904781599,0.2596253531207759,0.40042885131835937,-0.3150906030852636
1484,-0.44534449462890624,-0.37702587890625,2.3888129705502528,1.8839453345327823,0.25955876315212895,0.06831861572265624,-0.5048676360174704
1880,0.7086977172851563,0.494491943359375,3.0192279815771808,2.5573814510890682,0.25918633130705,-0.21420577392578127,-0.4618465304881125
826,-0.2727805847167969,-0.25756061401367186,2.6341814605239855,2.125873545846284,0.25860858363219735,0.01521997070312503,-0.5083079146777014
1479,0.5875786865234375,0.4002033874511719,3.0851142469806825,2.6124097608515555,0.25855903390902296,-0.18737529907226558,-0.47270448612912697
900,0.2795616439819336,0.27345181884765624,2.6505648817565004,2.1423773709432212,0.2582918761097682,-0.00610982513427738,-0.5081875108132792
1621,-0.10635947265625,0.15023570556640625,2.770278661164574,2.3318067988267996,0.25809865954907285,0.25659517822265626,-0.43847186233777435
1971,0.4436525390625,0.41330029296875,2.6252483908861426,2.1187491122262996,0.25746277812587687,-0.030352246093750035,-0.506499278659843
1025,0.099094482421875,0.1399911865234375,2.8171704908000694,2.3114975883752047,0.25737762465315756,0.0408967041015625,-0.5056729024248647
2236,-0.003306556701660156,0.173341796875,2.69657531585822,2.221522244130644,0.25688006177915046,0.17664835357666017,-0.47505307172757627
2043,-0.22746625366210937,-0.06832288818359375,3.2424679129394343,2.76132821179653,0.25682202279171173,0.15914336547851562,-0.4811397011429044
788,-0.090355615234375,0.00545986328125,3.029403808789271,2.5321523735891196,0.25643959573178854,0.09581547851562501,-0.49725143520015136
1135,-0.6670526596069336,-0.385383740234375,3.5677646236958456,3.1469711989857077,0.2564044864197914,0.2816689193725586,-0.4207934247101379
304,0.4657466918945313,0.11163857421875,4.423831766922263,4.062223537831886,0.25615307034976376,-0.35410811767578126,-0.36160822909037726
464,-0.018915545654296876,0.16595400390625,3.227830460755891,2.7575581691133966,0.255332778641403,0.18486954956054688,-0.4702722916424946
2183,-0.10724101257324219,-0.294843408203125,3.299205133781617,2.831386201928723,0.254049211846054,-0.1876023956298828,-0.46781893185289425
2198,0.0255515869140625,0.16623360595703124,2.685862219572976,2.202048380921456,0.2538672609527251,0.14068201904296873,-0.48381383865151983
422,0.8004328979492188,0.9316270385742188,4.125317408755868,3.6391477732910635,0.2535728169823133,0.131194140625,-0.48616963546480463
1163,-0.015977082061767577,0.100499462890625,2.953292737184003,2.4641772715405157,0.2528007242556921,0.11647654495239258,-0.4891154656434873
490,-0.0668318359375,0.050907963562011715,2.7322320714567225,2.2435270430500864,0.2526952651761162,0.11773979949951172,-0.4887050284066361
797,-0.40501173095703125,-0.136787548828125,3.1792809877616,2.754154611609833,0.25267664757865416,0.26822418212890625,-0.42512637615176674
1045,-0.6488940246582031,-0.47727705078125,2.965337453548004,2.4930576434500673,0.2525006047488259,0.17161697387695313,-0.4722798100979366
757,0.4811680847167969,0.17117053833007811,3.276100851713385,2.8812728316786673,0.2519876441703214,-0.3099975463867188,-0.39482802003471784
707,-0.16410115966796876,-0.1391892822265625,2.685603638777966,2.184522412664259,0.2517029968012716,0.02491187744140627,-0.501081226113707
589,-0.6485114013671875,-0.66469228515625,3.3243062578943046,2.8233317950617987,0.25123723341051296,-0.01618088378906246,-0.5009744628325059
1845,-0.01149745330810547,0.2150374755859375,4.041346994352554,3.5943070043262066,0.2511628266917858,0.22653492889404298,-0.4470399900263473
1455,-0.47321739501953125,-0.7399229248046875,3.2160581724678714,2.791782361981384,0.25114180298194666,-0.2667055297851562,-0.42427581048648744
2041,0.39460973510742187,0.39842216796875,2.918559656540804,2.41841462380513,0.2501595884144906,0.003812432861328152,-0.500145032735674
772,-0.11599827880859374,-0.11462559051513672,2.728403770883577,2.2283821183807553,0.2500235372448037,0.0013726882934570195,-0.5000216525028218
1629,-0.7759636520385742,-0.50326962890625,3.313234133069415,2.8952690718556626,0.24905682264750836,0.27269402313232416,-0.41796506121375243
805,-0.358747265625,-0.1596337890625,2.809234158974307,2.3517207394660478,0.24896470557894568,0.19911347656249997,-0.4575134195082593
986,-0.12170277709960937,-0.1707408203125,2.9444596150810485,2.4488102730425685,0.24807299994532747,-0.04903804321289064,-0.49564934203848
2227,-0.008786824035644531,-0.2486849609375,2.9605688143431634,2.5242169820990736,0.2479540375917557,-0.23989813690185546,-0.4363518322440898
91,-0.5791952362060547,-0.6512233642578125,2.4961161959109783,2.0037679657865572,0.24759483093729032,-0.07202812805175773,-0.4923482301244211
348,-0.10677310485839844,0.0202506591796875,2.3368225757798924,1.8557295778517167,0.24758550928592302,0.12702376403808593,-0.4810929979281757
1394,-0.7968210052490234,-0.9705097290039062,2.56618765717543,2.1004411739000988,0.24708755944293823,-0.17368872375488276,-0.4657464832753311
1317,0.10588587036132813,0.12293603515625,2.467601602062561,1.9708549388936352,0.2470479554889961,0.01705016479492187,-0.4967466631689257
515,-0.0496394287109375,-0.1128023193359375,2.4995350712774993,2.006674081330507,0.2469015061636349,-0.063162890625,-0.49286098994699223
1769,0.7182364135742187,0.684642333984375,2.8052495613963213,2.309725686958441,0.24667247232141687,-0.03359407958984373,-0.49552387443788026
1894,-0.3172251800537109,-0.1497157257080078,2.539455900065145,2.0720913410272463,0.24648904833988455,0.1675094543457031,-0.46736455903789853
1020,0.035594631958007814,-0.1724114990234375,2.648457955685847,2.198331811854621,0.24588009588623982,-0.20800613098144533,-0.45012614383122607
280,-0.20285838623046876,-0.18246513671875,3.093445771643735,2.598259724155233,0.2456251062529321,0.020393249511718753,-0.4951860474885019
2039,-0.02667890625,0.32436396484375,3.918067357820663,3.5701742761329656,0.24426069363190617,0.35104287109375004,-0.3478930816876975
31,0.5068781005859375,0.3451615406036377,2.716653903390854,2.2497187168839097,0.24418071417078374,-0.16171655998229983,-0.46693518650694443
2177,0.5822413269042969,0.57702763671875,2.5956376384433293,2.1015894174883107,0.24411082719416968,-0.005213690185546849,-0.49404822095501855
2037,0.7568448822021484,0.4492483642578125,4.689925117685769,4.303520261969865,0.24392433037230882,-0.3075965179443359,-0.3864048557159041
1850,0.6239248077392578,0.35964312744140625,3.62529888850052,3.2083487893253113,0.24369219174327234,-0.2642816802978516,-0.41695009917520887
188,0.179168896484375,0.17415478515625,2.396008127341275,1.9025518542151374,0.24352423479994814,-0.005014111328125015,-0.4934562731261376
1594,0.4709867858886719,0.13646337890625,3.0607885144396914,2.69808723904299,0.2434581249935209,-0.3345234069824219,-0.3627012753967014
1073,-0.6661010803222657,-0.3583278076171875,3.5459784434662103,3.161518115941281,0.24253413083217024,0.30777327270507815,-0.3844603275249292
186,0.5896267700195312,0.29980281982421875,2.660119539250919,2.262019755757135,0.24248135972461254,-0.2898239501953125,-0.39809978349378383
1446,0.3655078857421875,0.19657830810546875,3.0854001359136642,2.6232303016681615,0.24213815788703566,-0.16892957763671876,-0.46216983424550273
1380,-0.5832388061523438,-0.44482679443359374,2.490723823868059,2.0185610228837465,0.242095595621383,0.13841201171875006,-0.4721628009843126
2015,-0.19935664672851564,-0.03243271484375,3.4184036914371614,2.9559773291615348,0.24170173956333896,0.16692393188476562,-0.4624263622756266
1741,-0.012703680419921875,-0.210728173828125,3.1152351853914473,2.665340274796946,0.24161913056840967,-0.19802449340820313,-0.44989491059450115
2180,0.13925198364257813,0.20781502075195313,3.3152936230472627,2.830044109765137,0.24016798019820146,0.068563037109375,-0.48524951328212573
1119,-0.4403275024414062,-0.43360234375,2.9485494059494566,2.4590576651944245,0.23964739202681615,0.006725158691406219,-0.4894917407550321
220,0.2385855010986328,0.11396083984375,2.7163151232540113,2.2432910298104303,0.23928309917101592,-0.12462466125488281,-0.473024093443581
1500,0.2020781265258789,0.04276890869140625,3.183875610842884,2.722586345478229,0.23816721322769455,-0.15930921783447263,-0.461289265364655
1313,0.29099144287109374,-0.0849094970703125,3.755552266675759,3.4443305733951135,0.23816045901730493,-0.3759009399414063,-0.31122169328064553
2158,-0.24324740142822265,-0.095780908203125,2.979468447975769,2.5149259017900003,0.23754614384086498,0.14746649322509764,-0.46454254618576885
229,0.125162890625,0.146765478515625,2.3983509533112013,1.911643465965624,0.2373508500418174,0.021602587890624997,-0.4867074873455772
1556,0.36665597229003905,0.18425166015625,3.4997946952478842,3.048274064200526,0.2371422133464054,-0.18240431213378905,-0.4515206310473583
1842,-0.4587640197753906,-0.36297334442138673,2.5658852836334236,2.0894436944592423,0.23617244137959556,0.09579067535400387,-0.47644158917418133
715,-1.1878882446289063,-0.992789306640625,4.7312433182474045,4.288288768752506,0.23427232852238394,0.19509893798828126,-0.44295454949489876
1398,-0.6209519165039062,-0.477742724609375,2.746041048715463,2.2839617206579383,0.23402617806117834,0.14320919189453124,-0.46207932805752483
1272,-0.8367938568115234,-0.5097107727050781,4.169057191531205,3.813004550230246,0.23375682728597302,0.32708308410644527,-0.3560526413009586
1361,-0.3241742370605469,-0.2594919921875,3.0348359958632436,2.5557514739816964,0.23370577190828742,0.06468224487304686,-0.47908452188154715
87,0.16611355590820312,0.035331787109375,2.8436213909289183,2.379161800643646,0.2328265820581132,-0.13078176879882814,-0.4644595902852724
252,0.3085154983520508,0.090390625,3.199452073737005,2.7691795334893348,0.23271291926603113,-0.21812487335205077,-0.43027254024767014
1832,0.658017227935791,0.827559912109375,3.1440703913689587,2.694468932546612,0.23088619353196596,0.16954268417358398,-0.4496014588223467
66,0.1726969909667969,0.19118502197265624,3.204701988355914,2.7245732813460966,0.23086538258539277,0.018488031005859357,-0.48012870700981747
1392,0.40077985229492186,0.3080853012084961,2.7566152897449383,2.2856362621855633,0.23041352420188854,-0.09269455108642577,-0.47097902755937504
2220,0.6813958969116211,0.4349377197265625,3.065558335010868,2.656005116817054,0.22847547163429152,-0.24645817718505858,-0.40955321819381396
1022,0.021893463134765624,-0.13269578857421874,2.9269817875249795,2.475582909334796,0.22765878397529976,-0.15458925170898435,-0.45139887819018343
726,0.7701139221191406,0.5749449462890625,2.8895839141583837,2.45560295423433,0.22643040270316467,-0.1951689758300782,-0.4339809599240536
1139,0.07698660278320313,-0.21158758697509766,3.1223054838781037,2.744297937335399,0.22616476823789483,-0.2885741897583008,-0.37800754654270463
792,-0.10648635559082031,-0.1757887451171875,2.9582105126599365,2.4881164317887454,0.22579126606419428,-0.06930238952636719,-0.4700940808711911
1572,0.4442546936035156,0.46866298828125,2.864827348828586,2.3911767508850517,0.22494065378134276,0.02440829467773442,-0.47365059794353437
302,-1.0648225006103516,-0.72362509765625,4.410394523176213,4.081684392745014,0.22446601763071894,0.3411974029541015,-0.32871013043119834
2000,-0.3836388366699219,-0.3032800537109375,2.971767823055794,2.5048878520634212,0.224434441312488,0.08035878295898435,-0.4668799709923728
167,0.386630712890625,0.14067009887695311,3.3738969198727133,2.9691504872524495,0.2243162983648123,-0.2459606140136719,-0.4047464326202639
625,0.09501705932617187,0.184731298828125,2.6315148143058207,2.1666195454411787,0.22417625578214154,0.08971423950195313,-0.46489526886464194
1191,0.1553001663208008,0.3259380126953125,2.86212091795157,2.4213975343207994,0.22335437549428672,0.17063784637451168,-0.44072338363077046
1982,-0.15113854064941407,-0.221686669921875,2.8762948362934004,2.409138534280775,0.223212049053955,-0.07054812927246093,-0.46715630201262526
129,-0.6169542175292969,-0.73501572265625,3.408646650649273,2.95244012707862,0.2220629111412627,-0.11806150512695313,-0.4562065235706534
1279,-0.02346993408203125,0.230936328125,3.475736713864052,3.0794613435060043,0.22175671540256045,0.2544062622070313,-0.3962753703580475
1602,-0.10715153350830078,-0.032978955078125,3.0304722406854734,2.5670472344548467,0.22026430779083694,0.07417257843017579,-0.46342500623062666
814,-0.04699488525390625,-0.090587744140625,3.6208817508554856,3.1540144338184626,0.21986542906326553,-0.043592858886718745,-0.466867317037023
1582,-0.1531875,0.0175999755859375,2.961205706930244,2.524754727152223,0.21965781956621186,0.17078747558593751,-0.43645097977802116
1158,-0.1298891815185547,0.1377630126953125,3.1803683824467988,2.795736582918183,0.2195793182761191,0.2676521942138672,-0.3846317995286159
1250,-2.97822255859375,-2.6320318359375,6.889766265558295,6.577645126703066,0.2172676217735417,0.34619072265624995,-0.31212113885522896
2053,0.0474148681640625,-0.1591113525390625,3.667766689748163,3.249986914718913,0.21719302026140663,-0.20652622070312499,-0.41777977502925
1207,-0.09397008056640625,-0.320593798828125,3.36251139116613,2.9558058536568064,0.21676770391951486,-0.22662371826171873,-0.4067055375093238
808,0.026916653442382813,0.31738017578125,4.299450153564529,3.936740303647365,0.2159274930364335,0.2904635223388672,-0.3627098499171644
1252,0.8215006103515625,0.47282138671875,3.4292372547626497,3.122113106309511,0.2159024435562464,-0.3486792236328125,-0.3071241484531386
865,0.2535000335693359,-0.07138798828125,4.580449742410749,4.249258639001709,0.2152397737192842,-0.3248880218505859,-0.33119110340904
1856,0.36426454620361326,0.097809619140625,3.571909609162312,3.1925229749450756,0.21493244637882541,-0.26645492706298823,-0.3793866342172363
2200,0.20395297241210938,0.15235361328125,3.273705537405404,2.81328922115265,0.21464567813447114,-0.05159935913085939,-0.4604163162527537
1292,-0.21865628051757813,-0.249286669921875,3.106271469728271,2.6446648942485953,0.21401885128113235,-0.03063038940429688,-0.46160657547967565
352,0.07232956237792969,0.2353125,5.490950658576139,5.059053301851431,0.21309876470170913,0.16298293762207033,-0.43189735672470775
330,0.6059319519042968,0.609055078125,2.504367707144788,2.043416554976953,0.2124857186022449,0.0031231262207032096,-0.4609511521678349
173,-0.12682254638671875,0.073723193359375,3.077512114549124,2.6636351283502577,0.21151275343536452,0.20054573974609374,-0.41387698619886626
1005,-0.6134564483642578,-0.3498783203125,4.21455220153445,3.838901768830299,0.2105866771780847,0.26357812805175784,-0.375650432704151
1148,0.5818415344238281,0.24259140625,6.555489017958345,6.24737503593364,0.2100248753850789,-0.33925012817382816,-0.30811398202470475
1366,0.32380208892822265,0.0086797607421875,3.4384472940356177,3.10689603783229,0.20922831721139182,-0.31512232818603514,-0.3315512562033276
1375,0.32214959716796876,0.558103515625,4.555842835548889,4.164207357334961,0.20905259943107943,0.2359539184570313,-0.39163547821392797
522,-0.30389169464111326,-0.0279801513671875,3.01181418169004,2.6474869822903986,0.20886148793418557,0.27591154327392575,-0.36432719939964153
1904,0.7594455299377442,0.75420908203125,3.2077602857415655,2.751927327421721,0.20781110627729843,-0.005236447906494135,-0.4558329583198444
2035,-0.5916311126708984,-0.31689228515625,3.419454021443403,3.0559385587676524,0.20762491494848878,0.2747388275146484,-0.36351546267575063
1327,0.12772701416015625,0.2647267578125,3.6151416332003903,3.184619447704107,0.20411828196530388,0.13699974365234374,-0.43052218549628307
1559,-0.07448101196289063,-0.13159248046875,3.0860673210870004,2.639130942767594,0.20301384610016338,-0.05711146850585937,-0.44693637831940647
1677,-0.07041956787109376,0.240502294921875,4.513610607732257,4.188325769616634,0.20248263067055677,0.31092186279296874,-0.32528483811562303
2136,0.6785599822998047,0.369191845703125,4.043861417775526,3.7193513145838804,0.20101545101475432,-0.3093681365966797,-0.3245101031916455
1743,-0.10430179748535157,-0.10218876953125,2.7074168499016094,2.2592756203464424,0.2008350265143517,0.002113027954101565,-0.448141229555167
311,-0.36853310546875,-0.0541605712890625,3.6163000908319636,3.2974918878904242,0.2004687605093725,0.3143725341796875,-0.31880820294153933
1464,-0.4568203125,-0.6447911437988281,3.8360891096581446,3.4299705289565106,0.20026533501028218,-0.18797083129882808,-0.4061185807016341
818,-0.35034443359375,-0.2238494384765625,2.9544677306605216,2.5280611756464477,0.1978235339486677,0.1264949951171875,-0.4264065550140739
650,-0.8919427612304688,-0.5614002746582031,4.448952202614236,4.152214714396402,0.19731147234320534,0.3305424865722657,-0.2967374882178335
1724,-0.42043845825195314,-0.34547197265625,3.6460278701987185,3.2105402184997165,0.1952694687448821,0.07496648559570313,-0.43548765169900205
1007,-0.3899359176635742,-0.159803271484375,3.733428075665076,3.3564866133533036,0.19504590084717782,0.2301326461791992,-0.3769414623117724
404,0.5317821761608124,0.32314375,2.9873290202412215,2.5993343158370332,0.1940698835165542,-0.20863842616081235,-0.38799470440418826
1286,0.02744873046875,-0.16537841796875,3.4097108573544093,3.0141425110039193,0.19365662580899887,-0.19282714843749998,-0.39556834635049
2300,-0.4942563934326172,-0.30470791015625,3.2097318996030753,2.8136163486381998,0.19283615722857814,0.1895484832763672,-0.3961155509648755
925,0.3386902008056641,0.10258271484375,3.352616552774504,2.982939120976999,0.1924081485076545,-0.23610748596191408,-0.3696774317975051
1228,-0.839180404663086,-0.4865912109375,5.238451691889162,4.9785301702645475,0.19187833693571393,0.35258919372558595,-0.2599215216246149
681,0.8230189575195312,0.51564423828125,4.743560493456854,4.432510821055668,0.19123111672769738,-0.3073747192382813,-0.311049672401186
523,-0.4202147277832031,-0.5167140213012695,3.474247681801822,3.047756167181919,0.19120712569226495,-0.09649929351806641,-0.4264915146199031
1021,0.21290410919189454,0.11958287353515624,3.0481247695159697,2.620944260485826,0.19119204031975318,-0.09332123565673829,-0.4271805090301437
1948,0.140371240234375,0.26964365234375,3.0072628547411804,2.590627484577305,0.19029638820416556,0.12927241210937498,-0.4166353701638754
1097,-0.15246476440429688,-0.2262098388671875,2.829690662926711,2.399799387450188,0.19024484473836903,-0.07374507446289064,-0.42989127547652295
360,-0.06304790649414062,0.1999531005859375,3.5737229907087498,3.2258130212286567,0.1902108765887746,0.2630010070800781,-0.3479099694800931
2052,-0.29054619140625,-0.263324560546875,5.559729945185307,5.1248951846651245,0.1898222861432884,0.027221630859375012,-0.43483476052018233
1276,0.22850248413085938,0.36878905639648435,3.6386536180652658,3.2262992963128725,0.1897164090259147,0.14028657226562496,-0.4123543217523933
613,0.3046338562011719,0.5475411087036133,4.839913152972085,4.479034549418686,0.18923729982093604,0.24290725250244138,-0.36087860355339885
347,-0.2881014404296875,-0.42085252685546876,3.9761360814933573,3.5621820743418655,0.18898077098400254,-0.13275108642578126,-0.4139540071514918
1033,-0.4797625991821289,-0.18947927856445312,3.831631211599184,3.5090928742192165,0.18829538530865822,0.29028332061767576,-0.32253833737996773
1538,0.5974639465332031,0.437670556640625,4.034672772052769,3.632429817194779,0.1873333221862483,-0.15979338989257813,-0.4022429548579898
367,-0.1373299560546875,-0.2741302734375,4.209618083533692,3.799991554044016,0.18650822049779459,-0.1368003173828125,-0.40962652948967593
915,-0.07764813842773438,-0.333258056640625,3.27145301478092,2.925353591916527,0.18512124079586656,-0.25560991821289064,-0.346099422864393
1412,0.664237841796875,0.4054225341796875,3.6253716818837023,3.282095854209384,0.18482365732246758,-0.25881530761718746,-0.3432758276743182
2262,0.05932680969238281,0.285453564453125,3.5526584391329568,3.1911739228321947,0.18180436474382075,0.22612675476074218,-0.36148451630076206
978,1.833016458129883,1.531306640625,6.408932738543761,6.108526474089971,0.18127273770191027,-0.3017098175048829,-0.30040626445379015
1560,0.5684495910644531,0.3710416015625,3.1721331988581953,2.796361450843971,0.18017432092486885,-0.19740798950195315,-0.3757717480142242
2085,-0.2963917999267578,-0.2003574157714844,3.194974499262608,2.7837669828135225,0.17831422452430745,0.0960343841552734,-0.4112075164490854
2204,-0.29369786224365235,-0.416608642578125,3.551805634210937,3.148154863961855,0.1780410042451063,-0.12291078033447267,-0.40365077024908214
961,-0.6879106628417969,-0.44851474609375,3.889613063776818,3.5421876746115957,0.17801480599224384,0.2393959167480469,-0.34742538916522214
1246,0.039558331298828124,-0.1822998046875,3.660797377207341,3.3020116971430413,0.17794819672253007,-0.22185813598632814,-0.3587856800642997
503,-0.041647479248046876,-0.0395197265625,2.6336944325648126,2.2130982202729252,0.17690570112577322,0.002127752685546873,-0.4205962122918874
345,-0.2627889251708984,-0.3038671630859375,2.6957776033401553,2.2780210302398856,0.17620797599868554,-0.04107823791503906,-0.4177565731002697
1409,-0.5267219665527344,-0.2810390625,3.7120551521051706,3.372302007744291,0.17579228844688982,0.2456829040527344,-0.33975314436087967
95,0.7838086517333984,0.487543310546875,3.814266033246177,3.5176820621594023,0.17573520429396788,-0.2962653411865234,-0.2965839710867746
1515,-0.15496232299804688,-0.0303994140625,5.3904242796202775,4.991753315200948,0.1744544561535235,0.12456290893554688,-0.39867096441932937
363,0.11213275146484375,0.141553076171875,3.10118387323066,2.6851874459020015,0.173918583056075,0.029420324707031237,-0.4159964273286585
1704,4.801824780273438,4.45244375,10.004149824930572,9.777361200906311,0.17350018430174657,-0.34938103027343814,-0.2267886240242607
1694,0.08962666320800781,0.23884111328125,3.756130362226452,3.368211160787252,0.1727462589558868,0.1492144500732422,-0.3879192014392001
1744,0.20446175384521484,0.45368121337890627,3.4936636670959538,3.162360729832073,0.17187197524994013,0.24921945953369143,-0.3313029372638807
1335,-0.108618359375,-0.0924654296875,3.3874460681441785,2.9734853249617617,0.1716244140336282,0.016152929687499998,-0.4139607431824168
1128,0.22825690612792968,-0.005080126953125,4.035723395034253,3.694655209822735,0.1707736779705476,-0.2333370330810547,-0.34106818521151805
969,-0.41574946517944333,-0.48082117919921874,3.2955752758214807,2.8898162811080677,0.16887468975631098,-0.0650717140197754,-0.40575899471341303
466,-0.11561342163085937,0.0177986328125,3.4192311593164115,3.032074626878993,0.16768895687976387,0.13341205444335938,-0.38715653243741865
93,0.11283177795410156,0.325901318359375,3.019419295648045,2.672067382613397,0.16605198053734388,0.21306954040527348,-0.34735191303464763
497,-0.16211859436035156,-0.0481091796875,4.5554704820830745,4.16451494728726,0.1658443768215277,0.11400941467285156,-0.3909555347958147
1575,-0.40395806732177736,-0.3005974853515625,3.5671230906891482,3.173799803378384,0.16538661824616743,0.10336058197021486,-0.39332328731076416
645,-0.33360482177734374,-0.5518241455078124,5.115177578139846,4.772635491395027,0.16495475444087837,-0.2182193237304687,-0.34254208674481923
643,0.7552112152099609,0.619975146484375,3.469346136994565,3.0866859848835366,0.16471758629798666,-0.1352360687255859,-0.3826601521110282
1456,-0.15338208618164062,-0.4496644287109375,3.7441684360728043,3.467372251477665,0.164399354301074,-0.29628234252929686,-0.2767961845951392
651,-0.3528339294433594,-0.152462255859375,3.5149599915769274,3.1628421472048696,0.16413578390007155,0.2003716735839844,-0.35211784437205784
18,1.4729049133300782,1.1432654296875,5.112679705651379,4.8812312774754,0.16223056408127712,-0.3296394836425782,-0.23144842817597944
496,0.2797291046142578,0.416614404296875,3.4414357787084646,3.064500293523343,0.1608179452609428,0.1368852996826172,-0.37693548518512143
1919,-0.07656243286132812,0.018823046875,3.5450468295391646,3.1557896726574928,0.16061952392813195,0.09538547973632812,-0.38925715688167184
171,0.008926736450195313,0.125373388671875,3.1927293244567663,2.8101210798633565,0.15994889164448733,0.11644665222167969,-0.3826082445934098
2274,-0.1464810546875,-0.12852467956542968,3.1765339586566266,2.7783017007563293,0.15891136263989336,0.017956375122070323,-0.39823225790029726
2252,0.13848554077148437,0.000376953125,3.8048878886130932,3.4326207482706104,0.1576568057604765,-0.13810858764648437,-0.37226714034248287
53,-0.06769311828613281,0.007918359375,5.015644910427725,4.626539107485401,0.15712042143749066,0.07561147766113281,-0.389105802942324
1682,-0.13465802307128907,-0.2537130676269531,3.0587696952717223,2.6814515952925957,0.1565430522060093,-0.11905504455566404,-0.3773180999791266
1953,0.02214685516357422,-0.0790223876953125,3.063075221421425,2.681248024104244,0.15602722431173402,-0.10116924285888672,-0.3818271973171812
44,0.00787589111328125,-0.020447305297851562,3.178891564325729,2.7856378216172795,0.155450709609147,-0.02832319641113281,-0.3932537427084495
2186,-0.10462432250976562,-0.029671395874023437,3.9517749481626017,3.5663031381147388,0.15420645755283865,0.07495292663574218,-0.3854718100478629
869,1.520128369140625,1.2748234375,6.7408668064728,6.437340624676835,0.15230265252284875,-0.24530493164062506,-0.3035261817959647
1346,-0.6206195434570313,-0.4620138427734375,3.2672314419669366,2.9116996207049173,0.1515586442192222,0.1586057006835938,-0.3555318212620193
159,-0.1773021759033203,-0.1081935546875,3.415631965011555,3.0330577196564805,0.15113905473535644,0.06910862121582032,-0.38257424535507445
486,-0.19317943382263184,-0.31879334716796875,3.479262477503407,3.111809118716275,0.15080082610987444,-0.12561391334533692,-0.3674533587871318
1131,0.7608302429199219,0.5798575347900391,3.5802861025771824,3.239639357244025,0.14879132619393673,-0.18097270812988275,-0.3406467453331574
873,0.19964105072021485,0.2619946044921875,3.3121606420074436,2.9318247536587254,0.14854335363400295,0.06235355377197263,-0.38033588834871823
158,-0.742147299194336,-0.563590625,3.2014374633124434,2.8617038353209243,0.14730142388762213,0.17855667419433596,-0.33973362799151907
499,0.7214980407714844,0.559717236328125,3.4715923276331915,3.1240228617989154,0.14697756226666447,-0.1617808044433594,-0.34756946583427606
392,-0.19449351348876953,-0.08630819702148437,3.235006280587748,2.87182937791193,0.14360152533632708,0.10818531646728516,-0.3631769026758178
1726,-0.5517934204101562,-0.4071265869140625,3.815799974865788,3.46608459765516,0.1432293377713582,0.14466683349609372,-0.34971537721062784
117,0.29325775756835937,0.309155712890625,4.405978408538836,4.028916418464161,0.14242848934250307,0.015897955322265622,-0.377061990074675
989,-0.9930602111816407,-0.723166015625,8.998463061639315,8.74058293899034,0.1393450344526168,0.2698941955566406,-0.25788012264897553
1670,0.2852139724731445,0.3819013671875,6.526189357180045,6.166599232017949,0.13865351041074184,0.0966873947143555,-0.35959012516209654
956,-0.01392247314453125,-0.20213415985107422,3.6302829511618513,3.310850260420563,0.1374608829271413,-0.18821168670654298,-0.3194326907412881
397,0.2220934097290039,0.172122509765625,3.2194302837272497,2.853522962763738,0.13638525837784443,-0.04997089996337892,-0.36590732096351175
1094,0.22788133697509766,0.184977783203125,3.7493281577783284,3.3827159329666587,0.13624523830762678,-0.04290355377197266,-0.36661222481166966
890,-0.1004034423828125,0.049055029296875,3.308737466061259,2.9720635270712585,0.13568717595187063,0.1494584716796875,-0.33667393899000064
1722,1.9967084106445312,1.6836650390625,6.102378070696021,5.909734971924186,0.13510751599586077,-0.3130433715820311,-0.1926430987718355
1215,-0.1730857482910156,-0.100021728515625,3.481468891835861,3.1220668848393425,0.13450815361886434,0.0730640197753906,-0.3594020069965187
282,0.22864367904663085,0.1012818359375,3.494861176600322,3.1525493962596753,0.1333983940401381,-0.12736184310913085,-0.3423117803406468
33,0.17445919494628906,0.1091730712890625,3.438260578966458,3.079991788973228,0.13261880382539995,-0.06528612365722655,-0.3582687899932302
1788,-0.5852736022949219,-0.56040947265625,3.7436013821203944,3.3814733992306154,0.13175490093450873,0.024864129638671906,-0.362127982889779
181,-0.31467739562988284,-0.19111857299804688,3.585088431541753,3.2443917649546674,0.13134100127371715,0.12355882263183596,-0.3406966665870854
1253,0.47299360427856446,0.29019931640625,3.404547360542894,3.0953495315456667,0.12901704913534529,-0.18279428787231444,-0.3091978289972275
947,-0.21268367919921874,-0.17015751953125,3.5289138385505656,3.173217907503894,0.12832806961926413,0.042526159667968744,-0.35569593104667163
1592,0.263655322265625,0.357331640625,1.8243408854439462,1.4795319627305514,0.12766844580413886,0.09367631835937501,-0.3448089227133948
1265,0.09555304870605469,0.10200927734375,3.2856968230092933,2.9289597536849015,0.12730301951837816,0.006456228637695308,-0.35673706932439186
907,-0.5822710571289063,-0.4719850250244141,3.3823580710921073,3.0434618385541663,0.12701366530576325,0.11028603210449217,-0.338896232537941
1038,0.7070148788452149,0.745713671875,3.9005952381558555,3.5473784900153795,0.1262596677488946,0.03869879302978518,-0.353216748140476
1819,-0.08139264526367188,-0.2135708984375,3.650920723684738,3.3226307684131906,0.12524538534427926,-0.13217825317382811,-0.3282899552715475
2103,0.0975834228515625,-0.0058084228515625,3.9083649324507026,3.5718944007520586,0.12390229245946703,-0.103391845703125,-0.33647053169864405
854,-1.111919384765625,-0.88109404296875,4.0896452251402255,3.8241682101696304,0.12375838389334176,0.23082534179687497,-0.26547701497059517
1648,0.5640384761810303,0.4843462646484375,3.519394935407495,3.177354149809576,0.12334274759139716,-0.07969221153259282,-0.34204078559791906
1972,-0.11437617034912109,0.06857252197265624,3.895332671298681,3.6009251038796664,0.12014603977582994,0.18294869232177735,-0.2944075674190145
916,0.10253895874023437,0.16872294921875,4.11239951989281,3.772265656228947,0.12007136580656722,0.06618399047851563,-0.34013386366386245
183,0.7209357696533203,0.5530994140625,3.8761702013135038,3.5732943943091504,0.11990279672654658,-0.16783635559082033,-0.30287580700435335
1552,-0.23007106170654296,-0.0361935302734375,4.005619261464285,3.725303039266357,0.11616568162191297,0.19387753143310546,-0.28031622219792807
2105,-0.5538295318603516,-0.48047314453125,3.95056646272127,3.618776871942786,0.11546549211093106,0.07335638732910155,-0.331789590778484
997,-0.22035621032714844,-0.080802001953125,3.742381266585696,3.4339341009365696,0.11461503107188006,0.13955420837402344,-0.30844716564912655
2005,-0.02082335968017578,-0.16230283203125,3.9173784951927386,3.6104004747895013,0.11425194610742875,-0.14147947235107422,-0.3069780204032373
1018,0.25103316955566407,0.1669572265625,3.761305173006532,3.4352084194999057,0.11340785683775106,-0.08407594299316407,-0.32609675350662615
1082,0.06457781982421874,0.084037109375,4.00321200973382,3.667422434768511,0.11313330260520418,0.01945928955078126,-0.33578957496530926
354,-0.04962984619140625,0.057682568359375,3.842372802753165,3.5270964319956506,0.11091514427474838,0.10731241455078125,-0.31527637075751436
1127,0.12179399871826171,0.2259912109375,3.3695419613859583,3.0550561074030687,0.10975841138960837,0.10419721221923828,-0.31448585398288964
1255,0.2937660217285156,0.16203408203125,4.438049837842495,4.134389795192471,0.10956272543861882,-0.13173193969726563,-0.30366004265002466
1657,-0.6799493957519531,-0.61977685546875,4.464572086372251,4.142101949993058,0.10760772346054923,0.06017254028320307,-0.3224701363791933
1612,-0.3781293685913086,-0.41703458251953124,3.5826645755684554,3.2589852327493625,0.10628193263860067,-0.03890521392822266,-0.32367934281909294
539,0.6030463073730469,0.5965301025390625,4.73091987944375,4.405077268179056,0.10621586824123275,-0.006516204833984407,-0.3258426112646937
1293,-0.36025845642089843,-0.2695854125976562,4.284203117344266,3.971295492912552,0.10613278230366986,0.0906730438232422,-0.3129076244317135
81,0.22547000122070313,0.140834716796875,3.9722074460102363,3.6584410218410603,0.10561250030541355,-0.08463528442382812,-0.313766424169176
334,109.32043125,109.040075,32.69891384714137,32.53682807979868,0.10487142288912889,-0.280356249999997,-0.1620857673426883
1794,0.46592018127441404,0.27719365234375,4.42987060259816,4.1773447204185,0.09938702389283247,-0.18872652893066405,-0.2525258821796603
7,-0.5648646499633789,-0.6141037109375,3.6286880853173313,3.317309392923808,0.09938117520231364,-0.04923906097412112,-0.31137869239352334
948,-5.765193725585937,-6.07933759765625,13.98957680968648,14.015312679910789,0.09934870737553135,-0.31414387207031247,0.025735870224309565
1126,0.31727577514648436,0.377406298828125,4.716068254103358,4.410515964164408,0.09697788176516438,0.060130523681640624,-0.3055522899389498
1576,-0.2858301696777344,-0.3447861328125,3.828337183575538,3.5274565096659236,0.09400498552145167,-0.05895596313476559,-0.3008806739096146
2255,-1.2886256774902343,-1.2781124267578126,6.091382740975095,5.788338888866813,0.09194610474158926,0.010513250732421708,-0.30304385210828233
533,0.7477373779296875,0.63743779296875,4.758446238672897,4.483005586367539,0.08803355138495611,-0.1102995849609375,-0.27544065230535786
2247,-0.12396004028320312,-0.061240234375,4.320092860998049,4.03516080508717,0.08512005053876294,0.06271980590820311,-0.284932055910879
1697,0.519609033203125,0.4458314453125,3.984517192913721,3.7104492433746836,0.08055637343949115,-0.073777587890625,-0.27406794953903724
574,-0.5562373229980468,-0.390224853515625,4.2096154982087235,3.9862273338937864,0.07746241197964938,0.16601246948242182,-0.22338816431493713
1450,-2.6553959716796873,-2.38667568359375,12.45745208518844,12.474115019464618,0.07248824660768144,0.2687202880859374,0.016662934276178376
1671,-0.030796563720703125,-0.15408466796875,4.69678851694678,4.46657728760083,0.06819716676605084,-0.12328810424804688,-0.23021122934594995
1905,0.14862021865844727,0.103076220703125,4.6374902936438325,4.401528929582162,0.05775202107959848,-0.04554399795532227,-0.23596136406167023
444,-1.3578119659423828,-1.3918287109375,9.137662280302944,9.005632114787346,0.018589103546139032,-0.0340167449951172,-0.13203016551559799
